[10-03 02:53:19] CHAIN_START
[10-03 02:53:21] START .venv/bin/python evaluation/mirror_guard_ab.py --guard threat_first --games 2000 --output results_mirror_threat_first
/Users/phillipmantatsky/Desktop/pokemon showdown bot/vgc-bench/.venv/lib/python3.13/site-packages/torch/nn/functional.py:2452: UserWarning: The operator 'aten::embedding_renorm_' is not currently supported on the MPS backend and will fall back to run on the CPU. This may have performance implications. (Triggered internally at /Users/runner/work/pytorch/pytorch/aten/src/ATen/mps/MPSFallback.mm:34.)
  torch.embedding_renorm_(weight.detach(), input, max_norm, norm_type)
[guards @ 50 decisions] zero_damage:demoted=208  priority_block:demoted=56  guards_ran=50  threat_obs_computed=42  threat_obs_nonzero=42  learned_preview=16
[guards @ 100 decisions] zero_damage:demoted=208  guards_ran=100  threat_obs_computed=92  threat_obs_nonzero=92  priority_block:demoted=56  dominated_spread=18
[guards @ 150 decisions] zero_damage:demoted=234  guards_ran=150  threat_obs_computed=139  threat_obs_nonzero=139  priority_block:demoted=63  dominated_spread=25
[guards @ 200 decisions] zero_damage:demoted=312  guards_ran=200  threat_obs_computed=185  threat_obs_nonzero=185  priority_block:demoted=84  dominated_spread=33
[guards @ 250 decisions] zero_damage:demoted=390  guards_ran=250  threat_obs_computed=229  threat_obs_nonzero=229  priority_block:demoted=105  dominated_spread=46
[guards @ 300 decisions] zero_damage:demoted=468  guards_ran=300  threat_obs_computed=274  threat_obs_nonzero=274  priority_block:demoted=126  dominated_spread=56
[guards @ 350 decisions] zero_damage:demoted=546  guards_ran=350  threat_obs_computed=321  threat_obs_nonzero=321  priority_block:demoted=147  dominated_spread=62
[guards @ 400 decisions] zero_damage:demoted=598  guards_ran=400  threat_obs_computed=369  threat_obs_nonzero=369  priority_block:demoted=161  dominated_spread=68
[guards @ 450 decisions] zero_damage:demoted=650  guards_ran=450  threat_obs_computed=417  threat_obs_nonzero=417  priority_block:demoted=175  dominated_spread=71
[guards @ 500 decisions] zero_damage:demoted=742  guards_ran=500  threat_obs_computed=463  threat_obs_nonzero=463  priority_block:demoted=203  dominated_spread=80
[guards @ 550 decisions] zero_damage:demoted=806  guards_ran=550  threat_obs_computed=507  threat_obs_nonzero=507  priority_block:demoted=217  dominated_spread=91
[guards @ 600 decisions] zero_damage:demoted=884  guards_ran=600  threat_obs_computed=554  threat_obs_nonzero=554  priority_block:demoted=238  dominated_spread=98
[guards @ 650 decisions] zero_damage:demoted=936  guards_ran=650  threat_obs_computed=600  threat_obs_nonzero=600  priority_block:demoted=252  dominated_spread=105
[guards @ 700 decisions] zero_damage:demoted=1014  guards_ran=700  threat_obs_computed=647  threat_obs_nonzero=647  priority_block:demoted=273  dominated_spread=112
[guards @ 750 decisions] zero_damage:demoted=1066  guards_ran=750  threat_obs_computed=691  threat_obs_nonzero=691  priority_block:demoted=287  dominated_spread=121
[guards @ 800 decisions] zero_damage:demoted=1118  guards_ran=800  threat_obs_computed=738  threat_obs_nonzero=738  priority_block:demoted=301  dominated_spread=125
[guards @ 850 decisions] zero_damage:demoted=1196  guards_ran=850  threat_obs_computed=785  threat_obs_nonzero=785  priority_block:demoted=322  dominated_spread=130
[guards @ 900 decisions] zero_damage:demoted=1274  guards_ran=900  threat_obs_computed=830  threat_obs_nonzero=830  priority_block:demoted=343  dominated_spread=139
[guards @ 950 decisions] zero_damage:demoted=1326  guards_ran=950  threat_obs_computed=877  threat_obs_nonzero=877  priority_block:demoted=357  dominated_spread=147
[guards @ 1000 decisions] zero_damage:demoted=1378  guards_ran=1000  threat_obs_computed=923  threat_obs_nonzero=923  priority_block:demoted=371  dominated_spread=152
[guards @ 1050 decisions] zero_damage:demoted=1430  guards_ran=1050  threat_obs_computed=970  threat_obs_nonzero=970  priority_block:demoted=385  dominated_spread=155
[guards @ 1100 decisions] zero_damage:demoted=1508  guards_ran=1100  threat_obs_computed=1017  threat_obs_nonzero=1017  priority_block:demoted=406  dominated_spread=161
[guards @ 1150 decisions] zero_damage:demoted=1560  guards_ran=1150  threat_obs_computed=1063  threat_obs_nonzero=1063  priority_block:demoted=420  dominated_spread=167
[guards @ 1200 decisions] zero_damage:demoted=1638  guards_ran=1200  threat_obs_computed=1109  threat_obs_nonzero=1109  priority_block:demoted=441  dominated_spread=173
[guards @ 1250 decisions] zero_damage:demoted=1704  guards_ran=1250  threat_obs_computed=1156  threat_obs_nonzero=1156  priority_block:demoted=462  dominated_spread=179
[guards @ 1300 decisions] zero_damage:demoted=1768  guards_ran=1300  threat_obs_computed=1200  threat_obs_nonzero=1200  priority_block:demoted=476  dominated_spread=187
[guards @ 1350 decisions] zero_damage:demoted=1820  guards_ran=1350  threat_obs_computed=1244  threat_obs_nonzero=1244  priority_block:demoted=490  dominated_spread=191
[guards @ 1400 decisions] zero_damage:demoted=1872  guards_ran=1400  threat_obs_computed=1292  threat_obs_nonzero=1292  priority_block:demoted=504  dominated_spread=199
[guards @ 1450 decisions] zero_damage:demoted=1950  guards_ran=1450  threat_obs_computed=1338  threat_obs_nonzero=1338  priority_block:demoted=525  dominated_spread=207
[guards @ 1500 decisions] zero_damage:demoted=2002  guards_ran=1500  threat_obs_computed=1384  threat_obs_nonzero=1384  priority_block:demoted=539  dominated_spread=219
[guards @ 1550 decisions] zero_damage:demoted=2080  guards_ran=1550  threat_obs_computed=1429  threat_obs_nonzero=1429  priority_block:demoted=560  dominated_spread=227
[guards @ 1600 decisions] zero_damage:demoted=2158  guards_ran=1600  threat_obs_computed=1473  threat_obs_nonzero=1473  priority_block:demoted=581  dominated_spread=235
[guards @ 1650 decisions] zero_damage:demoted=2236  guards_ran=1650  threat_obs_computed=1519  threat_obs_nonzero=1519  priority_block:demoted=602  dominated_spread=239
[guards @ 1700 decisions] zero_damage:demoted=2288  guards_ran=1700  threat_obs_computed=1565  threat_obs_nonzero=1565  priority_block:demoted=616  dominated_spread=243
[guards @ 1750 decisions] zero_damage:demoted=2366  guards_ran=1750  threat_obs_computed=1612  threat_obs_nonzero=1612  priority_block:demoted=637  dominated_spread=258
[guards @ 1800 decisions] zero_damage:demoted=2418  guards_ran=1800  threat_obs_computed=1660  threat_obs_nonzero=1660  priority_block:demoted=651  dominated_spread=270
[guards @ 1850 decisions] zero_damage:demoted=2496  guards_ran=1850  threat_obs_computed=1704  threat_obs_nonzero=1704  priority_block:demoted=672  dominated_spread=276
[guards @ 1900 decisions] zero_damage:demoted=2562  guards_ran=1900  threat_obs_computed=1747  threat_obs_nonzero=1747  priority_block:demoted=693  dominated_spread=292
[guards @ 1950 decisions] zero_damage:demoted=2626  guards_ran=1950  threat_obs_computed=1791  threat_obs_nonzero=1791  priority_block:demoted=707  dominated_spread=299
[guards @ 2000 decisions] zero_damage:demoted=2704  guards_ran=2000  threat_obs_computed=1838  threat_obs_nonzero=1838  priority_block:demoted=728  dominated_spread=304
[guards @ 2050 decisions] zero_damage:demoted=2782  guards_ran=2050  threat_obs_computed=1883  threat_obs_nonzero=1883  priority_block:demoted=749  dominated_spread=308
[guards @ 2100 decisions] zero_damage:demoted=2834  guards_ran=2100  threat_obs_computed=1928  threat_obs_nonzero=1928  priority_block:demoted=763  dominated_spread=316
[guards @ 2150 decisions] zero_damage:demoted=2912  guards_ran=2150  threat_obs_computed=1975  threat_obs_nonzero=1975  priority_block:demoted=784  dominated_spread=321
[guards @ 2200 decisions] zero_damage:demoted=2978  guards_ran=2200  threat_obs_computed=2022  threat_obs_nonzero=2022  priority_block:demoted=805  dominated_spread=338
[guards @ 2250 decisions] zero_damage:demoted=3044  guards_ran=2250  threat_obs_computed=2069  threat_obs_nonzero=2069  priority_block:demoted=826  dominated_spread=346
[guards @ 2300 decisions] zero_damage:demoted=3096  guards_ran=2300  threat_obs_computed=2115  threat_obs_nonzero=2115  priority_block:demoted=840  dominated_spread=350
[guards @ 2350 decisions] zero_damage:demoted=3174  guards_ran=2350  threat_obs_computed=2161  threat_obs_nonzero=2161  priority_block:demoted=861  dominated_spread=355
[guards @ 2400 decisions] zero_damage:demoted=3226  guards_ran=2400  threat_obs_computed=2207  threat_obs_nonzero=2207  priority_block:demoted=875  dominated_spread=361
[guards @ 2450 decisions] zero_damage:demoted=3278  guards_ran=2450  threat_obs_computed=2255  threat_obs_nonzero=2255  priority_block:demoted=889  dominated_spread=370
[guards @ 2500 decisions] zero_damage:demoted=3356  guards_ran=2500  threat_obs_computed=2300  threat_obs_nonzero=2300  priority_block:demoted=910  dominated_spread=381
[guards @ 2550 decisions] zero_damage:demoted=3434  guards_ran=2550  threat_obs_computed=2347  threat_obs_nonzero=2347  priority_block:demoted=931  dominated_spread=388
[guards @ 2600 decisions] zero_damage:demoted=3486  guards_ran=2600  threat_obs_computed=2395  threat_obs_nonzero=2395  priority_block:demoted=945  dominated_spread=395
[guards @ 2650 decisions] zero_damage:demoted=3538  guards_ran=2650  threat_obs_computed=2443  threat_obs_nonzero=2443  priority_block:demoted=959  dominated_spread=402
[guards @ 2700 decisions] zero_damage:demoted=3616  guards_ran=2700  threat_obs_computed=2489  threat_obs_nonzero=2489  priority_block:demoted=980  dominated_spread=410
[guards @ 2750 decisions] zero_damage:demoted=3694  guards_ran=2750  threat_obs_computed=2535  threat_obs_nonzero=2535  priority_block:demoted=1001  dominated_spread=420
[guards @ 2800 decisions] zero_damage:demoted=3746  guards_ran=2800  threat_obs_computed=2580  threat_obs_nonzero=2580  priority_block:demoted=1015  dominated_spread=425
[guards @ 2850 decisions] zero_damage:demoted=3798  guards_ran=2850  threat_obs_computed=2628  threat_obs_nonzero=2628  priority_block:demoted=1029  dominated_spread=433
[guards @ 2900 decisions] zero_damage:demoted=3876  guards_ran=2900  threat_obs_computed=2673  threat_obs_nonzero=2673  priority_block:demoted=1050  dominated_spread=446
[guards @ 2950 decisions] zero_damage:demoted=3954  guards_ran=2950  threat_obs_computed=2718  threat_obs_nonzero=2718  priority_block:demoted=1071  dominated_spread=459
[guards @ 3000 decisions] zero_damage:demoted=4006  guards_ran=3000  threat_obs_computed=2765  threat_obs_nonzero=2765  priority_block:demoted=1085  dominated_spread=465
[guards @ 3050 decisions] zero_damage:demoted=4084  guards_ran=3050  threat_obs_computed=2808  threat_obs_nonzero=2808  priority_block:demoted=1106  dominated_spread=472
[guards @ 3100 decisions] zero_damage:demoted=4136  guards_ran=3100  threat_obs_computed=2855  threat_obs_nonzero=2855  priority_block:demoted=1120  dominated_spread=474
[guards @ 3150 decisions] zero_damage:demoted=4202  guards_ran=3150  threat_obs_computed=2902  threat_obs_nonzero=2902  priority_block:demoted=1141  dominated_spread=481
[guards @ 3200 decisions] zero_damage:demoted=4266  guards_ran=3200  threat_obs_computed=2948  threat_obs_nonzero=2948  priority_block:demoted=1155  dominated_spread=490
[guards @ 3250 decisions] zero_damage:demoted=4344  guards_ran=3250  threat_obs_computed=2994  threat_obs_nonzero=2994  priority_block:demoted=1176  dominated_spread=495
[guards @ 3300 decisions] zero_damage:demoted=4422  guards_ran=3300  threat_obs_computed=3041  threat_obs_nonzero=3041  priority_block:demoted=1197  dominated_spread=504
[guards @ 3350 decisions] zero_damage:demoted=4474  guards_ran=3350  threat_obs_computed=3087  threat_obs_nonzero=3087  priority_block:demoted=1211  dominated_spread=516
[guards @ 3400 decisions] zero_damage:demoted=4526  guards_ran=3400  threat_obs_computed=3134  threat_obs_nonzero=3134  priority_block:demoted=1225  dominated_spread=521
[guards @ 3450 decisions] zero_damage:demoted=4604  guards_ran=3450  threat_obs_computed=3180  threat_obs_nonzero=3180  priority_block:demoted=1246  dominated_spread=529
[guards @ 3500 decisions] zero_damage:demoted=4656  guards_ran=3500  threat_obs_computed=3227  threat_obs_nonzero=3227  priority_block:demoted=1260  dominated_spread=541
[guards @ 3550 decisions] zero_damage:demoted=4734  guards_ran=3550  threat_obs_computed=3272  threat_obs_nonzero=3272  priority_block:demoted=1281  dominated_spread=546
[guards @ 3600 decisions] zero_damage:demoted=4786  guards_ran=3600  threat_obs_computed=3319  threat_obs_nonzero=3319  priority_block:demoted=1295  dominated_spread=556
[guards @ 3650 decisions] zero_damage:demoted=4838  guards_ran=3650  threat_obs_computed=3366  threat_obs_nonzero=3366  priority_block:demoted=1309  dominated_spread=568
[guards @ 3700 decisions] zero_damage:demoted=4916  guards_ran=3700  threat_obs_computed=3412  threat_obs_nonzero=3412  priority_block:demoted=1330  dominated_spread=574
[guards @ 3750 decisions] zero_damage:demoted=4968  guards_ran=3750  threat_obs_computed=3460  threat_obs_nonzero=3460  priority_block:demoted=1344  dominated_spread=579
[guards @ 3800 decisions] zero_damage:demoted=5060  guards_ran=3800  threat_obs_computed=3505  threat_obs_nonzero=3505  priority_block:demoted=1372  dominated_spread=588
[guards @ 3850 decisions] zero_damage:demoted=5112  guards_ran=3850  threat_obs_computed=3551  threat_obs_nonzero=3551  priority_block:demoted=1386  dominated_spread=593
[guards @ 3900 decisions] zero_damage:demoted=5176  guards_ran=3900  threat_obs_computed=3598  threat_obs_nonzero=3598  priority_block:demoted=1400  dominated_spread=601
[guards @ 3950 decisions] zero_damage:demoted=5280  guards_ran=3950  threat_obs_computed=3644  threat_obs_nonzero=3644  priority_block:demoted=1428  dominated_spread=606
[guards @ 4000 decisions] zero_damage:demoted=5358  guards_ran=4000  threat_obs_computed=3686  threat_obs_nonzero=3686  priority_block:demoted=1449  dominated_spread=615
[guards @ 4050 decisions] zero_damage:demoted=5410  guards_ran=4050  threat_obs_computed=3732  threat_obs_nonzero=3732  priority_block:demoted=1463  dominated_spread=618
[guards @ 4100 decisions] zero_damage:demoted=5476  guards_ran=4100  threat_obs_computed=3779  threat_obs_nonzero=3779  priority_block:demoted=1484  dominated_spread=628
[guards @ 4150 decisions] zero_damage:demoted=5540  guards_ran=4150  threat_obs_computed=3825  threat_obs_nonzero=3825  priority_block:demoted=1498  dominated_spread=635
[guards @ 4200 decisions] zero_damage:demoted=5618  guards_ran=4200  threat_obs_computed=3871  threat_obs_nonzero=3871  priority_block:demoted=1519  dominated_spread=640
[guards @ 4250 decisions] zero_damage:demoted=5696  guards_ran=4250  threat_obs_computed=3915  threat_obs_nonzero=3915  priority_block:demoted=1540  dominated_spread=647
[guards @ 4300 decisions] zero_damage:demoted=5722  guards_ran=4300  threat_obs_computed=3961  threat_obs_nonzero=3961  priority_block:demoted=1547  dominated_spread=655
[guards @ 4350 decisions] zero_damage:demoted=5762  guards_ran=4350  threat_obs_computed=4009  threat_obs_nonzero=4009  priority_block:demoted=1561  dominated_spread=659
[guards @ 4400 decisions] zero_damage:demoted=5826  guards_ran=4400  threat_obs_computed=4054  threat_obs_nonzero=4054  priority_block:demoted=1575  dominated_spread=663
[guards @ 4450 decisions] zero_damage:demoted=5866  guards_ran=4450  threat_obs_computed=4103  threat_obs_nonzero=4103  priority_block:demoted=1589  dominated_spread=665
[guards @ 4500 decisions] zero_damage:demoted=5930  guards_ran=4500  threat_obs_computed=4150  threat_obs_nonzero=4150  priority_block:demoted=1603  dominated_spread=669
[guards @ 4550 decisions] zero_damage:demoted=5982  guards_ran=4550  threat_obs_computed=4196  threat_obs_nonzero=4196  priority_block:demoted=1617  dominated_spread=678
[guards @ 4600 decisions] zero_damage:demoted=6086  guards_ran=4600  threat_obs_computed=4241  threat_obs_nonzero=4241  priority_block:demoted=1645  dominated_spread=686
[guards @ 4650 decisions] zero_damage:demoted=6138  guards_ran=4650  threat_obs_computed=4288  threat_obs_nonzero=4288  priority_block:demoted=1659  dominated_spread=692
[guards @ 4700 decisions] zero_damage:demoted=6190  guards_ran=4700  threat_obs_computed=4333  threat_obs_nonzero=4333  priority_block:demoted=1673  dominated_spread=696
[guards @ 4750 decisions] zero_damage:demoted=6242  guards_ran=4750  threat_obs_computed=4380  threat_obs_nonzero=4380  priority_block:demoted=1687  dominated_spread=703
[guards @ 4800 decisions] zero_damage:demoted=6320  guards_ran=4800  threat_obs_computed=4426  threat_obs_nonzero=4426  priority_block:demoted=1708  dominated_spread=707
[guards @ 4850 decisions] zero_damage:demoted=6372  guards_ran=4850  threat_obs_computed=4471  threat_obs_nonzero=4471  priority_block:demoted=1722  dominated_spread=717
[guards @ 4900 decisions] zero_damage:demoted=6450  guards_ran=4900  threat_obs_computed=4517  threat_obs_nonzero=4517  priority_block:demoted=1743  dominated_spread=723
[guards @ 4950 decisions] zero_damage:demoted=6502  guards_ran=4950  threat_obs_computed=4565  threat_obs_nonzero=4565  priority_block:demoted=1757  dominated_spread=741
[guards @ 5000 decisions] zero_damage:demoted=6580  guards_ran=5000  threat_obs_computed=4612  threat_obs_nonzero=4612  priority_block:demoted=1778  dominated_spread=749
[guards @ 5050 decisions] zero_damage:demoted=6632  guards_ran=5050  threat_obs_computed=4660  threat_obs_nonzero=4660  priority_block:demoted=1792  dominated_spread=760
[guards @ 5100 decisions] zero_damage:demoted=6710  guards_ran=5100  threat_obs_computed=4706  threat_obs_nonzero=4706  priority_block:demoted=1813  dominated_spread=767
[guards @ 5150 decisions] zero_damage:demoted=6762  guards_ran=5150  threat_obs_computed=4753  threat_obs_nonzero=4753  priority_block:demoted=1827  dominated_spread=774
[guards @ 5200 decisions] zero_damage:demoted=6814  guards_ran=5200  threat_obs_computed=4800  threat_obs_nonzero=4800  priority_block:demoted=1841  dominated_spread=776
[guards @ 5250 decisions] zero_damage:demoted=6892  guards_ran=5250  threat_obs_computed=4844  threat_obs_nonzero=4844  priority_block:demoted=1862  dominated_spread=782
[guards @ 5300 decisions] zero_damage:demoted=6958  guards_ran=5300  threat_obs_computed=4892  threat_obs_nonzero=4892  priority_block:demoted=1883  dominated_spread=792
[guards @ 5350 decisions] zero_damage:demoted=7022  guards_ran=5350  threat_obs_computed=4937  threat_obs_nonzero=4937  priority_block:demoted=1897  dominated_spread=798
[guards @ 5400 decisions] zero_damage:demoted=7126  guards_ran=5400  threat_obs_computed=4980  threat_obs_nonzero=4980  priority_block:demoted=1925  dominated_spread=806
[guards @ 5450 decisions] zero_damage:demoted=7178  guards_ran=5450  threat_obs_computed=5027  threat_obs_nonzero=5027  priority_block:demoted=1939  dominated_spread=810
[guards @ 5500 decisions] zero_damage:demoted=7230  guards_ran=5500  threat_obs_computed=5073  threat_obs_nonzero=5073  priority_block:demoted=1953  dominated_spread=819
[guards @ 5550 decisions] zero_damage:demoted=7308  guards_ran=5550  threat_obs_computed=5118  threat_obs_nonzero=5118  priority_block:demoted=1974  dominated_spread=823
[guards @ 5600 decisions] zero_damage:demoted=7336  guards_ran=5600  threat_obs_computed=5168  threat_obs_nonzero=5168  priority_block:demoted=1988  dominated_spread=836
[guards @ 5650 decisions] zero_damage:demoted=7414  guards_ran=5650  threat_obs_computed=5214  threat_obs_nonzero=5214  priority_block:demoted=2009  dominated_spread=841
[guards @ 5700 decisions] zero_damage:demoted=7492  guards_ran=5700  threat_obs_computed=5258  threat_obs_nonzero=5258  priority_block:demoted=2030  dominated_spread=849
[guards @ 5750 decisions] zero_damage:demoted=7570  guards_ran=5750  threat_obs_computed=5303  threat_obs_nonzero=5303  priority_block:demoted=2051  dominated_spread=854
[guards @ 5800 decisions] zero_damage:demoted=7622  guards_ran=5800  threat_obs_computed=5351  threat_obs_nonzero=5351  priority_block:demoted=2065  dominated_spread=863
[guards @ 5850 decisions] zero_damage:demoted=7700  guards_ran=5850  threat_obs_computed=5396  threat_obs_nonzero=5396  priority_block:demoted=2086  dominated_spread=872
[guards @ 5900 decisions] zero_damage:demoted=7778  guards_ran=5900  threat_obs_computed=5440  threat_obs_nonzero=5440  priority_block:demoted=2107  dominated_spread=882
[guards @ 5950 decisions] zero_damage:demoted=7830  guards_ran=5950  threat_obs_computed=5487  threat_obs_nonzero=5487  priority_block:demoted=2121  dominated_spread=891
[guards @ 6000 decisions] zero_damage:demoted=7908  guards_ran=6000  threat_obs_computed=5534  threat_obs_nonzero=5534  priority_block:demoted=2142  dominated_spread=898
[guards @ 6050 decisions] zero_damage:demoted=7960  guards_ran=6050  threat_obs_computed=5582  threat_obs_nonzero=5582  priority_block:demoted=2156  dominated_spread=901
[guards @ 6100 decisions] zero_damage:demoted=8012  guards_ran=6100  threat_obs_computed=5627  threat_obs_nonzero=5627  priority_block:demoted=2170  dominated_spread=907
[guards @ 6150 decisions] zero_damage:demoted=8090  guards_ran=6150  threat_obs_computed=5670  threat_obs_nonzero=5670  priority_block:demoted=2191  dominated_spread=915
[guards @ 6200 decisions] zero_damage:demoted=8168  guards_ran=6200  threat_obs_computed=5716  threat_obs_nonzero=5716  priority_block:demoted=2212  dominated_spread=923
[guards @ 6250 decisions] zero_damage:demoted=8220  guards_ran=6250  threat_obs_computed=5762  threat_obs_nonzero=5762  priority_block:demoted=2226  dominated_spread=931
[guards @ 6300 decisions] zero_damage:demoted=8286  guards_ran=6300  threat_obs_computed=5809  threat_obs_nonzero=5809  priority_block:demoted=2247  dominated_spread=937
[guards @ 6350 decisions] zero_damage:demoted=8338  guards_ran=6350  threat_obs_computed=5853  threat_obs_nonzero=5853  priority_block:demoted=2261  dominated_spread=942
[guards @ 6400 decisions] zero_damage:demoted=8402  guards_ran=6400  threat_obs_computed=5899  threat_obs_nonzero=5899  priority_block:demoted=2275  dominated_spread=951
[guards @ 6450 decisions] zero_damage:demoted=8480  guards_ran=6450  threat_obs_computed=5944  threat_obs_nonzero=5944  priority_block:demoted=2296  dominated_spread=960
[guards @ 6500 decisions] zero_damage:demoted=8558  guards_ran=6500  threat_obs_computed=5987  threat_obs_nonzero=5987  priority_block:demoted=2317  dominated_spread=966
[guards @ 6550 decisions] zero_damage:demoted=8610  guards_ran=6550  threat_obs_computed=6034  threat_obs_nonzero=6034  priority_block:demoted=2331  dominated_spread=970
[guards @ 6600 decisions] zero_damage:demoted=8662  guards_ran=6600  threat_obs_computed=6082  threat_obs_nonzero=6082  priority_block:demoted=2345  dominated_spread=974
[guards @ 6650 decisions] zero_damage:demoted=8740  guards_ran=6650  threat_obs_computed=6128  threat_obs_nonzero=6128  priority_block:demoted=2366  dominated_spread=981
[guards @ 6700 decisions] zero_damage:demoted=8820  guards_ran=6700  threat_obs_computed=6175  threat_obs_nonzero=6175  priority_block:demoted=2394  dominated_spread=986
[guards @ 6750 decisions] zero_damage:demoted=8872  guards_ran=6750  threat_obs_computed=6219  threat_obs_nonzero=6219  priority_block:demoted=2408  dominated_spread=995
[guards @ 6800 decisions] zero_damage:demoted=8950  guards_ran=6800  threat_obs_computed=6265  threat_obs_nonzero=6265  priority_block:demoted=2429  dominated_spread=1001
[guards @ 6850 decisions] zero_damage:demoted=9002  guards_ran=6850  threat_obs_computed=6312  threat_obs_nonzero=6312  priority_block:demoted=2443  dominated_spread=1007
[guards @ 6900 decisions] zero_damage:demoted=9080  guards_ran=6900  threat_obs_computed=6358  threat_obs_nonzero=6358  priority_block:demoted=2464  dominated_spread=1018
[guards @ 6950 decisions] zero_damage:demoted=9132  guards_ran=6950  threat_obs_computed=6405  threat_obs_nonzero=6405  priority_block:demoted=2478  dominated_spread=1026
[guards @ 7000 decisions] zero_damage:demoted=9184  guards_ran=7000  threat_obs_computed=6452  threat_obs_nonzero=6452  priority_block:demoted=2492  dominated_spread=1032
[guards @ 7050 decisions] zero_damage:demoted=9250  guards_ran=7050  threat_obs_computed=6498  threat_obs_nonzero=6498  priority_block:demoted=2513  dominated_spread=1045
[guards @ 7100 decisions] zero_damage:demoted=9314  guards_ran=7100  threat_obs_computed=6544  threat_obs_nonzero=6544  priority_block:demoted=2527  dominated_spread=1052
[guards @ 7150 decisions] zero_damage:demoted=9366  guards_ran=7150  threat_obs_computed=6591  threat_obs_nonzero=6591  priority_block:demoted=2541  dominated_spread=1060
[guards @ 7200 decisions] zero_damage:demoted=9444  guards_ran=7200  threat_obs_computed=6638  threat_obs_nonzero=6638  priority_block:demoted=2562  dominated_spread=1066
[guards @ 7250 decisions] zero_damage:demoted=9524  guards_ran=7250  threat_obs_computed=6684  threat_obs_nonzero=6684  priority_block:demoted=2590  dominated_spread=1072
[guards @ 7300 decisions] zero_damage:demoted=9602  guards_ran=7300  threat_obs_computed=6728  threat_obs_nonzero=6728  priority_block:demoted=2611  dominated_spread=1078
[guards @ 7350 decisions] zero_damage:demoted=9680  guards_ran=7350  threat_obs_computed=6772  threat_obs_nonzero=6772  priority_block:demoted=2632  dominated_spread=1086
[guards @ 7400 decisions] zero_damage:demoted=9732  guards_ran=7400  threat_obs_computed=6819  threat_obs_nonzero=6819  priority_block:demoted=2646  dominated_spread=1091
[guards @ 7450 decisions] zero_damage:demoted=9810  guards_ran=7450  threat_obs_computed=6865  threat_obs_nonzero=6865  priority_block:demoted=2667  dominated_spread=1097
[guards @ 7500 decisions] zero_damage:demoted=9862  guards_ran=7500  threat_obs_computed=6912  threat_obs_nonzero=6912  priority_block:demoted=2681  dominated_spread=1105
[guards @ 7550 decisions] zero_damage:demoted=9940  guards_ran=7550  threat_obs_computed=6959  threat_obs_nonzero=6959  priority_block:demoted=2702  dominated_spread=1116
[guards @ 7600 decisions] zero_damage:demoted=10006  guards_ran=7600  threat_obs_computed=7004  threat_obs_nonzero=7004  priority_block:demoted=2723  dominated_spread=1122
[guards @ 7650 decisions] zero_damage:demoted=10070  guards_ran=7650  threat_obs_computed=7050  threat_obs_nonzero=7050  priority_block:demoted=2737  dominated_spread=1128
[guards @ 7700 decisions] zero_damage:demoted=10122  guards_ran=7700  threat_obs_computed=7095  threat_obs_nonzero=7095  priority_block:demoted=2751  dominated_spread=1133
[guards @ 7750 decisions] zero_damage:demoted=10200  guards_ran=7750  threat_obs_computed=7140  threat_obs_nonzero=7140  priority_block:demoted=2772  dominated_spread=1141
[guards @ 7800 decisions] zero_damage:demoted=10278  guards_ran=7800  threat_obs_computed=7185  threat_obs_nonzero=7185  priority_block:demoted=2793  dominated_spread=1149
[guards @ 7850 decisions] zero_damage:demoted=10330  guards_ran=7850  threat_obs_computed=7232  threat_obs_nonzero=7232  priority_block:demoted=2807  dominated_spread=1156
[guards @ 7900 decisions] zero_damage:demoted=10382  guards_ran=7900  threat_obs_computed=7279  threat_obs_nonzero=7279  priority_block:demoted=2821  dominated_spread=1160
[guards @ 7950 decisions] zero_damage:demoted=10460  guards_ran=7950  threat_obs_computed=7326  threat_obs_nonzero=7326  priority_block:demoted=2842  dominated_spread=1164
[guards @ 8000 decisions] zero_damage:demoted=10538  guards_ran=8000  threat_obs_computed=7370  threat_obs_nonzero=7370  priority_block:demoted=2863  dominated_spread=1173
[guards @ 8050 decisions] zero_damage:demoted=10616  guards_ran=8050  threat_obs_computed=7417  threat_obs_nonzero=7417  priority_block:demoted=2884  dominated_spread=1183
[guards @ 8100 decisions] zero_damage:demoted=10670  guards_ran=8100  threat_obs_computed=7464  threat_obs_nonzero=7464  priority_block:demoted=2905  dominated_spread=1189
[guards @ 8150 decisions] zero_damage:demoted=10722  guards_ran=8150  threat_obs_computed=7510  threat_obs_nonzero=7510  priority_block:demoted=2919  dominated_spread=1193
[guards @ 8200 decisions] zero_damage:demoted=10774  guards_ran=8200  threat_obs_computed=7556  threat_obs_nonzero=7556  priority_block:demoted=2933  dominated_spread=1199
[guards @ 8250 decisions] zero_damage:demoted=10840  guards_ran=8250  threat_obs_computed=7599  threat_obs_nonzero=7599  priority_block:demoted=2954  dominated_spread=1205
[guards @ 8300 decisions] zero_damage:demoted=10904  guards_ran=8300  threat_obs_computed=7645  threat_obs_nonzero=7645  priority_block:demoted=2968  dominated_spread=1213
[guards @ 8350 decisions] zero_damage:demoted=10982  guards_ran=8350  threat_obs_computed=7691  threat_obs_nonzero=7691  priority_block:demoted=2989  dominated_spread=1223
[guards @ 8400 decisions] zero_damage:demoted=11034  guards_ran=8400  threat_obs_computed=7738  threat_obs_nonzero=7738  priority_block:demoted=3003  dominated_spread=1228
[guards @ 8450 decisions] zero_damage:demoted=11086  guards_ran=8450  threat_obs_computed=7782  threat_obs_nonzero=7782  priority_block:demoted=3017  dominated_spread=1234
[guards @ 8500 decisions] zero_damage:demoted=11138  guards_ran=8500  threat_obs_computed=7830  threat_obs_nonzero=7830  priority_block:demoted=3031  dominated_spread=1239
[guards @ 8550 decisions] zero_damage:demoted=11216  guards_ran=8550  threat_obs_computed=7875  threat_obs_nonzero=7875  priority_block:demoted=3052  dominated_spread=1246
[guards @ 8600 decisions] zero_damage:demoted=11268  guards_ran=8600  threat_obs_computed=7921  threat_obs_nonzero=7921  priority_block:demoted=3066  dominated_spread=1253
[guards @ 8650 decisions] zero_damage:demoted=11346  guards_ran=8650  threat_obs_computed=7966  threat_obs_nonzero=7966  priority_block:demoted=3087  dominated_spread=1261
[guards @ 8700 decisions] zero_damage:demoted=11424  guards_ran=8700  threat_obs_computed=8012  threat_obs_nonzero=8012  priority_block:demoted=3108  dominated_spread=1270
[guards @ 8750 decisions] zero_damage:demoted=11490  guards_ran=8750  threat_obs_computed=8057  threat_obs_nonzero=8057  priority_block:demoted=3129  dominated_spread=1278
[guards @ 8800 decisions] zero_damage:demoted=11554  guards_ran=8800  threat_obs_computed=8103  threat_obs_nonzero=8103  priority_block:demoted=3143  dominated_spread=1283
[guards @ 8850 decisions] zero_damage:demoted=11632  guards_ran=8850  threat_obs_computed=8148  threat_obs_nonzero=8148  priority_block:demoted=3164  dominated_spread=1295
[guards @ 8900 decisions] zero_damage:demoted=11684  guards_ran=8900  threat_obs_computed=8195  threat_obs_nonzero=8195  priority_block:demoted=3178  dominated_spread=1303
[guards @ 8950 decisions] zero_damage:demoted=11762  guards_ran=8950  threat_obs_computed=8239  threat_obs_nonzero=8239  priority_block:demoted=3199  dominated_spread=1311
[guards @ 9000 decisions] zero_damage:demoted=11840  guards_ran=9000  threat_obs_computed=8285  threat_obs_nonzero=8285  priority_block:demoted=3220  dominated_spread=1318
[guards @ 9050 decisions] zero_damage:demoted=11892  guards_ran=9050  threat_obs_computed=8331  threat_obs_nonzero=8331  priority_block:demoted=3234  dominated_spread=1328
[guards @ 9100 decisions] zero_damage:demoted=11944  guards_ran=9100  threat_obs_computed=8379  threat_obs_nonzero=8379  priority_block:demoted=3248  dominated_spread=1335
[guards @ 9150 decisions] zero_damage:demoted=12022  guards_ran=9150  threat_obs_computed=8426  threat_obs_nonzero=8426  priority_block:demoted=3269  dominated_spread=1341
[guards @ 9200 decisions] zero_damage:demoted=12100  guards_ran=9200  threat_obs_computed=8472  threat_obs_nonzero=8472  priority_block:demoted=3290  dominated_spread=1346
[guards @ 9250 decisions] zero_damage:demoted=12180  guards_ran=9250  threat_obs_computed=8518  threat_obs_nonzero=8518  priority_block:demoted=3318  dominated_spread=1354
[guards @ 9300 decisions] zero_damage:demoted=12232  guards_ran=9300  threat_obs_computed=8563  threat_obs_nonzero=8563  priority_block:demoted=3332  dominated_spread=1357
[guards @ 9350 decisions] zero_damage:demoted=12284  guards_ran=9350  threat_obs_computed=8611  threat_obs_nonzero=8611  priority_block:demoted=3346  dominated_spread=1367
[guards @ 9400 decisions] zero_damage:demoted=12350  guards_ran=9400  threat_obs_computed=8659  threat_obs_nonzero=8659  priority_block:demoted=3367  dominated_spread=1378
[guards @ 9450 decisions] zero_damage:demoted=12440  guards_ran=9450  threat_obs_computed=8704  threat_obs_nonzero=8704  priority_block:demoted=3388  dominated_spread=1384
[guards @ 9500 decisions] zero_damage:demoted=12518  guards_ran=9500  threat_obs_computed=8749  threat_obs_nonzero=8749  priority_block:demoted=3409  dominated_spread=1397
[guards @ 9550 decisions] zero_damage:demoted=12570  guards_ran=9550  threat_obs_computed=8794  threat_obs_nonzero=8794  priority_block:demoted=3423  dominated_spread=1407
[guards @ 9600 decisions] zero_damage:demoted=12648  guards_ran=9600  threat_obs_computed=8840  threat_obs_nonzero=8840  priority_block:demoted=3444  dominated_spread=1415
[guards @ 9650 decisions] zero_damage:demoted=12700  guards_ran=9650  threat_obs_computed=8886  threat_obs_nonzero=8886  priority_block:demoted=3458  dominated_spread=1423
[guards @ 9700 decisions] zero_damage:demoted=12778  guards_ran=9700  threat_obs_computed=8932  threat_obs_nonzero=8932  priority_block:demoted=3479  dominated_spread=1430
[guards @ 9750 decisions] zero_damage:demoted=12856  guards_ran=9750  threat_obs_computed=8979  threat_obs_nonzero=8979  priority_block:demoted=3500  dominated_spread=1439
[guards @ 9800 decisions] zero_damage:demoted=12908  guards_ran=9800  threat_obs_computed=9027  threat_obs_nonzero=9027  priority_block:demoted=3514  dominated_spread=1446
[guards @ 9850 decisions] zero_damage:demoted=12960  guards_ran=9850  threat_obs_computed=9075  threat_obs_nonzero=9075  priority_block:demoted=3528  dominated_spread=1456
[guards @ 9900 decisions] zero_damage:demoted=13012  guards_ran=9900  threat_obs_computed=9123  threat_obs_nonzero=9123  priority_block:demoted=3542  dominated_spread=1462
block hidden=False a_first=True: A 249.0/500; running A 49.8% [45.4, 54.2]
[guards @ 9950 decisions] zero_damage:demoted=104  guards_ran=39  threat_obs_computed=33  threat_obs_nonzero=33  priority_block:demoted=28  learned_preview=10
[guards @ 10000 decisions] zero_damage:demoted=170  guards_ran=89  threat_obs_computed=80  threat_obs_nonzero=80  priority_block:demoted=49  learned_preview=14
[guards @ 10050 decisions] zero_damage:demoted=234  guards_ran=139  threat_obs_computed=125  threat_obs_nonzero=125  priority_block:demoted=63  learned_preview=20
[guards @ 10100 decisions] zero_damage:demoted=312  guards_ran=189  threat_obs_computed=171  threat_obs_nonzero=171  priority_block:demoted=84  learned_preview=24
[guards @ 10150 decisions] zero_damage:demoted=364  guards_ran=239  threat_obs_computed=218  threat_obs_nonzero=218  priority_block:demoted=98  learned_preview=28
[guards @ 10200 decisions] zero_damage:demoted=442  guards_ran=289  threat_obs_computed=263  threat_obs_nonzero=263  priority_block:demoted=119  dominated_spread=35
[guards @ 10250 decisions] zero_damage:demoted=520  guards_ran=339  threat_obs_computed=310  threat_obs_nonzero=310  priority_block:demoted=140  dominated_spread=43
[guards @ 10300 decisions] zero_damage:demoted=598  guards_ran=389  threat_obs_computed=354  threat_obs_nonzero=354  priority_block:demoted=161  dominated_spread=50
[guards @ 10350 decisions] zero_damage:demoted=650  guards_ran=439  threat_obs_computed=401  threat_obs_nonzero=401  priority_block:demoted=175  dominated_spread=54
[guards @ 10400 decisions] zero_damage:demoted=728  guards_ran=489  threat_obs_computed=448  threat_obs_nonzero=448  priority_block:demoted=196  learned_preview=58
[guards @ 10450 decisions] zero_damage:demoted=780  guards_ran=539  threat_obs_computed=495  threat_obs_nonzero=495  priority_block:demoted=210  dominated_spread=64
[guards @ 10500 decisions] zero_damage:demoted=858  guards_ran=589  threat_obs_computed=540  threat_obs_nonzero=540  priority_block:demoted=231  dominated_spread=71
[guards @ 10550 decisions] zero_damage:demoted=936  guards_ran=639  threat_obs_computed=586  threat_obs_nonzero=586  priority_block:demoted=252  dominated_spread=76
[guards @ 10600 decisions] zero_damage:demoted=1002  guards_ran=689  threat_obs_computed=632  threat_obs_nonzero=632  priority_block:demoted=273  dominated_spread=82
[guards @ 10650 decisions] zero_damage:demoted=1066  guards_ran=739  threat_obs_computed=677  threat_obs_nonzero=677  priority_block:demoted=287  dominated_spread=90
[guards @ 10700 decisions] zero_damage:demoted=1118  guards_ran=789  threat_obs_computed=722  threat_obs_nonzero=722  priority_block:demoted=301  dominated_spread=101
[guards @ 10750 decisions] zero_damage:demoted=1170  guards_ran=839  threat_obs_computed=769  threat_obs_nonzero=769  priority_block:demoted=315  dominated_spread=111
[guards @ 10800 decisions] zero_damage:demoted=1248  guards_ran=889  threat_obs_computed=814  threat_obs_nonzero=814  priority_block:demoted=336  dominated_spread=118
[guards @ 10850 decisions] zero_damage:demoted=1352  guards_ran=939  threat_obs_computed=858  threat_obs_nonzero=858  priority_block:demoted=364  dominated_spread=124
[guards @ 10900 decisions] zero_damage:demoted=1430  guards_ran=989  threat_obs_computed=902  threat_obs_nonzero=902  priority_block:demoted=385  dominated_spread=137
[guards @ 10950 decisions] zero_damage:demoted=1482  guards_ran=1039  threat_obs_computed=949  threat_obs_nonzero=949  priority_block:demoted=399  dominated_spread=147
[guards @ 11000 decisions] zero_damage:demoted=1560  guards_ran=1089  threat_obs_computed=993  threat_obs_nonzero=993  priority_block:demoted=420  dominated_spread=155
[guards @ 11050 decisions] zero_damage:demoted=1612  guards_ran=1139  threat_obs_computed=1041  threat_obs_nonzero=1041  priority_block:demoted=434  dominated_spread=162
[guards @ 11100 decisions] zero_damage:demoted=1664  guards_ran=1189  threat_obs_computed=1088  threat_obs_nonzero=1088  priority_block:demoted=448  dominated_spread=170
[guards @ 11150 decisions] zero_damage:demoted=1742  guards_ran=1239  threat_obs_computed=1133  threat_obs_nonzero=1133  priority_block:demoted=469  dominated_spread=172
[guards @ 11200 decisions] zero_damage:demoted=1794  guards_ran=1289  threat_obs_computed=1178  threat_obs_nonzero=1178  priority_block:demoted=483  dominated_spread=178
[guards @ 11250 decisions] zero_damage:demoted=1886  guards_ran=1339  threat_obs_computed=1225  threat_obs_nonzero=1225  priority_block:demoted=511  dominated_spread=191
[guards @ 11300 decisions] zero_damage:demoted=1938  guards_ran=1389  threat_obs_computed=1272  threat_obs_nonzero=1272  priority_block:demoted=525  dominated_spread=199
[guards @ 11350 decisions] zero_damage:demoted=2002  guards_ran=1439  threat_obs_computed=1319  threat_obs_nonzero=1319  priority_block:demoted=539  dominated_spread=205
[guards @ 11400 decisions] zero_damage:demoted=2068  guards_ran=1489  threat_obs_computed=1366  threat_obs_nonzero=1366  priority_block:demoted=560  dominated_spread=210
[guards @ 11450 decisions] zero_damage:demoted=2132  guards_ran=1539  threat_obs_computed=1411  threat_obs_nonzero=1411  priority_block:demoted=574  dominated_spread=219
[guards @ 11500 decisions] zero_damage:demoted=2210  guards_ran=1589  threat_obs_computed=1457  threat_obs_nonzero=1457  priority_block:demoted=595  dominated_spread=230
[guards @ 11550 decisions] zero_damage:demoted=2288  guards_ran=1639  threat_obs_computed=1502  threat_obs_nonzero=1502  priority_block:demoted=616  dominated_spread=235
[guards @ 11600 decisions] zero_damage:demoted=2340  guards_ran=1689  threat_obs_computed=1548  threat_obs_nonzero=1548  priority_block:demoted=630  dominated_spread=242
[guards @ 11650 decisions] zero_damage:demoted=2418  guards_ran=1739  threat_obs_computed=1594  threat_obs_nonzero=1594  priority_block:demoted=651  dominated_spread=250
[guards @ 11700 decisions] zero_damage:demoted=2496  guards_ran=1789  threat_obs_computed=1641  threat_obs_nonzero=1641  priority_block:demoted=672  dominated_spread=256
[guards @ 11750 decisions] zero_damage:demoted=2548  guards_ran=1839  threat_obs_computed=1688  threat_obs_nonzero=1688  priority_block:demoted=686  dominated_spread=264
[guards @ 11800 decisions] zero_damage:demoted=2626  guards_ran=1889  threat_obs_computed=1733  threat_obs_nonzero=1733  priority_block:demoted=707  dominated_spread=266
[guards @ 11850 decisions] zero_damage:demoted=2704  guards_ran=1939  threat_obs_computed=1779  threat_obs_nonzero=1779  priority_block:demoted=728  dominated_spread=273
[guards @ 11900 decisions] zero_damage:demoted=2756  guards_ran=1989  threat_obs_computed=1826  threat_obs_nonzero=1826  priority_block:demoted=742  dominated_spread=278
[guards @ 11950 decisions] zero_damage:demoted=2808  guards_ran=2039  threat_obs_computed=1872  threat_obs_nonzero=1872  priority_block:demoted=756  dominated_spread=284
[guards @ 12000 decisions] zero_damage:demoted=2860  guards_ran=2089  threat_obs_computed=1920  threat_obs_nonzero=1920  priority_block:demoted=770  dominated_spread=289
[guards @ 12050 decisions] zero_damage:demoted=2964  guards_ran=2139  threat_obs_computed=1966  threat_obs_nonzero=1966  priority_block:demoted=798  dominated_spread=296
[guards @ 12100 decisions] zero_damage:demoted=3042  guards_ran=2189  threat_obs_computed=2012  threat_obs_nonzero=2012  priority_block:demoted=819  dominated_spread=302
[guards @ 12150 decisions] zero_damage:demoted=3120  guards_ran=2239  threat_obs_computed=2055  threat_obs_nonzero=2055  priority_block:demoted=840  dominated_spread=310
[guards @ 12200 decisions] zero_damage:demoted=3186  guards_ran=2289  threat_obs_computed=2103  threat_obs_nonzero=2103  priority_block:demoted=861  dominated_spread=313
[guards @ 12250 decisions] zero_damage:demoted=3224  guards_ran=2339  threat_obs_computed=2151  threat_obs_nonzero=2151  priority_block:demoted=868  dominated_spread=317
[guards @ 12300 decisions] zero_damage:demoted=3276  guards_ran=2389  threat_obs_computed=2198  threat_obs_nonzero=2198  priority_block:demoted=882  dominated_spread=322
[guards @ 12350 decisions] zero_damage:demoted=3354  guards_ran=2439  threat_obs_computed=2242  threat_obs_nonzero=2242  priority_block:demoted=903  dominated_spread=328
[guards @ 12400 decisions] zero_damage:demoted=3432  guards_ran=2489  threat_obs_computed=2285  threat_obs_nonzero=2285  priority_block:demoted=924  dominated_spread=336
[guards @ 12450 decisions] zero_damage:demoted=3484  guards_ran=2539  threat_obs_computed=2330  threat_obs_nonzero=2330  priority_block:demoted=938  dominated_spread=344
[guards @ 12500 decisions] zero_damage:demoted=3562  guards_ran=2589  threat_obs_computed=2376  threat_obs_nonzero=2376  priority_block:demoted=959  dominated_spread=351
[guards @ 12550 decisions] zero_damage:demoted=3640  guards_ran=2639  threat_obs_computed=2423  threat_obs_nonzero=2423  priority_block:demoted=980  dominated_spread=357
[guards @ 12600 decisions] zero_damage:demoted=3692  guards_ran=2689  threat_obs_computed=2471  threat_obs_nonzero=2471  priority_block:demoted=994  dominated_spread=367
[guards @ 12650 decisions] zero_damage:demoted=3744  guards_ran=2739  threat_obs_computed=2518  threat_obs_nonzero=2518  priority_block:demoted=1008  dominated_spread=373
[guards @ 12700 decisions] zero_damage:demoted=3822  guards_ran=2789  threat_obs_computed=2565  threat_obs_nonzero=2565  priority_block:demoted=1029  dominated_spread=381
[guards @ 12750 decisions] zero_damage:demoted=3900  guards_ran=2839  threat_obs_computed=2610  threat_obs_nonzero=2610  priority_block:demoted=1050  dominated_spread=389
[guards @ 12800 decisions] zero_damage:demoted=3952  guards_ran=2889  threat_obs_computed=2657  threat_obs_nonzero=2657  priority_block:demoted=1064  dominated_spread=395
[guards @ 12850 decisions] zero_damage:demoted=4004  guards_ran=2939  threat_obs_computed=2701  threat_obs_nonzero=2701  priority_block:demoted=1078  dominated_spread=399
[guards @ 12900 decisions] zero_damage:demoted=4082  guards_ran=2989  threat_obs_computed=2747  threat_obs_nonzero=2747  priority_block:demoted=1099  dominated_spread=408
[guards @ 12950 decisions] zero_damage:demoted=4160  guards_ran=3039  threat_obs_computed=2794  threat_obs_nonzero=2794  priority_block:demoted=1120  dominated_spread=416
[guards @ 13000 decisions] zero_damage:demoted=4238  guards_ran=3089  threat_obs_computed=2841  threat_obs_nonzero=2841  priority_block:demoted=1141  dominated_spread=422
[guards @ 13050 decisions] zero_damage:demoted=4316  guards_ran=3139  threat_obs_computed=2885  threat_obs_nonzero=2885  priority_block:demoted=1162  dominated_spread=428
[guards @ 13100 decisions] zero_damage:demoted=4368  guards_ran=3189  threat_obs_computed=2931  threat_obs_nonzero=2931  priority_block:demoted=1176  dominated_spread=437
[guards @ 13150 decisions] zero_damage:demoted=4420  guards_ran=3239  threat_obs_computed=2979  threat_obs_nonzero=2979  priority_block:demoted=1190  dominated_spread=447
[guards @ 13200 decisions] zero_damage:demoted=4498  guards_ran=3289  threat_obs_computed=3025  threat_obs_nonzero=3025  priority_block:demoted=1211  dominated_spread=452
[guards @ 13250 decisions] zero_damage:demoted=4550  guards_ran=3339  threat_obs_computed=3071  threat_obs_nonzero=3071  priority_block:demoted=1225  dominated_spread=460
[guards @ 13300 decisions] zero_damage:demoted=4642  guards_ran=3389  threat_obs_computed=3116  threat_obs_nonzero=3116  priority_block:demoted=1253  dominated_spread=466
[guards @ 13350 decisions] zero_damage:demoted=4680  guards_ran=3439  threat_obs_computed=3162  threat_obs_nonzero=3162  priority_block:demoted=1260  dominated_spread=473
[guards @ 13400 decisions] zero_damage:demoted=4732  guards_ran=3489  threat_obs_computed=3207  threat_obs_nonzero=3207  priority_block:demoted=1274  dominated_spread=479
[guards @ 13450 decisions] zero_damage:demoted=4810  guards_ran=3539  threat_obs_computed=3251  threat_obs_nonzero=3251  priority_block:demoted=1295  dominated_spread=484
[guards @ 13500 decisions] zero_damage:demoted=4876  guards_ran=3589  threat_obs_computed=3299  threat_obs_nonzero=3299  priority_block:demoted=1316  dominated_spread=494
[guards @ 13550 decisions] zero_damage:demoted=4940  guards_ran=3639  threat_obs_computed=3344  threat_obs_nonzero=3344  priority_block:demoted=1330  dominated_spread=500
[guards @ 13600 decisions] zero_damage:demoted=5018  guards_ran=3689  threat_obs_computed=3391  threat_obs_nonzero=3391  priority_block:demoted=1351  dominated_spread=509
[guards @ 13650 decisions] zero_damage:demoted=5096  guards_ran=3739  threat_obs_computed=3435  threat_obs_nonzero=3435  priority_block:demoted=1372  dominated_spread=516
[guards @ 13700 decisions] zero_damage:demoted=5148  guards_ran=3789  threat_obs_computed=3481  threat_obs_nonzero=3481  priority_block:demoted=1386  dominated_spread=524
[guards @ 13750 decisions] zero_damage:demoted=5226  guards_ran=3839  threat_obs_computed=3527  threat_obs_nonzero=3527  priority_block:demoted=1407  dominated_spread=528
[guards @ 13800 decisions] zero_damage:demoted=5278  guards_ran=3889  threat_obs_computed=3574  threat_obs_nonzero=3574  priority_block:demoted=1421  dominated_spread=536
[guards @ 13850 decisions] zero_damage:demoted=5356  guards_ran=3939  threat_obs_computed=3620  threat_obs_nonzero=3620  priority_block:demoted=1442  dominated_spread=540
[guards @ 13900 decisions] zero_damage:demoted=5408  guards_ran=3989  threat_obs_computed=3668  threat_obs_nonzero=3668  priority_block:demoted=1456  dominated_spread=551
[guards @ 13950 decisions] zero_damage:demoted=5486  guards_ran=4039  threat_obs_computed=3715  threat_obs_nonzero=3715  priority_block:demoted=1477  dominated_spread=561
[guards @ 14000 decisions] zero_damage:demoted=5564  guards_ran=4089  threat_obs_computed=3761  threat_obs_nonzero=3761  priority_block:demoted=1498  dominated_spread=568
[guards @ 14050 decisions] zero_damage:demoted=5616  guards_ran=4139  threat_obs_computed=3808  threat_obs_nonzero=3808  priority_block:demoted=1512  dominated_spread=575
[guards @ 14100 decisions] zero_damage:demoted=5694  guards_ran=4189  threat_obs_computed=3853  threat_obs_nonzero=3853  priority_block:demoted=1533  dominated_spread=589
[guards @ 14150 decisions] zero_damage:demoted=5772  guards_ran=4239  threat_obs_computed=3899  threat_obs_nonzero=3899  priority_block:demoted=1554  dominated_spread=597
[guards @ 14200 decisions] zero_damage:demoted=5824  guards_ran=4289  threat_obs_computed=3945  threat_obs_nonzero=3945  priority_block:demoted=1568  dominated_spread=603
[guards @ 14250 decisions] zero_damage:demoted=5876  guards_ran=4339  threat_obs_computed=3992  threat_obs_nonzero=3992  priority_block:demoted=1582  dominated_spread=608
[guards @ 14300 decisions] zero_damage:demoted=5954  guards_ran=4389  threat_obs_computed=4038  threat_obs_nonzero=4038  priority_block:demoted=1603  dominated_spread=614
[guards @ 14350 decisions] zero_damage:demoted=6006  guards_ran=4439  threat_obs_computed=4086  threat_obs_nonzero=4086  priority_block:demoted=1617  dominated_spread=622
[guards @ 14400 decisions] zero_damage:demoted=6058  guards_ran=4489  threat_obs_computed=4133  threat_obs_nonzero=4133  priority_block:demoted=1631  dominated_spread=629
[guards @ 14450 decisions] zero_damage:demoted=6136  guards_ran=4539  threat_obs_computed=4180  threat_obs_nonzero=4180  priority_block:demoted=1652  dominated_spread=642
[guards @ 14500 decisions] zero_damage:demoted=6214  guards_ran=4589  threat_obs_computed=4225  threat_obs_nonzero=4225  priority_block:demoted=1673  dominated_spread=656
[guards @ 14550 decisions] zero_damage:demoted=6294  guards_ran=4639  threat_obs_computed=4270  threat_obs_nonzero=4270  priority_block:demoted=1701  dominated_spread=664
[guards @ 14600 decisions] zero_damage:demoted=6346  guards_ran=4689  threat_obs_computed=4317  threat_obs_nonzero=4317  priority_block:demoted=1715  dominated_spread=671
[guards @ 14650 decisions] zero_damage:demoted=6412  guards_ran=4739  threat_obs_computed=4363  threat_obs_nonzero=4363  priority_block:demoted=1736  dominated_spread=680
[guards @ 14700 decisions] zero_damage:demoted=6476  guards_ran=4789  threat_obs_computed=4409  threat_obs_nonzero=4409  priority_block:demoted=1750  dominated_spread=687
[guards @ 14750 decisions] zero_damage:demoted=6528  guards_ran=4839  threat_obs_computed=4457  threat_obs_nonzero=4457  priority_block:demoted=1764  dominated_spread=694
[guards @ 14800 decisions] zero_damage:demoted=6606  guards_ran=4889  threat_obs_computed=4503  threat_obs_nonzero=4503  priority_block:demoted=1785  dominated_spread=701
[guards @ 14850 decisions] zero_damage:demoted=6658  guards_ran=4939  threat_obs_computed=4551  threat_obs_nonzero=4551  priority_block:demoted=1799  dominated_spread=707
[guards @ 14900 decisions] zero_damage:demoted=6736  guards_ran=4989  threat_obs_computed=4598  threat_obs_nonzero=4598  priority_block:demoted=1820  dominated_spread=712
[guards @ 14950 decisions] zero_damage:demoted=6814  guards_ran=5039  threat_obs_computed=4645  threat_obs_nonzero=4645  priority_block:demoted=1841  dominated_spread=716
[guards @ 15000 decisions] zero_damage:demoted=6892  guards_ran=5089  threat_obs_computed=4692  threat_obs_nonzero=4692  priority_block:demoted=1862  dominated_spread=725
[guards @ 15050 decisions] zero_damage:demoted=6944  guards_ran=5139  threat_obs_computed=4740  threat_obs_nonzero=4740  priority_block:demoted=1876  dominated_spread=731
[guards @ 15100 decisions] zero_damage:demoted=7022  guards_ran=5189  threat_obs_computed=4786  threat_obs_nonzero=4786  priority_block:demoted=1897  dominated_spread=738
[guards @ 15150 decisions] zero_damage:demoted=7074  guards_ran=5239  threat_obs_computed=4832  threat_obs_nonzero=4832  priority_block:demoted=1911  dominated_spread=743
[guards @ 15200 decisions] zero_damage:demoted=7152  guards_ran=5289  threat_obs_computed=4876  threat_obs_nonzero=4876  priority_block:demoted=1932  dominated_spread=747
[guards @ 15250 decisions] zero_damage:demoted=7218  guards_ran=5339  threat_obs_computed=4924  threat_obs_nonzero=4924  priority_block:demoted=1953  dominated_spread=757
[guards @ 15300 decisions] zero_damage:demoted=7270  guards_ran=5389  threat_obs_computed=4970  threat_obs_nonzero=4970  priority_block:demoted=1967  dominated_spread=762
[guards @ 15350 decisions] zero_damage:demoted=7334  guards_ran=5439  threat_obs_computed=5015  threat_obs_nonzero=5015  priority_block:demoted=1981  dominated_spread=769
[guards @ 15400 decisions] zero_damage:demoted=7400  guards_ran=5489  threat_obs_computed=5062  threat_obs_nonzero=5062  priority_block:demoted=2002  dominated_spread=777
[guards @ 15450 decisions] zero_damage:demoted=7464  guards_ran=5539  threat_obs_computed=5109  threat_obs_nonzero=5109  priority_block:demoted=2016  dominated_spread=787
[guards @ 15500 decisions] zero_damage:demoted=7542  guards_ran=5589  threat_obs_computed=5152  threat_obs_nonzero=5152  priority_block:demoted=2037  dominated_spread=793
[guards @ 15550 decisions] zero_damage:demoted=7594  guards_ran=5639  threat_obs_computed=5200  threat_obs_nonzero=5200  priority_block:demoted=2051  dominated_spread=804
[guards @ 15600 decisions] zero_damage:demoted=7646  guards_ran=5689  threat_obs_computed=5246  threat_obs_nonzero=5246  priority_block:demoted=2065  dominated_spread=818
[guards @ 15650 decisions] zero_damage:demoted=7724  guards_ran=5739  threat_obs_computed=5290  threat_obs_nonzero=5290  priority_block:demoted=2086  dominated_spread=824
[guards @ 15700 decisions] zero_damage:demoted=7802  guards_ran=5789  threat_obs_computed=5336  threat_obs_nonzero=5336  priority_block:demoted=2107  dominated_spread=831
[guards @ 15750 decisions] zero_damage:demoted=7854  guards_ran=5839  threat_obs_computed=5381  threat_obs_nonzero=5381  priority_block:demoted=2121  dominated_spread=840
[guards @ 15800 decisions] zero_damage:demoted=7932  guards_ran=5889  threat_obs_computed=5425  threat_obs_nonzero=5425  priority_block:demoted=2142  dominated_spread=846
[guards @ 15850 decisions] zero_damage:demoted=7984  guards_ran=5939  threat_obs_computed=5472  threat_obs_nonzero=5472  priority_block:demoted=2156  dominated_spread=853
[guards @ 15900 decisions] zero_damage:demoted=8064  guards_ran=5989  threat_obs_computed=5519  threat_obs_nonzero=5519  priority_block:demoted=2184  dominated_spread=862
[guards @ 15950 decisions] zero_damage:demoted=8116  guards_ran=6039  threat_obs_computed=5567  threat_obs_nonzero=5567  priority_block:demoted=2198  dominated_spread=871
[guards @ 16000 decisions] zero_damage:demoted=8194  guards_ran=6089  threat_obs_computed=5613  threat_obs_nonzero=5613  priority_block:demoted=2219  dominated_spread=878
[guards @ 16050 decisions] zero_damage:demoted=8246  guards_ran=6139  threat_obs_computed=5660  threat_obs_nonzero=5660  priority_block:demoted=2233  dominated_spread=884
[guards @ 16100 decisions] zero_damage:demoted=8312  guards_ran=6189  threat_obs_computed=5707  threat_obs_nonzero=5707  priority_block:demoted=2254  dominated_spread=895
[guards @ 16150 decisions] zero_damage:demoted=8376  guards_ran=6239  threat_obs_computed=5753  threat_obs_nonzero=5753  priority_block:demoted=2268  dominated_spread=900
[guards @ 16200 decisions] zero_damage:demoted=8454  guards_ran=6289  threat_obs_computed=5798  threat_obs_nonzero=5798  priority_block:demoted=2289  dominated_spread=905
[guards @ 16250 decisions] zero_damage:demoted=8532  guards_ran=6339  threat_obs_computed=5843  threat_obs_nonzero=5843  priority_block:demoted=2310  dominated_spread=911
[guards @ 16300 decisions] zero_damage:demoted=8584  guards_ran=6389  threat_obs_computed=5887  threat_obs_nonzero=5887  priority_block:demoted=2324  dominated_spread=916
[guards @ 16350 decisions] zero_damage:demoted=8662  guards_ran=6439  threat_obs_computed=5934  threat_obs_nonzero=5934  priority_block:demoted=2345  dominated_spread=922
[guards @ 16400 decisions] zero_damage:demoted=8714  guards_ran=6489  threat_obs_computed=5981  threat_obs_nonzero=5981  priority_block:demoted=2359  dominated_spread=927
[guards @ 16450 decisions] zero_damage:demoted=8806  guards_ran=6539  threat_obs_computed=6026  threat_obs_nonzero=6026  priority_block:demoted=2387  dominated_spread=932
[guards @ 16500 decisions] zero_damage:demoted=8870  guards_ran=6589  threat_obs_computed=6073  threat_obs_nonzero=6073  priority_block:demoted=2401  dominated_spread=942
[guards @ 16550 decisions] zero_damage:demoted=8922  guards_ran=6639  threat_obs_computed=6119  threat_obs_nonzero=6119  priority_block:demoted=2415  dominated_spread=950
[guards @ 16600 decisions] zero_damage:demoted=9000  guards_ran=6689  threat_obs_computed=6161  threat_obs_nonzero=6161  priority_block:demoted=2436  dominated_spread=958
[guards @ 16650 decisions] zero_damage:demoted=9040  guards_ran=6739  threat_obs_computed=6209  threat_obs_nonzero=6209  priority_block:demoted=2450  dominated_spread=964
[guards @ 16700 decisions] zero_damage:demoted=9104  guards_ran=6789  threat_obs_computed=6256  threat_obs_nonzero=6256  priority_block:demoted=2464  dominated_spread=970
[guards @ 16750 decisions] zero_damage:demoted=9184  guards_ran=6839  threat_obs_computed=6300  threat_obs_nonzero=6300  priority_block:demoted=2492  dominated_spread=979
[guards @ 16800 decisions] zero_damage:demoted=9236  guards_ran=6889  threat_obs_computed=6346  threat_obs_nonzero=6346  priority_block:demoted=2506  dominated_spread=988
[guards @ 16850 decisions] zero_damage:demoted=9314  guards_ran=6939  threat_obs_computed=6393  threat_obs_nonzero=6393  priority_block:demoted=2527  dominated_spread=992
[guards @ 16900 decisions] zero_damage:demoted=9380  guards_ran=6989  threat_obs_computed=6440  threat_obs_nonzero=6440  priority_block:demoted=2548  dominated_spread=1001
[guards @ 16950 decisions] zero_damage:demoted=9444  guards_ran=7039  threat_obs_computed=6487  threat_obs_nonzero=6487  priority_block:demoted=2562  dominated_spread=1012
[guards @ 17000 decisions] zero_damage:demoted=9522  guards_ran=7089  threat_obs_computed=6533  threat_obs_nonzero=6533  priority_block:demoted=2583  dominated_spread=1022
[guards @ 17050 decisions] zero_damage:demoted=9600  guards_ran=7139  threat_obs_computed=6577  threat_obs_nonzero=6577  priority_block:demoted=2604  dominated_spread=1028
[guards @ 17100 decisions] zero_damage:demoted=9678  guards_ran=7189  threat_obs_computed=6622  threat_obs_nonzero=6622  priority_block:demoted=2625  dominated_spread=1035
[guards @ 17150 decisions] zero_damage:demoted=9756  guards_ran=7239  threat_obs_computed=6669  threat_obs_nonzero=6669  priority_block:demoted=2646  dominated_spread=1042
[guards @ 17200 decisions] zero_damage:demoted=9808  guards_ran=7289  threat_obs_computed=6717  threat_obs_nonzero=6717  priority_block:demoted=2660  dominated_spread=1045
[guards @ 17250 decisions] zero_damage:demoted=9834  guards_ran=7339  threat_obs_computed=6766  threat_obs_nonzero=6766  priority_block:demoted=2667  dominated_spread=1049
[guards @ 17300 decisions] zero_damage:demoted=9900  guards_ran=7389  threat_obs_computed=6812  threat_obs_nonzero=6812  priority_block:demoted=2688  dominated_spread=1059
[guards @ 17350 decisions] zero_damage:demoted=9964  guards_ran=7439  threat_obs_computed=6859  threat_obs_nonzero=6859  priority_block:demoted=2702  dominated_spread=1062
[guards @ 17400 decisions] zero_damage:demoted=10030  guards_ran=7489  threat_obs_computed=6906  threat_obs_nonzero=6906  priority_block:demoted=2723  dominated_spread=1068
[guards @ 17450 decisions] zero_damage:demoted=10094  guards_ran=7539  threat_obs_computed=6953  threat_obs_nonzero=6953  priority_block:demoted=2737  dominated_spread=1071
[guards @ 17500 decisions] zero_damage:demoted=10172  guards_ran=7589  threat_obs_computed=6998  threat_obs_nonzero=6998  priority_block:demoted=2758  dominated_spread=1077
[guards @ 17550 decisions] zero_damage:demoted=10250  guards_ran=7639  threat_obs_computed=7044  threat_obs_nonzero=7044  priority_block:demoted=2779  dominated_spread=1085
[guards @ 17600 decisions] zero_damage:demoted=10290  guards_ran=7689  threat_obs_computed=7093  threat_obs_nonzero=7093  priority_block:demoted=2793  dominated_spread=1095
[guards @ 17650 decisions] zero_damage:demoted=10354  guards_ran=7739  threat_obs_computed=7138  threat_obs_nonzero=7138  priority_block:demoted=2807  dominated_spread=1103
[guards @ 17700 decisions] zero_damage:demoted=10458  guards_ran=7789  threat_obs_computed=7182  threat_obs_nonzero=7182  priority_block:demoted=2835  dominated_spread=1110
[guards @ 17750 decisions] zero_damage:demoted=10498  guards_ran=7839  threat_obs_computed=7229  threat_obs_nonzero=7229  priority_block:demoted=2849  dominated_spread=1114
[guards @ 17800 decisions] zero_damage:demoted=10562  guards_ran=7889  threat_obs_computed=7272  threat_obs_nonzero=7272  priority_block:demoted=2863  dominated_spread=1124
[guards @ 17850 decisions] zero_damage:demoted=10628  guards_ran=7939  threat_obs_computed=7320  threat_obs_nonzero=7320  priority_block:demoted=2884  dominated_spread=1138
[guards @ 17900 decisions] zero_damage:demoted=10692  guards_ran=7989  threat_obs_computed=7365  threat_obs_nonzero=7365  priority_block:demoted=2898  dominated_spread=1150
[guards @ 17950 decisions] zero_damage:demoted=10770  guards_ran=8039  threat_obs_computed=7409  threat_obs_nonzero=7409  priority_block:demoted=2919  dominated_spread=1158
[guards @ 18000 decisions] zero_damage:demoted=10836  guards_ran=8089  threat_obs_computed=7454  threat_obs_nonzero=7454  priority_block:demoted=2940  dominated_spread=1164
[guards @ 18050 decisions] zero_damage:demoted=10900  guards_ran=8139  threat_obs_computed=7499  threat_obs_nonzero=7499  priority_block:demoted=2954  dominated_spread=1171
[guards @ 18100 decisions] zero_damage:demoted=10952  guards_ran=8189  threat_obs_computed=7547  threat_obs_nonzero=7547  priority_block:demoted=2968  dominated_spread=1179
[guards @ 18150 decisions] zero_damage:demoted=11030  guards_ran=8239  threat_obs_computed=7591  threat_obs_nonzero=7591  priority_block:demoted=2989  dominated_spread=1187
[guards @ 18200 decisions] zero_damage:demoted=11108  guards_ran=8289  threat_obs_computed=7638  threat_obs_nonzero=7638  priority_block:demoted=3010  dominated_spread=1197
[guards @ 18250 decisions] zero_damage:demoted=11186  guards_ran=8339  threat_obs_computed=7683  threat_obs_nonzero=7683  priority_block:demoted=3031  dominated_spread=1204
[guards @ 18300 decisions] zero_damage:demoted=11264  guards_ran=8389  threat_obs_computed=7727  threat_obs_nonzero=7727  priority_block:demoted=3052  dominated_spread=1210
[guards @ 18350 decisions] zero_damage:demoted=11316  guards_ran=8439  threat_obs_computed=7773  threat_obs_nonzero=7773  priority_block:demoted=3066  dominated_spread=1220
[guards @ 18400 decisions] zero_damage:demoted=11342  guards_ran=8489  threat_obs_computed=7821  threat_obs_nonzero=7821  priority_block:demoted=3073  dominated_spread=1227
[guards @ 18450 decisions] zero_damage:demoted=11420  guards_ran=8539  threat_obs_computed=7867  threat_obs_nonzero=7867  priority_block:demoted=3094  dominated_spread=1231
[guards @ 18500 decisions] zero_damage:demoted=11498  guards_ran=8589  threat_obs_computed=7911  threat_obs_nonzero=7911  priority_block:demoted=3115  dominated_spread=1239
[guards @ 18550 decisions] zero_damage:demoted=11550  guards_ran=8639  threat_obs_computed=7958  threat_obs_nonzero=7958  priority_block:demoted=3129  dominated_spread=1248
[guards @ 18600 decisions] zero_damage:demoted=11628  guards_ran=8689  threat_obs_computed=8003  threat_obs_nonzero=8003  priority_block:demoted=3150  dominated_spread=1255
[guards @ 18650 decisions] zero_damage:demoted=11694  guards_ran=8739  threat_obs_computed=8051  threat_obs_nonzero=8051  priority_block:demoted=3171  dominated_spread=1263
[guards @ 18700 decisions] zero_damage:demoted=11760  guards_ran=8789  threat_obs_computed=8099  threat_obs_nonzero=8099  priority_block:demoted=3192  dominated_spread=1268
[guards @ 18750 decisions] zero_damage:demoted=11812  guards_ran=8839  threat_obs_computed=8146  threat_obs_nonzero=8146  priority_block:demoted=3206  dominated_spread=1271
[guards @ 18800 decisions] zero_damage:demoted=11890  guards_ran=8889  threat_obs_computed=8192  threat_obs_nonzero=8192  priority_block:demoted=3227  dominated_spread=1282
[guards @ 18850 decisions] zero_damage:demoted=11968  guards_ran=8939  threat_obs_computed=8235  threat_obs_nonzero=8235  priority_block:demoted=3248  dominated_spread=1292
[guards @ 18900 decisions] zero_damage:demoted=12020  guards_ran=8989  threat_obs_computed=8282  threat_obs_nonzero=8282  priority_block:demoted=3262  dominated_spread=1300
[guards @ 18950 decisions] zero_damage:demoted=12072  guards_ran=9039  threat_obs_computed=8329  threat_obs_nonzero=8329  priority_block:demoted=3276  dominated_spread=1305
[guards @ 19000 decisions] zero_damage:demoted=12150  guards_ran=9089  threat_obs_computed=8375  threat_obs_nonzero=8375  priority_block:demoted=3297  dominated_spread=1312
[guards @ 19050 decisions] zero_damage:demoted=12202  guards_ran=9139  threat_obs_computed=8421  threat_obs_nonzero=8421  priority_block:demoted=3311  dominated_spread=1322
[guards @ 19100 decisions] zero_damage:demoted=12280  guards_ran=9189  threat_obs_computed=8467  threat_obs_nonzero=8467  priority_block:demoted=3332  dominated_spread=1328
[guards @ 19150 decisions] zero_damage:demoted=12332  guards_ran=9239  threat_obs_computed=8513  threat_obs_nonzero=8513  priority_block:demoted=3346  dominated_spread=1334
[guards @ 19200 decisions] zero_damage:demoted=12410  guards_ran=9289  threat_obs_computed=8559  threat_obs_nonzero=8559  priority_block:demoted=3367  dominated_spread=1341
[guards @ 19250 decisions] zero_damage:demoted=12488  guards_ran=9339  threat_obs_computed=8605  threat_obs_nonzero=8605  priority_block:demoted=3388  dominated_spread=1356
[guards @ 19300 decisions] zero_damage:demoted=12540  guards_ran=9389  threat_obs_computed=8652  threat_obs_nonzero=8652  priority_block:demoted=3402  dominated_spread=1362
[guards @ 19350 decisions] zero_damage:demoted=12618  guards_ran=9439  threat_obs_computed=8699  threat_obs_nonzero=8699  priority_block:demoted=3423  dominated_spread=1368
[guards @ 19400 decisions] zero_damage:demoted=12696  guards_ran=9489  threat_obs_computed=8743  threat_obs_nonzero=8743  priority_block:demoted=3444  dominated_spread=1377
[guards @ 19450 decisions] zero_damage:demoted=12748  guards_ran=9539  threat_obs_computed=8791  threat_obs_nonzero=8791  priority_block:demoted=3458  dominated_spread=1386
[guards @ 19500 decisions] zero_damage:demoted=12814  guards_ran=9589  threat_obs_computed=8838  threat_obs_nonzero=8838  priority_block:demoted=3479  dominated_spread=1391
[guards @ 19550 decisions] zero_damage:demoted=12878  guards_ran=9639  threat_obs_computed=8884  threat_obs_nonzero=8884  priority_block:demoted=3493  dominated_spread=1401
[guards @ 19600 decisions] zero_damage:demoted=12956  guards_ran=9689  threat_obs_computed=8931  threat_obs_nonzero=8931  priority_block:demoted=3514  dominated_spread=1410
[guards @ 19650 decisions] zero_damage:demoted=13008  guards_ran=9739  threat_obs_computed=8978  threat_obs_nonzero=8978  priority_block:demoted=3528  dominated_spread=1418
block hidden=False a_first=False: A 255.0/500; running A 50.4% [47.3, 53.5]
[guards @ 19700 decisions] priority_block_prior:demoted=72  guards_ran=42  threat_obs_computed=37  threat_obs_nonzero=37  learned_preview=10  dominated_spread=6
[guards @ 19750 decisions] priority_block_prior:demoted=108  guards_ran=92  threat_obs_computed=83  threat_obs_nonzero=83  protect_spam:demoted=14  learned_preview=12
[guards @ 19800 decisions] priority_block_prior:demoted=144  guards_ran=142  threat_obs_computed=131  threat_obs_nonzero=131  learned_preview=18  protect_spam:demoted=15
[guards @ 19850 decisions] priority_block_prior:demoted=198  guards_ran=192  threat_obs_computed=176  threat_obs_nonzero=176  learned_preview=22  dominated_spread=17
[guards @ 19900 decisions] guards_ran=242  priority_block_prior:demoted=234  threat_obs_computed=222  threat_obs_nonzero=222  protect_spam:demoted=27  learned_preview=26
[guards @ 19950 decisions] guards_ran=292  threat_obs_computed=270  threat_obs_nonzero=270  priority_block_prior:demoted=270  protect_spam:demoted=33  learned_preview=30
[guards @ 20000 decisions] guards_ran=342  threat_obs_computed=318  threat_obs_nonzero=318  priority_block_prior:demoted=306  protect_spam:demoted=39  learned_preview=36
[guards @ 20050 decisions] guards_ran=392  threat_obs_computed=363  threat_obs_nonzero=363  priority_block_prior:demoted=360  learned_preview=40  protect_spam:demoted=39
[guards @ 20100 decisions] guards_ran=442  threat_obs_computed=410  threat_obs_nonzero=410  priority_block_prior:demoted=396  protect_spam:demoted=57  learned_preview=44
[guards @ 20150 decisions] guards_ran=492  threat_obs_computed=457  threat_obs_nonzero=457  priority_block_prior:demoted=432  protect_spam:demoted=70  learned_preview=50
[guards @ 20200 decisions] guards_ran=542  threat_obs_computed=505  threat_obs_nonzero=505  priority_block_prior:demoted=468  protect_spam:demoted=89  learned_preview=54
[guards @ 20250 decisions] guards_ran=592  threat_obs_computed=552  threat_obs_nonzero=552  priority_block_prior:demoted=516  protect_spam:demoted=95  learned_preview=58
[guards @ 20300 decisions] guards_ran=642  threat_obs_computed=598  threat_obs_nonzero=598  priority_block_prior:demoted=558  protect_spam:demoted=95  learned_preview=62
[guards @ 20350 decisions] guards_ran=692  threat_obs_computed=645  threat_obs_nonzero=645  priority_block_prior:demoted=594  protect_spam:demoted=101  learned_preview=68
[guards @ 20400 decisions] guards_ran=742  threat_obs_computed=691  threat_obs_nonzero=691  priority_block_prior:demoted=649  protect_spam:demoted=131  learned_preview=72
[guards @ 20450 decisions] guards_ran=792  threat_obs_computed=736  threat_obs_nonzero=736  priority_block_prior:demoted=691  protect_spam:demoted=143  learned_preview=76
[guards @ 20500 decisions] guards_ran=842  threat_obs_computed=783  threat_obs_nonzero=783  priority_block_prior:demoted=727  protect_spam:demoted=143  learned_preview=80
[guards @ 20550 decisions] guards_ran=892  threat_obs_computed=829  threat_obs_nonzero=829  priority_block_prior:demoted=763  protect_spam:demoted=149  learned_preview=86
[guards @ 20600 decisions] guards_ran=942  threat_obs_computed=876  threat_obs_nonzero=876  priority_block_prior:demoted=811  protect_spam:demoted=162  learned_preview=90
[guards @ 20650 decisions] guards_ran=992  threat_obs_computed=922  threat_obs_nonzero=922  priority_block_prior:demoted=853  protect_spam:demoted=162  learned_preview=94
[guards @ 20700 decisions] guards_ran=1042  threat_obs_computed=969  threat_obs_nonzero=969  priority_block_prior:demoted=889  protect_spam:demoted=169  learned_preview=98
[guards @ 20750 decisions] guards_ran=1092  threat_obs_computed=1013  threat_obs_nonzero=1013  priority_block_prior:demoted=943  protect_spam:demoted=169  learned_preview=104
[guards @ 20800 decisions] guards_ran=1142  threat_obs_computed=1061  threat_obs_nonzero=1061  priority_block_prior:demoted=979  protect_spam:demoted=169  learned_preview=110
[guards @ 20850 decisions] guards_ran=1192  threat_obs_computed=1106  threat_obs_nonzero=1106  priority_block_prior:demoted=1033  protect_spam:demoted=181  learned_preview=114
[guards @ 20900 decisions] guards_ran=1242  threat_obs_computed=1150  threat_obs_nonzero=1150  priority_block_prior:demoted=1069  protect_spam:demoted=181  learned_preview=118
[guards @ 20950 decisions] guards_ran=1292  threat_obs_computed=1194  threat_obs_nonzero=1194  priority_block_prior:demoted=1123  protect_spam:demoted=205  learned_preview=124
[guards @ 21000 decisions] guards_ran=1342  threat_obs_computed=1241  threat_obs_nonzero=1241  priority_block_prior:demoted=1159  protect_spam:demoted=206  learned_preview=128
[guards @ 21050 decisions] guards_ran=1392  threat_obs_computed=1287  threat_obs_nonzero=1287  priority_block_prior:demoted=1195  protect_spam:demoted=206  learned_preview=132
[guards @ 21100 decisions] guards_ran=1442  threat_obs_computed=1331  threat_obs_nonzero=1331  priority_block_prior:demoted=1249  protect_spam:demoted=206  learned_preview=138
[guards @ 21150 decisions] guards_ran=1492  threat_obs_computed=1376  threat_obs_nonzero=1376  priority_block_prior:demoted=1285  protect_spam:demoted=206  learned_preview=142
[guards @ 21200 decisions] guards_ran=1542  threat_obs_computed=1422  threat_obs_nonzero=1422  priority_block_prior:demoted=1330  protect_spam:demoted=206  learned_preview=148
[guards @ 21250 decisions] guards_ran=1592  threat_obs_computed=1468  threat_obs_nonzero=1468  priority_block_prior:demoted=1378  protect_spam:demoted=206  learned_preview=152
[guards @ 21300 decisions] guards_ran=1642  threat_obs_computed=1513  threat_obs_nonzero=1513  priority_block_prior:demoted=1420  protect_spam:demoted=206  learned_preview=156
[guards @ 21350 decisions] guards_ran=1692  threat_obs_computed=1559  threat_obs_nonzero=1559  priority_block_prior:demoted=1456  protect_spam:demoted=213  learned_preview=160
[guards @ 21400 decisions] guards_ran=1742  threat_obs_computed=1607  threat_obs_nonzero=1607  priority_block_prior:demoted=1504  protect_spam:demoted=213  learned_preview=166
[guards @ 21450 decisions] guards_ran=1792  threat_obs_computed=1653  threat_obs_nonzero=1653  priority_block_prior:demoted=1546  protect_spam:demoted=213  learned_preview=170
[guards @ 21500 decisions] guards_ran=1842  threat_obs_computed=1698  threat_obs_nonzero=1698  priority_block_prior:demoted=1608  protect_spam:demoted=214  learned_preview=176
[guards @ 21550 decisions] guards_ran=1892  threat_obs_computed=1745  threat_obs_nonzero=1745  priority_block_prior:demoted=1644  protect_spam:demoted=226  learned_preview=180
[guards @ 21600 decisions] guards_ran=1942  threat_obs_computed=1793  threat_obs_nonzero=1793  priority_block_prior:demoted=1674  protect_spam:demoted=232  learned_preview=184
[guards @ 21650 decisions] guards_ran=1992  threat_obs_computed=1839  threat_obs_nonzero=1839  priority_block_prior:demoted=1716  protect_spam:demoted=233  learned_preview=188
[guards @ 21700 decisions] guards_ran=2042  threat_obs_computed=1885  threat_obs_nonzero=1885  priority_block_prior:demoted=1770  protect_spam:demoted=233  learned_preview=194
[guards @ 21750 decisions] guards_ran=2092  threat_obs_computed=1932  threat_obs_nonzero=1932  priority_block_prior:demoted=1806  protect_spam:demoted=233  learned_preview=198
[guards @ 21800 decisions] guards_ran=2142  threat_obs_computed=1980  threat_obs_nonzero=1980  priority_block_prior:demoted=1842  protect_spam:demoted=239  learned_preview=202
[guards @ 21850 decisions] guards_ran=2192  threat_obs_computed=2025  threat_obs_nonzero=2025  priority_block_prior:demoted=1890  protect_spam:demoted=239  learned_preview=208
[guards @ 21900 decisions] guards_ran=2242  threat_obs_computed=2072  threat_obs_nonzero=2072  priority_block_prior:demoted=1932  protect_spam:demoted=239  learned_preview=212
[guards @ 21950 decisions] guards_ran=2292  threat_obs_computed=2119  threat_obs_nonzero=2119  priority_block_prior:demoted=1968  protect_spam:demoted=239  learned_preview=216
[guards @ 22000 decisions] guards_ran=2342  threat_obs_computed=2166  threat_obs_nonzero=2166  priority_block_prior:demoted=2004  protect_spam:demoted=251  learned_preview=220
[guards @ 22050 decisions] guards_ran=2392  threat_obs_computed=2212  threat_obs_nonzero=2212  priority_block_prior:demoted=2052  protect_spam:demoted=251  learned_preview=226
[guards @ 22100 decisions] guards_ran=2442  threat_obs_computed=2259  threat_obs_nonzero=2259  priority_block_prior:demoted=2094  protect_spam:demoted=251  learned_preview=230
[guards @ 22150 decisions] guards_ran=2492  threat_obs_computed=2305  threat_obs_nonzero=2305  priority_block_prior:demoted=2130  protect_spam:demoted=252  learned_preview=234
[guards @ 22200 decisions] guards_ran=2542  threat_obs_computed=2351  threat_obs_nonzero=2351  priority_block_prior:demoted=2184  protect_spam:demoted=258  learned_preview=240
[guards @ 22250 decisions] guards_ran=2592  threat_obs_computed=2396  threat_obs_nonzero=2396  priority_block_prior:demoted=2220  protect_spam:demoted=258  learned_preview=244
[guards @ 22300 decisions] guards_ran=2642  threat_obs_computed=2443  threat_obs_nonzero=2443  priority_block_prior:demoted=2264  protect_spam:demoted=258  learned_preview=248
[guards @ 22350 decisions] guards_ran=2692  threat_obs_computed=2488  threat_obs_nonzero=2488  priority_block_prior:demoted=2318  protect_spam:demoted=259  learned_preview=254
[guards @ 22400 decisions] guards_ran=2742  threat_obs_computed=2536  threat_obs_nonzero=2536  priority_block_prior:demoted=2354  learned_preview=260  protect_spam:demoted=259
[guards @ 22450 decisions] guards_ran=2792  threat_obs_computed=2581  threat_obs_nonzero=2581  priority_block_prior:demoted=2408  learned_preview=264  protect_spam:demoted=260
[guards @ 22500 decisions] guards_ran=2842  threat_obs_computed=2628  threat_obs_nonzero=2628  priority_block_prior:demoted=2444  learned_preview=268  protect_spam:demoted=263
[guards @ 22550 decisions] guards_ran=2892  threat_obs_computed=2670  threat_obs_nonzero=2670  priority_block_prior:demoted=2480  learned_preview=272  dominated_attack=266
[guards @ 22600 decisions] guards_ran=2942  threat_obs_computed=2715  threat_obs_nonzero=2715  priority_block_prior:demoted=2528  learned_preview=278  dominated_attack=268
[guards @ 22650 decisions] guards_ran=2992  threat_obs_computed=2759  threat_obs_nonzero=2759  priority_block_prior:demoted=2570  learned_preview=284  dominated_attack=271
[guards @ 22700 decisions] guards_ran=3042  threat_obs_computed=2805  threat_obs_nonzero=2805  priority_block_prior:demoted=2624  learned_preview=288  dominated_attack=277
[guards @ 22750 decisions] guards_ran=3092  threat_obs_computed=2851  threat_obs_nonzero=2851  priority_block_prior:demoted=2660  learned_preview=292  dominated_attack=283
[guards @ 22800 decisions] guards_ran=3142  threat_obs_computed=2899  threat_obs_nonzero=2899  priority_block_prior:demoted=2696  learned_preview=298  dominated_attack=287
[guards @ 22850 decisions] guards_ran=3192  threat_obs_computed=2945  threat_obs_nonzero=2945  priority_block_prior:demoted=2732  learned_preview=302  dominated_attack=289
[guards @ 22900 decisions] guards_ran=3242  threat_obs_computed=2992  threat_obs_nonzero=2992  priority_block_prior:demoted=2786  learned_preview=306  dominated_attack=293
[guards @ 22950 decisions] guards_ran=3292  threat_obs_computed=3040  threat_obs_nonzero=3040  priority_block_prior:demoted=2822  learned_preview=310  dominated_attack=305
[guards @ 23000 decisions] guards_ran=3342  threat_obs_computed=3088  threat_obs_nonzero=3088  priority_block_prior:demoted=2858  learned_preview=314  dominated_attack=311
[guards @ 23050 decisions] guards_ran=3392  threat_obs_computed=3135  threat_obs_nonzero=3135  priority_block_prior:demoted=2894  learned_preview=318  dominated_attack=314
[guards @ 23100 decisions] guards_ran=3442  threat_obs_computed=3183  threat_obs_nonzero=3183  priority_block_prior:demoted=2930  learned_preview=322  dominated_attack=320
[guards @ 23150 decisions] guards_ran=3492  threat_obs_computed=3231  threat_obs_nonzero=3231  priority_block_prior:demoted=2966  learned_preview=328  dominated_attack=325
[guards @ 23200 decisions] guards_ran=3542  threat_obs_computed=3279  threat_obs_nonzero=3279  priority_block_prior:demoted=3002  dominated_attack=331  dominated_attack:promoted:demoted=331
[guards @ 23250 decisions] guards_ran=3592  threat_obs_computed=3327  threat_obs_nonzero=3327  priority_block_prior:demoted=3050  dominated_attack=337  dominated_attack:promoted:demoted=337
[guards @ 23300 decisions] guards_ran=3642  threat_obs_computed=3371  threat_obs_nonzero=3371  priority_block_prior:demoted=3092  dominated_attack=341  dominated_attack:promoted:demoted=341
[guards @ 23350 decisions] guards_ran=3692  threat_obs_computed=3419  threat_obs_nonzero=3419  priority_block_prior:demoted=3128  learned_preview=346  dominated_attack=345
[guards @ 23400 decisions] guards_ran=3742  threat_obs_computed=3465  threat_obs_nonzero=3465  priority_block_prior:demoted=3176  dominated_attack=351  dominated_attack:promoted:demoted=351
[guards @ 23450 decisions] guards_ran=3792  threat_obs_computed=3510  threat_obs_nonzero=3510  priority_block_prior:demoted=3218  learned_preview=354  dominated_attack=354
[guards @ 23500 decisions] guards_ran=3842  threat_obs_computed=3556  threat_obs_nonzero=3556  priority_block_prior:demoted=3254  learned_preview=358  dominated_attack=355
[guards @ 23550 decisions] guards_ran=3892  threat_obs_computed=3604  threat_obs_nonzero=3604  priority_block_prior:demoted=3290  learned_preview=364  dominated_attack=363
[guards @ 23600 decisions] guards_ran=3942  threat_obs_computed=3648  threat_obs_nonzero=3648  priority_block_prior:demoted=3344  learned_preview=368  dominated_attack=366
[guards @ 23650 decisions] guards_ran=3992  threat_obs_computed=3696  threat_obs_nonzero=3696  priority_block_prior:demoted=3392  learned_preview=374  dominated_attack=373
[guards @ 23700 decisions] guards_ran=4042  threat_obs_computed=3743  threat_obs_nonzero=3743  priority_block_prior:demoted=3428  learned_preview=378  dominated_attack=376
[guards @ 23750 decisions] guards_ran=4092  threat_obs_computed=3787  threat_obs_nonzero=3787  priority_block_prior:demoted=3470  learned_preview=382  dominated_attack=382
[guards @ 23800 decisions] guards_ran=4142  threat_obs_computed=3834  threat_obs_nonzero=3834  priority_block_prior:demoted=3506  dominated_attack=387  dominated_attack:promoted:demoted=387
[guards @ 23850 decisions] guards_ran=4192  threat_obs_computed=3881  threat_obs_nonzero=3881  priority_block_prior:demoted=3542  learned_preview=392  dominated_attack=390
[guards @ 23900 decisions] guards_ran=4242  threat_obs_computed=3927  threat_obs_nonzero=3927  priority_block_prior:demoted=3596  learned_preview=396  dominated_attack=394
[guards @ 23950 decisions] guards_ran=4292  threat_obs_computed=3974  threat_obs_nonzero=3974  priority_block_prior:demoted=3632  learned_preview=400  dominated_attack=398
[guards @ 24000 decisions] guards_ran=4342  threat_obs_computed=4022  threat_obs_nonzero=4022  priority_block_prior:demoted=3674  dominated_attack=405  dominated_attack:promoted:demoted=405
[guards @ 24050 decisions] guards_ran=4392  threat_obs_computed=4069  threat_obs_nonzero=4069  priority_block_prior:demoted=3710  learned_preview=410  dominated_attack=409
[guards @ 24100 decisions] guards_ran=4442  threat_obs_computed=4116  threat_obs_nonzero=4116  priority_block_prior:demoted=3746  learned_preview=414  dominated_attack=412
[guards @ 24150 decisions] guards_ran=4492  threat_obs_computed=4160  threat_obs_nonzero=4160  priority_block_prior:demoted=3800  learned_preview=418  dominated_attack=414
[guards @ 24200 decisions] guards_ran=4542  threat_obs_computed=4207  threat_obs_nonzero=4207  priority_block_prior:demoted=3836  learned_preview=422  dominated_attack=417
[guards @ 24250 decisions] guards_ran=4592  threat_obs_computed=4254  threat_obs_nonzero=4254  priority_block_prior:demoted=3890  learned_preview=428  dominated_attack=425
[guards @ 24300 decisions] guards_ran=4642  threat_obs_computed=4300  threat_obs_nonzero=4300  priority_block_prior:demoted=3926  learned_preview=432  dominated_attack=431
[guards @ 24350 decisions] guards_ran=4692  threat_obs_computed=4346  threat_obs_nonzero=4346  priority_block_prior:demoted=3974  learned_preview=438  dominated_attack=435
[guards @ 24400 decisions] guards_ran=4742  threat_obs_computed=4392  threat_obs_nonzero=4392  priority_block_prior:demoted=4016  learned_preview=444  dominated_attack=439
[guards @ 24450 decisions] guards_ran=4792  threat_obs_computed=4438  threat_obs_nonzero=4438  priority_block_prior:demoted=4052  learned_preview=448  dominated_attack=447
[guards @ 24500 decisions] guards_ran=4842  threat_obs_computed=4485  threat_obs_nonzero=4485  priority_block_prior:demoted=4088  dominated_attack=451  dominated_attack:promoted:demoted=451
[guards @ 24550 decisions] guards_ran=4892  threat_obs_computed=4530  threat_obs_nonzero=4530  priority_block_prior:demoted=4142  learned_preview=456  dominated_attack=452
[guards @ 24600 decisions] guards_ran=4942  threat_obs_computed=4576  threat_obs_nonzero=4576  priority_block_prior:demoted=4178  learned_preview=460  dominated_attack=459
[guards @ 24650 decisions] guards_ran=4992  threat_obs_computed=4623  threat_obs_nonzero=4623  priority_block_prior:demoted=4214  dominated_attack=468  dominated_attack:promoted:demoted=468
[guards @ 24700 decisions] guards_ran=5042  threat_obs_computed=4670  threat_obs_nonzero=4670  priority_block_prior:demoted=4250  dominated_attack=472  dominated_attack:promoted:demoted=472
[guards @ 24750 decisions] guards_ran=5092  threat_obs_computed=4716  threat_obs_nonzero=4716  priority_block_prior:demoted=4298  dominated_attack=475  dominated_attack:promoted:demoted=475
[guards @ 24800 decisions] guards_ran=5142  threat_obs_computed=4759  threat_obs_nonzero=4759  priority_block_prior:demoted=4340  dominated_attack=479  dominated_attack:promoted:demoted=479
[guards @ 24850 decisions] guards_ran=5192  threat_obs_computed=4806  threat_obs_nonzero=4806  priority_block_prior:demoted=4376  dominated_attack=488  dominated_attack:promoted:demoted=488
[guards @ 24900 decisions] guards_ran=5242  threat_obs_computed=4853  threat_obs_nonzero=4853  priority_block_prior:demoted=4412  dominated_attack=490  dominated_attack:promoted:demoted=490
[guards @ 24950 decisions] guards_ran=5292  threat_obs_computed=4899  threat_obs_nonzero=4899  priority_block_prior:demoted=4460  dominated_attack=494  dominated_attack:promoted:demoted=494
[guards @ 25000 decisions] guards_ran=5342  threat_obs_computed=4945  threat_obs_nonzero=4945  priority_block_prior:demoted=4502  dominated_attack=497  dominated_attack:promoted:demoted=497
[guards @ 25050 decisions] guards_ran=5392  threat_obs_computed=4992  threat_obs_nonzero=4992  priority_block_prior:demoted=4538  dominated_attack=502  dominated_attack:promoted:demoted=502
[guards @ 25100 decisions] guards_ran=5442  threat_obs_computed=5040  threat_obs_nonzero=5040  priority_block_prior:demoted=4574  dominated_attack=505  dominated_attack:promoted:demoted=505
[guards @ 25150 decisions] guards_ran=5492  threat_obs_computed=5088  threat_obs_nonzero=5088  priority_block_prior:demoted=4622  learned_preview=510  dominated_attack=508
[guards @ 25200 decisions] guards_ran=5542  threat_obs_computed=5135  threat_obs_nonzero=5135  priority_block_prior:demoted=4664  learned_preview=516  dominated_attack=515
[guards @ 25250 decisions] guards_ran=5592  threat_obs_computed=5180  threat_obs_nonzero=5180  priority_block_prior:demoted=4700  learned_preview=518  dominated_attack=518
[guards @ 25300 decisions] guards_ran=5642  threat_obs_computed=5228  threat_obs_nonzero=5228  priority_block_prior:demoted=4748  learned_preview=524  dominated_attack=523
[guards @ 25350 decisions] guards_ran=5692  threat_obs_computed=5272  threat_obs_nonzero=5272  priority_block_prior:demoted=4790  learned_preview=530  dominated_attack=527
[guards @ 25400 decisions] guards_ran=5742  threat_obs_computed=5319  threat_obs_nonzero=5319  priority_block_prior:demoted=4844  dominated_attack=538  dominated_attack:promoted:demoted=538
[guards @ 25450 decisions] guards_ran=5792  threat_obs_computed=5366  threat_obs_nonzero=5366  priority_block_prior:demoted=4880  dominated_attack=545  dominated_attack:promoted:demoted=545
[guards @ 25500 decisions] guards_ran=5842  threat_obs_computed=5413  threat_obs_nonzero=5413  priority_block_prior:demoted=4916  dominated_attack=551  dominated_attack:promoted:demoted=551
[guards @ 25550 decisions] guards_ran=5892  threat_obs_computed=5459  threat_obs_nonzero=5459  priority_block_prior:demoted=4952  dominated_attack=555  dominated_attack:promoted:demoted=555
[guards @ 25600 decisions] guards_ran=5942  threat_obs_computed=5503  threat_obs_nonzero=5503  priority_block_prior:demoted=5006  dominated_attack=558  dominated_attack:promoted:demoted=558
[guards @ 25650 decisions] guards_ran=5992  threat_obs_computed=5550  threat_obs_nonzero=5550  priority_block_prior:demoted=5042  dominated_attack=567  dominated_attack:promoted:demoted=567
[guards @ 25700 decisions] guards_ran=6042  threat_obs_computed=5593  threat_obs_nonzero=5593  priority_block_prior:demoted=5096  dominated_attack=568  dominated_attack:promoted:demoted=568
[guards @ 25750 decisions] guards_ran=6092  threat_obs_computed=5640  threat_obs_nonzero=5640  priority_block_prior:demoted=5132  dominated_attack=572  dominated_attack:promoted:demoted=572
[guards @ 25800 decisions] guards_ran=6142  threat_obs_computed=5684  threat_obs_nonzero=5684  priority_block_prior:demoted=5168  dominated_attack=578  dominated_attack:promoted:demoted=578
[guards @ 25850 decisions] guards_ran=6192  threat_obs_computed=5729  threat_obs_nonzero=5729  priority_block_prior:demoted=5222  dominated_attack=581  dominated_attack:promoted:demoted=581
[guards @ 25900 decisions] guards_ran=6242  threat_obs_computed=5776  threat_obs_nonzero=5776  priority_block_prior:demoted=5270  learned_preview=582  dominated_attack=582
[guards @ 25950 decisions] guards_ran=6292  threat_obs_computed=5822  threat_obs_nonzero=5822  priority_block_prior:demoted=5312  dominated_attack=590  dominated_attack:promoted:demoted=590
[guards @ 26000 decisions] guards_ran=6342  threat_obs_computed=5870  threat_obs_nonzero=5870  priority_block_prior:demoted=5348  dominated_attack=594  dominated_attack:promoted:demoted=594
[guards @ 26050 decisions] guards_ran=6392  threat_obs_computed=5915  threat_obs_nonzero=5915  priority_block_prior:demoted=5402  dominated_attack=597  dominated_attack:promoted:demoted=597
[guards @ 26100 decisions] guards_ran=6442  threat_obs_computed=5961  threat_obs_nonzero=5961  priority_block_prior:demoted=5450  learned_preview=602  dominated_attack=602
[guards @ 26150 decisions] guards_ran=6492  threat_obs_computed=6007  threat_obs_nonzero=6007  priority_block_prior:demoted=5492  learned_preview=606  dominated_attack=605
[guards @ 26200 decisions] guards_ran=6542  threat_obs_computed=6053  threat_obs_nonzero=6053  priority_block_prior:demoted=5528  learned_preview=612  dominated_attack=607
[guards @ 26250 decisions] guards_ran=6592  threat_obs_computed=6101  threat_obs_nonzero=6101  priority_block_prior:demoted=5564  learned_preview=614  dominated_attack=612
[guards @ 26300 decisions] guards_ran=6642  threat_obs_computed=6147  threat_obs_nonzero=6147  priority_block_prior:demoted=5612  learned_preview=620  dominated_attack=615
[guards @ 26350 decisions] guards_ran=6692  threat_obs_computed=6195  threat_obs_nonzero=6195  priority_block_prior:demoted=5636  learned_preview=624  dominated_attack=620
[guards @ 26400 decisions] guards_ran=6742  threat_obs_computed=6242  threat_obs_nonzero=6242  priority_block_prior:demoted=5678  learned_preview=626  dominated_attack=626
[guards @ 26450 decisions] guards_ran=6792  threat_obs_computed=6288  threat_obs_nonzero=6288  priority_block_prior:demoted=5714  learned_preview=630  dominated_attack=629
[guards @ 26500 decisions] guards_ran=6842  threat_obs_computed=6333  threat_obs_nonzero=6333  priority_block_prior:demoted=5768  learned_preview=636  dominated_attack=633
[guards @ 26550 decisions] guards_ran=6892  threat_obs_computed=6378  threat_obs_nonzero=6378  priority_block_prior:demoted=5804  learned_preview=640  dominated_attack=635
[guards @ 26600 decisions] guards_ran=6942  threat_obs_computed=6424  threat_obs_nonzero=6424  priority_block_prior:demoted=5852  learned_preview=646  dominated_attack=640
[guards @ 26650 decisions] guards_ran=6992  threat_obs_computed=6471  threat_obs_nonzero=6471  priority_block_prior:demoted=5894  learned_preview=650  dominated_attack=645
[guards @ 26700 decisions] guards_ran=7042  threat_obs_computed=6518  threat_obs_nonzero=6518  priority_block_prior:demoted=5930  learned_preview=654  dominated_attack=647
[guards @ 26750 decisions] guards_ran=7092  threat_obs_computed=6565  threat_obs_nonzero=6565  priority_block_prior:demoted=5966  learned_preview=658  dominated_attack=654
[guards @ 26800 decisions] guards_ran=7142  threat_obs_computed=6612  threat_obs_nonzero=6612  priority_block_prior:demoted=6002  learned_preview=662  dominated_attack=662
[guards @ 26850 decisions] guards_ran=7192  threat_obs_computed=6656  threat_obs_nonzero=6656  priority_block_prior:demoted=6068  learned_preview=670  dominated_attack=664
[guards @ 26900 decisions] guards_ran=7242  threat_obs_computed=6701  threat_obs_nonzero=6701  priority_block_prior:demoted=6110  learned_preview=674  dominated_attack=666
[guards @ 26950 decisions] guards_ran=7292  threat_obs_computed=6750  threat_obs_nonzero=6750  priority_block_prior:demoted=6128  learned_preview=678  dominated_attack=671
[guards @ 27000 decisions] guards_ran=7342  threat_obs_computed=6794  threat_obs_nonzero=6794  priority_block_prior:demoted=6164  learned_preview=682  dominated_attack=677
[guards @ 27050 decisions] guards_ran=7392  threat_obs_computed=6840  threat_obs_nonzero=6840  priority_block_prior:demoted=6218  learned_preview=686  dominated_attack=680
[guards @ 27100 decisions] guards_ran=7442  threat_obs_computed=6886  threat_obs_nonzero=6886  priority_block_prior:demoted=6254  learned_preview=690  dominated_attack=681
[guards @ 27150 decisions] guards_ran=7492  threat_obs_computed=6934  threat_obs_nonzero=6934  priority_block_prior:demoted=6290  learned_preview=696  dominated_attack=684
[guards @ 27200 decisions] guards_ran=7542  threat_obs_computed=6981  threat_obs_nonzero=6981  priority_block_prior:demoted=6326  learned_preview=698  dominated_attack=685
[guards @ 27250 decisions] guards_ran=7592  threat_obs_computed=7028  threat_obs_nonzero=7028  priority_block_prior:demoted=6362  learned_preview=702  dominated_attack=687
[guards @ 27300 decisions] guards_ran=7642  threat_obs_computed=7073  threat_obs_nonzero=7073  priority_block_prior:demoted=6416  learned_preview=708  dominated_attack=691
[guards @ 27350 decisions] guards_ran=7692  threat_obs_computed=7120  threat_obs_nonzero=7120  priority_block_prior:demoted=6452  learned_preview=712  dominated_attack=697
[guards @ 27400 decisions] guards_ran=7742  threat_obs_computed=7167  threat_obs_nonzero=7167  priority_block_prior:demoted=6500  learned_preview=718  dominated_attack=701
[guards @ 27450 decisions] guards_ran=7792  threat_obs_computed=7214  threat_obs_nonzero=7214  priority_block_prior:demoted=6542  learned_preview=722  dominated_attack=708
[guards @ 27500 decisions] guards_ran=7842  threat_obs_computed=7260  threat_obs_nonzero=7260  priority_block_prior:demoted=6578  learned_preview=726  dominated_attack=712
[guards @ 27550 decisions] guards_ran=7892  threat_obs_computed=7306  threat_obs_nonzero=7306  priority_block_prior:demoted=6614  learned_preview=732  dominated_attack=715
[guards @ 27600 decisions] guards_ran=7942  threat_obs_computed=7352  threat_obs_nonzero=7352  priority_block_prior:demoted=6668  learned_preview=736  dominated_attack=719
[guards @ 27650 decisions] guards_ran=7992  threat_obs_computed=7400  threat_obs_nonzero=7400  priority_block_prior:demoted=6704  learned_preview=740  dominated_attack=725
[guards @ 27700 decisions] guards_ran=8042  threat_obs_computed=7447  threat_obs_nonzero=7447  priority_block_prior:demoted=6740  learned_preview=744  dominated_attack=732
[guards @ 27750 decisions] guards_ran=8092  threat_obs_computed=7495  threat_obs_nonzero=7495  priority_block_prior:demoted=6776  learned_preview=748  dominated_attack=738
[guards @ 27800 decisions] guards_ran=8142  threat_obs_computed=7542  threat_obs_nonzero=7542  priority_block_prior:demoted=6812  learned_preview=752  dominated_attack=743
[guards @ 27850 decisions] guards_ran=8192  threat_obs_computed=7589  threat_obs_nonzero=7589  priority_block_prior:demoted=6848  learned_preview=758  dominated_attack=748
[guards @ 27900 decisions] guards_ran=8242  threat_obs_computed=7634  threat_obs_nonzero=7634  priority_block_prior:demoted=6902  learned_preview=762  dominated_attack=750
[guards @ 27950 decisions] guards_ran=8292  threat_obs_computed=7679  threat_obs_nonzero=7679  priority_block_prior:demoted=6938  learned_preview=766  dominated_attack=752
[guards @ 28000 decisions] guards_ran=8342  threat_obs_computed=7724  threat_obs_nonzero=7724  priority_block_prior:demoted=6974  learned_preview=770  dominated_attack=756
[guards @ 28050 decisions] guards_ran=8392  threat_obs_computed=7771  threat_obs_nonzero=7771  priority_block_prior:demoted=7010  learned_preview=774  dominated_attack=759
[guards @ 28100 decisions] guards_ran=8442  threat_obs_computed=7818  threat_obs_nonzero=7818  priority_block_prior:demoted=7058  learned_preview=780  dominated_attack=763
[guards @ 28150 decisions] guards_ran=8492  threat_obs_computed=7864  threat_obs_nonzero=7864  priority_block_prior:demoted=7100  learned_preview=784  dominated_attack=767
[guards @ 28200 decisions] guards_ran=8542  threat_obs_computed=7911  threat_obs_nonzero=7911  priority_block_prior:demoted=7136  learned_preview=788  dominated_attack=773
[guards @ 28250 decisions] guards_ran=8592  threat_obs_computed=7959  threat_obs_nonzero=7959  priority_block_prior:demoted=7172  learned_preview=792  dominated_attack=776
[guards @ 28300 decisions] guards_ran=8642  threat_obs_computed=8006  threat_obs_nonzero=8006  priority_block_prior:demoted=7208  learned_preview=798  dominated_attack=782
[guards @ 28350 decisions] guards_ran=8692  threat_obs_computed=8053  threat_obs_nonzero=8053  priority_block_prior:demoted=7262  learned_preview=802  dominated_attack=791
[guards @ 28400 decisions] guards_ran=8742  threat_obs_computed=8099  threat_obs_nonzero=8099  priority_block_prior:demoted=7298  learned_preview=806  dominated_attack=797
[guards @ 28450 decisions] guards_ran=8792  threat_obs_computed=8146  threat_obs_nonzero=8146  priority_block_prior:demoted=7334  learned_preview=812  dominated_attack=801
[guards @ 28500 decisions] guards_ran=8842  threat_obs_computed=8192  threat_obs_nonzero=8192  priority_block_prior:demoted=7382  learned_preview=816  dominated_attack=804
[guards @ 28550 decisions] guards_ran=8892  threat_obs_computed=8237  threat_obs_nonzero=8237  priority_block_prior:demoted=7424  learned_preview=820  dominated_attack=809
[guards @ 28600 decisions] guards_ran=8942  threat_obs_computed=8284  threat_obs_nonzero=8284  priority_block_prior:demoted=7460  learned_preview=826  dominated_attack=817
[guards @ 28650 decisions] guards_ran=8992  threat_obs_computed=8331  threat_obs_nonzero=8331  priority_block_prior:demoted=7496  learned_preview=830  dominated_attack=817
[guards @ 28700 decisions] guards_ran=9042  threat_obs_computed=8378  threat_obs_nonzero=8378  priority_block_prior:demoted=7550  learned_preview=834  dominated_attack=820
[guards @ 28750 decisions] guards_ran=9092  threat_obs_computed=8426  threat_obs_nonzero=8426  priority_block_prior:demoted=7586  learned_preview=838  dominated_attack=823
[guards @ 28800 decisions] guards_ran=9142  threat_obs_computed=8473  threat_obs_nonzero=8473  priority_block_prior:demoted=7640  learned_preview=844  dominated_attack=829
[guards @ 28850 decisions] guards_ran=9192  threat_obs_computed=8518  threat_obs_nonzero=8518  priority_block_prior:demoted=7682  learned_preview=848  dominated_attack=832
[guards @ 28900 decisions] guards_ran=9242  threat_obs_computed=8566  threat_obs_nonzero=8566  priority_block_prior:demoted=7712  learned_preview=852  dominated_attack=837
[guards @ 28950 decisions] guards_ran=9292  threat_obs_computed=8611  threat_obs_nonzero=8611  priority_block_prior:demoted=7754  learned_preview=856  dominated_attack=841
[guards @ 29000 decisions] guards_ran=9342  threat_obs_computed=8658  threat_obs_nonzero=8658  priority_block_prior:demoted=7790  learned_preview=860  dominated_attack=845
[guards @ 29050 decisions] guards_ran=9392  threat_obs_computed=8704  threat_obs_nonzero=8704  priority_block_prior:demoted=7826  learned_preview=864  dominated_attack=850
[guards @ 29100 decisions] guards_ran=9442  threat_obs_computed=8750  threat_obs_nonzero=8750  priority_block_prior:demoted=7862  learned_preview=870  dominated_attack=853
[guards @ 29150 decisions] guards_ran=9492  threat_obs_computed=8796  threat_obs_nonzero=8796  priority_block_prior:demoted=7916  learned_preview=874  dominated_attack=858
[guards @ 29200 decisions] guards_ran=9542  threat_obs_computed=8842  threat_obs_nonzero=8842  priority_block_prior:demoted=7952  learned_preview=878  dominated_attack=862
[guards @ 29250 decisions] guards_ran=9592  threat_obs_computed=8889  threat_obs_nonzero=8889  priority_block_prior:demoted=8012  learned_preview=884  dominated_attack=870
[guards @ 29300 decisions] guards_ran=9642  threat_obs_computed=8937  threat_obs_nonzero=8937  priority_block_prior:demoted=8042  learned_preview=888  dominated_attack=874
[guards @ 29350 decisions] guards_ran=9692  threat_obs_computed=8983  threat_obs_nonzero=8983  priority_block_prior:demoted=8084  learned_preview=892  dominated_attack=878
[guards @ 29400 decisions] guards_ran=9742  threat_obs_computed=9030  threat_obs_nonzero=9030  priority_block_prior:demoted=8120  learned_preview=896  dominated_attack=883
[guards @ 29450 decisions] guards_ran=9792  threat_obs_computed=9077  threat_obs_nonzero=9077  priority_block_prior:demoted=8156  learned_preview=900  dominated_attack=888
[guards @ 29500 decisions] guards_ran=9842  threat_obs_computed=9124  threat_obs_nonzero=9124  priority_block_prior:demoted=8192  learned_preview=906  dominated_attack=898
[guards @ 29550 decisions] guards_ran=9892  threat_obs_computed=9170  threat_obs_nonzero=9170  priority_block_prior:demoted=8228  learned_preview=910  dominated_attack=903
[guards @ 29600 decisions] guards_ran=9942  threat_obs_computed=9216  threat_obs_nonzero=9216  priority_block_prior:demoted=8282  learned_preview=914  dominated_attack=908
[guards @ 29650 decisions] guards_ran=9992  threat_obs_computed=9263  threat_obs_nonzero=9263  priority_block_prior:demoted=8318  learned_preview=918  dominated_attack=913
[guards @ 29700 decisions] guards_ran=10042  threat_obs_computed=9307  threat_obs_nonzero=9307  priority_block_prior:demoted=8372  learned_preview=924  dominated_attack=916
[guards @ 29750 decisions] guards_ran=10092  threat_obs_computed=9355  threat_obs_nonzero=9355  priority_block_prior:demoted=8408  learned_preview=928  dominated_attack=921
[guards @ 29800 decisions] guards_ran=10142  threat_obs_computed=9404  threat_obs_nonzero=9404  priority_block_prior:demoted=8438  learned_preview=932  dominated_attack=929
[guards @ 29850 decisions] guards_ran=10192  threat_obs_computed=9451  threat_obs_nonzero=9451  priority_block_prior:demoted=8462  learned_preview=936  dominated_attack=934
[guards @ 29900 decisions] guards_ran=10242  threat_obs_computed=9498  threat_obs_nonzero=9498  priority_block_prior:demoted=8516  learned_preview=942  dominated_attack=941
[guards @ 29950 decisions] guards_ran=10292  threat_obs_computed=9545  threat_obs_nonzero=9545  priority_block_prior:demoted=8570  dominated_attack=949  dominated_attack:promoted:demoted=949
[guards @ 30000 decisions] guards_ran=10342  threat_obs_computed=9592  threat_obs_nonzero=9592  priority_block_prior:demoted=8606  dominated_attack=955  dominated_attack:promoted:demoted=955
[guards @ 30050 decisions] guards_ran=10392  threat_obs_computed=9639  threat_obs_nonzero=9639  priority_block_prior:demoted=8636  dominated_attack=958  dominated_attack:promoted:demoted=958
[guards @ 30100 decisions] guards_ran=10442  threat_obs_computed=9685  threat_obs_nonzero=9685  priority_block_prior:demoted=8678  dominated_attack=961  dominated_attack:promoted:demoted=961
[guards @ 30150 decisions] guards_ran=10492  threat_obs_computed=9730  threat_obs_nonzero=9730  priority_block_prior:demoted=8732  learned_preview=964  dominated_attack=963
[guards @ 30200 decisions] guards_ran=10542  threat_obs_computed=9776  threat_obs_nonzero=9776  priority_block_prior:demoted=8768  learned_preview=970  dominated_attack=967
[guards @ 30250 decisions] guards_ran=10592  threat_obs_computed=9823  threat_obs_nonzero=9823  priority_block_prior:demoted=8822  learned_preview=974  dominated_attack=969
[guards @ 30300 decisions] guards_ran=10642  threat_obs_computed=9870  threat_obs_nonzero=9870  priority_block_prior:demoted=8870  learned_preview=980  dominated_attack=972
[guards @ 30350 decisions] guards_ran=10692  threat_obs_computed=9916  threat_obs_nonzero=9916  priority_block_prior:demoted=8912  learned_preview=984  dominated_attack=977
[guards @ 30400 decisions] guards_ran=10742  threat_obs_computed=9963  threat_obs_nonzero=9963  priority_block_prior:demoted=8948  learned_preview=988  dominated_attack=981
[guards @ 30450 decisions] guards_ran=10792  threat_obs_computed=10011  threat_obs_nonzero=10011  priority_block_prior:demoted=8984  learned_preview=992  dominated_attack=987
[guards @ 30500 decisions] guards_ran=10842  threat_obs_computed=10055  threat_obs_nonzero=10055  priority_block_prior:demoted=9038  learned_preview=998  dominated_attack=990
[guards @ 30550 decisions] guards_ran=10892  threat_obs_computed=10103  threat_obs_nonzero=10103  priority_block_prior:demoted=9056  learned_preview=1000  dominated_attack=993
block hidden=True a_first=True: A 233.0/500; running A 49.1% [46.6, 51.7]
[guards @ 30600 decisions] priority_block_prior:demoted=72  guards_ran=26  threat_obs_computed=22  threat_obs_nonzero=22  learned_preview=8  dominated_spread=2
[guards @ 30650 decisions] priority_block_prior:demoted=108  guards_ran=76  threat_obs_computed=68  threat_obs_nonzero=68  learned_preview=12  dominated_spread=6
[guards @ 30700 decisions] priority_block_prior:demoted=138  guards_ran=126  threat_obs_computed=116  threat_obs_nonzero=116  learned_preview=16  protect_spam:demoted=14
[guards @ 30750 decisions] priority_block_prior:demoted=180  guards_ran=176  threat_obs_computed=162  threat_obs_nonzero=162  protect_spam:demoted=26  learned_preview=20
[guards @ 30800 decisions] guards_ran=226  priority_block_prior:demoted=216  threat_obs_computed=209  threat_obs_nonzero=209  protect_spam:demoted=26  learned_preview=24
[guards @ 30850 decisions] guards_ran=276  threat_obs_computed=257  threat_obs_nonzero=257  priority_block_prior:demoted=252  learned_preview=30  protect_spam:demoted=26
[guards @ 30900 decisions] guards_ran=326  threat_obs_computed=302  threat_obs_nonzero=302  priority_block_prior:demoted=288  learned_preview=34  protect_spam:demoted=26
[guards @ 30950 decisions] guards_ran=376  threat_obs_computed=347  threat_obs_nonzero=347  priority_block_prior:demoted=342  learned_preview=38  dominated_spread=29
[guards @ 31000 decisions] guards_ran=426  threat_obs_computed=392  threat_obs_nonzero=392  priority_block_prior:demoted=378  learned_preview=42  dominated_spread=33
[guards @ 31050 decisions] guards_ran=476  threat_obs_computed=440  threat_obs_nonzero=440  priority_block_prior:demoted=414  learned_preview=46  dominated_spread=35
[guards @ 31100 decisions] guards_ran=526  threat_obs_computed=486  threat_obs_nonzero=486  priority_block_prior:demoted=450  learned_preview=50  protect_spam:demoted=43
[guards @ 31150 decisions] guards_ran=576  threat_obs_computed=532  threat_obs_nonzero=532  priority_block_prior:demoted=504  learned_preview=56  protect_spam:demoted=49
[guards @ 31200 decisions] guards_ran=626  threat_obs_computed=580  threat_obs_nonzero=580  priority_block_prior:demoted=534  learned_preview=60  protect_spam:demoted=51
[guards @ 31250 decisions] guards_ran=676  threat_obs_computed=627  threat_obs_nonzero=627  priority_block_prior:demoted=576  learned_preview=64  dominated_attack=60
[guards @ 31300 decisions] guards_ran=726  threat_obs_computed=673  threat_obs_nonzero=673  priority_block_prior:demoted=612  learned_preview=68  dominated_attack=68
[guards @ 31350 decisions] guards_ran=776  threat_obs_computed=720  threat_obs_nonzero=720  priority_block_prior:demoted=648  dominated_attack=77  dominated_attack:promoted:demoted=77
[guards @ 31400 decisions] guards_ran=826  threat_obs_computed=768  threat_obs_nonzero=768  priority_block_prior:demoted=684  dominated_attack=83  dominated_attack:promoted:demoted=83
[guards @ 31450 decisions] guards_ran=876  threat_obs_computed=814  threat_obs_nonzero=814  priority_block_prior:demoted=744  dominated_attack=87  dominated_attack:promoted:demoted=87
[guards @ 31500 decisions] guards_ran=926  threat_obs_computed=860  threat_obs_nonzero=860  priority_block_prior:demoted=780  dominated_attack=92  dominated_attack:promoted:demoted=92
[guards @ 31550 decisions] guards_ran=976  threat_obs_computed=904  threat_obs_nonzero=904  priority_block_prior:demoted=828  dominated_attack=97  dominated_attack:promoted:demoted=97
[guards @ 31600 decisions] guards_ran=1026  threat_obs_computed=951  threat_obs_nonzero=951  priority_block_prior:demoted=870  dominated_attack=102  dominated_attack:promoted:demoted=102
[guards @ 31650 decisions] guards_ran=1076  threat_obs_computed=997  threat_obs_nonzero=997  priority_block_prior:demoted=918  dominated_attack=108  dominated_attack:promoted:demoted=108
[guards @ 31700 decisions] guards_ran=1126  threat_obs_computed=1045  threat_obs_nonzero=1045  priority_block_prior:demoted=942  dominated_attack=114  dominated_attack:promoted:demoted=114
[guards @ 31750 decisions] guards_ran=1176  threat_obs_computed=1091  threat_obs_nonzero=1091  priority_block_prior:demoted=978  dominated_attack=119  dominated_attack:promoted:demoted=119
[guards @ 31800 decisions] guards_ran=1226  threat_obs_computed=1136  threat_obs_nonzero=1136  priority_block_prior:demoted=1032  dominated_attack=123  dominated_attack:promoted:demoted=123
[guards @ 31850 decisions] guards_ran=1276  threat_obs_computed=1184  threat_obs_nonzero=1184  priority_block_prior:demoted=1068  dominated_attack=134  dominated_attack:promoted:demoted=134
[guards @ 31900 decisions] guards_ran=1326  threat_obs_computed=1231  threat_obs_nonzero=1231  priority_block_prior:demoted=1104  dominated_attack=137  dominated_attack:promoted:demoted=137
[guards @ 31950 decisions] guards_ran=1376  threat_obs_computed=1278  threat_obs_nonzero=1278  priority_block_prior:demoted=1140  dominated_attack=143  dominated_attack:promoted:demoted=143
[guards @ 32000 decisions] guards_ran=1426  threat_obs_computed=1326  threat_obs_nonzero=1326  priority_block_prior:demoted=1176  dominated_attack=150  dominated_attack:promoted:demoted=150
[guards @ 32050 decisions] guards_ran=1476  threat_obs_computed=1373  threat_obs_nonzero=1373  priority_block_prior:demoted=1224  dominated_attack=156  dominated_attack:promoted:demoted=156
[guards @ 32100 decisions] guards_ran=1526  threat_obs_computed=1417  threat_obs_nonzero=1417  priority_block_prior:demoted=1266  dominated_attack=161  dominated_attack:promoted:demoted=161
[guards @ 32150 decisions] guards_ran=1576  threat_obs_computed=1464  threat_obs_nonzero=1464  priority_block_prior:demoted=1302  dominated_attack=167  dominated_attack:promoted:demoted=167
[guards @ 32200 decisions] guards_ran=1626  threat_obs_computed=1509  threat_obs_nonzero=1509  priority_block_prior:demoted=1356  dominated_attack=172  dominated_attack:promoted:demoted=172
[guards @ 32250 decisions] guards_ran=1676  threat_obs_computed=1556  threat_obs_nonzero=1556  priority_block_prior:demoted=1392  dominated_attack=178  dominated_attack:promoted:demoted=178
[guards @ 32300 decisions] guards_ran=1726  threat_obs_computed=1603  threat_obs_nonzero=1603  priority_block_prior:demoted=1428  dominated_attack=183  dominated_attack:promoted:demoted=183
[guards @ 32350 decisions] guards_ran=1776  threat_obs_computed=1650  threat_obs_nonzero=1650  priority_block_prior:demoted=1476  dominated_attack=186  dominated_attack:promoted:demoted=186
[guards @ 32400 decisions] guards_ran=1826  threat_obs_computed=1696  threat_obs_nonzero=1696  priority_block_prior:demoted=1518  dominated_attack=189  dominated_attack:promoted:demoted=189
[guards @ 32450 decisions] guards_ran=1876  threat_obs_computed=1743  threat_obs_nonzero=1743  priority_block_prior:demoted=1554  dominated_attack=195  dominated_attack:promoted:demoted=195
[guards @ 32500 decisions] guards_ran=1926  threat_obs_computed=1789  threat_obs_nonzero=1789  priority_block_prior:demoted=1590  dominated_attack=200  dominated_attack:promoted:demoted=200
[guards @ 32550 decisions] guards_ran=1976  threat_obs_computed=1836  threat_obs_nonzero=1836  priority_block_prior:demoted=1638  dominated_attack=205  dominated_attack:promoted:demoted=205
[guards @ 32600 decisions] guards_ran=2026  threat_obs_computed=1883  threat_obs_nonzero=1883  priority_block_prior:demoted=1674  dominated_attack=207  dominated_attack:promoted:demoted=207
[guards @ 32650 decisions] guards_ran=2076  threat_obs_computed=1929  threat_obs_nonzero=1929  priority_block_prior:demoted=1716  dominated_attack=214  dominated_attack:promoted:demoted=214
[guards @ 32700 decisions] guards_ran=2126  threat_obs_computed=1975  threat_obs_nonzero=1975  priority_block_prior:demoted=1770  dominated_attack=219  dominated_attack:promoted:demoted=219
[guards @ 32750 decisions] guards_ran=2176  threat_obs_computed=2020  threat_obs_nonzero=2020  priority_block_prior:demoted=1818  dominated_attack=224  dominated_attack:promoted:demoted=224
[guards @ 32800 decisions] guards_ran=2226  threat_obs_computed=2066  threat_obs_nonzero=2066  priority_block_prior:demoted=1860  dominated_attack=228  dominated_attack:promoted:demoted=228
[guards @ 32850 decisions] guards_ran=2276  threat_obs_computed=2113  threat_obs_nonzero=2113  priority_block_prior:demoted=1908  dominated_attack=234  dominated_attack:promoted:demoted=234
[guards @ 32900 decisions] guards_ran=2326  threat_obs_computed=2158  threat_obs_nonzero=2158  priority_block_prior:demoted=1962  dominated_attack=235  dominated_attack:promoted:demoted=235
[guards @ 32950 decisions] guards_ran=2376  threat_obs_computed=2203  threat_obs_nonzero=2203  priority_block_prior:demoted=2016  dominated_attack=239  dominated_attack:promoted:demoted=239
[guards @ 33000 decisions] guards_ran=2426  threat_obs_computed=2250  threat_obs_nonzero=2250  priority_block_prior:demoted=2052  dominated_attack=241  dominated_attack:promoted:demoted=241
[guards @ 33050 decisions] guards_ran=2476  threat_obs_computed=2296  threat_obs_nonzero=2296  priority_block_prior:demoted=2088  dominated_attack=244  dominated_attack:promoted:demoted=244
[guards @ 33100 decisions] guards_ran=2526  threat_obs_computed=2342  threat_obs_nonzero=2342  priority_block_prior:demoted=2142  dominated_attack=250  dominated_attack:promoted:demoted=250
[guards @ 33150 decisions] guards_ran=2576  threat_obs_computed=2389  threat_obs_nonzero=2389  priority_block_prior:demoted=2178  dominated_attack=250  dominated_attack:promoted:demoted=250
[guards @ 33200 decisions] guards_ran=2626  threat_obs_computed=2434  threat_obs_nonzero=2434  priority_block_prior:demoted=2214  dominated_attack=252  dominated_attack:promoted:demoted=252
[guards @ 33250 decisions] guards_ran=2676  threat_obs_computed=2480  threat_obs_nonzero=2480  priority_block_prior:demoted=2268  dominated_attack=256  dominated_attack:promoted:demoted=256
[guards @ 33300 decisions] guards_ran=2726  threat_obs_computed=2527  threat_obs_nonzero=2527  priority_block_prior:demoted=2304  dominated_attack=264  dominated_attack:promoted:demoted=264
[guards @ 33350 decisions] guards_ran=2776  threat_obs_computed=2573  threat_obs_nonzero=2573  priority_block_prior:demoted=2358  dominated_attack=268  dominated_attack:promoted:demoted=268
[guards @ 33400 decisions] guards_ran=2826  threat_obs_computed=2618  threat_obs_nonzero=2618  priority_block_prior:demoted=2394  dominated_attack=274  dominated_attack:promoted:demoted=274
[guards @ 33450 decisions] guards_ran=2876  threat_obs_computed=2663  threat_obs_nonzero=2663  priority_block_prior:demoted=2430  dominated_attack=278  dominated_attack:promoted:demoted=278
[guards @ 33500 decisions] guards_ran=2926  threat_obs_computed=2709  threat_obs_nonzero=2709  priority_block_prior:demoted=2466  dominated_attack=281  dominated_attack:promoted:demoted=281
[guards @ 33550 decisions] guards_ran=2976  threat_obs_computed=2756  threat_obs_nonzero=2756  priority_block_prior:demoted=2502  dominated_attack=285  dominated_attack:promoted:demoted=285
[guards @ 33600 decisions] guards_ran=3026  threat_obs_computed=2802  threat_obs_nonzero=2802  priority_block_prior:demoted=2556  dominated_attack=291  dominated_attack:promoted:demoted=291
[guards @ 33650 decisions] guards_ran=3076  threat_obs_computed=2848  threat_obs_nonzero=2848  priority_block_prior:demoted=2592  dominated_attack=293  dominated_attack:promoted:demoted=293
[guards @ 33700 decisions] guards_ran=3126  threat_obs_computed=2893  threat_obs_nonzero=2893  priority_block_prior:demoted=2646  dominated_attack=297  dominated_attack:promoted:demoted=297
[guards @ 33750 decisions] guards_ran=3176  threat_obs_computed=2941  threat_obs_nonzero=2941  priority_block_prior:demoted=2682  dominated_attack=301  dominated_attack:promoted:demoted=301
[guards @ 33800 decisions] guards_ran=3226  threat_obs_computed=2988  threat_obs_nonzero=2988  priority_block_prior:demoted=2718  dominated_attack=305  dominated_attack:promoted:demoted=305
[guards @ 33850 decisions] guards_ran=3276  threat_obs_computed=3035  threat_obs_nonzero=3035  priority_block_prior:demoted=2754  dominated_attack=312  dominated_attack:promoted:demoted=312
[guards @ 33900 decisions] guards_ran=3326  threat_obs_computed=3082  threat_obs_nonzero=3082  priority_block_prior:demoted=2790  dominated_attack=315  dominated_attack:promoted:demoted=315
[guards @ 33950 decisions] guards_ran=3376  threat_obs_computed=3127  threat_obs_nonzero=3127  priority_block_prior:demoted=2844  dominated_attack=320  dominated_attack:promoted:demoted=320
[guards @ 34000 decisions] guards_ran=3426  threat_obs_computed=3172  threat_obs_nonzero=3172  priority_block_prior:demoted=2880  dominated_attack=326  dominated_attack:promoted:demoted=326
[guards @ 34050 decisions] guards_ran=3476  threat_obs_computed=3219  threat_obs_nonzero=3219  priority_block_prior:demoted=2916  dominated_attack=327  dominated_attack:promoted:demoted=327
[guards @ 34100 decisions] guards_ran=3526  threat_obs_computed=3265  threat_obs_nonzero=3265  priority_block_prior:demoted=2970  dominated_attack=331  dominated_attack:promoted:demoted=331
[guards @ 34150 decisions] guards_ran=3576  threat_obs_computed=3310  threat_obs_nonzero=3310  priority_block_prior:demoted=3006  dominated_attack=335  dominated_attack:promoted:demoted=335
[guards @ 34200 decisions] guards_ran=3626  threat_obs_computed=3357  threat_obs_nonzero=3357  priority_block_prior:demoted=3054  learned_preview=338  dominated_attack=338
[guards @ 34250 decisions] guards_ran=3676  threat_obs_computed=3405  threat_obs_nonzero=3405  priority_block_prior:demoted=3090  learned_preview=342  dominated_attack=342
[guards @ 34300 decisions] guards_ran=3726  threat_obs_computed=3450  threat_obs_nonzero=3450  priority_block_prior:demoted=3132  dominated_attack=349  dominated_attack:promoted:demoted=349
[guards @ 34350 decisions] guards_ran=3776  threat_obs_computed=3496  threat_obs_nonzero=3496  priority_block_prior:demoted=3186  dominated_attack=354  dominated_attack:promoted:demoted=354
[guards @ 34400 decisions] guards_ran=3826  threat_obs_computed=3543  threat_obs_nonzero=3543  priority_block_prior:demoted=3222  dominated_attack=361  dominated_attack:promoted:demoted=361
[guards @ 34450 decisions] guards_ran=3876  threat_obs_computed=3590  threat_obs_nonzero=3590  priority_block_prior:demoted=3258  dominated_attack=366  dominated_attack:promoted:demoted=366
[guards @ 34500 decisions] guards_ran=3926  threat_obs_computed=3637  threat_obs_nonzero=3637  priority_block_prior:demoted=3300  dominated_attack=368  dominated_attack:promoted:demoted=368
[guards @ 34550 decisions] guards_ran=3976  threat_obs_computed=3684  threat_obs_nonzero=3684  priority_block_prior:demoted=3354  learned_preview=370  dominated_attack=368
[guards @ 34600 decisions] guards_ran=4026  threat_obs_computed=3730  threat_obs_nonzero=3730  priority_block_prior:demoted=3390  learned_preview=374  dominated_attack=373
[guards @ 34650 decisions] guards_ran=4076  threat_obs_computed=3777  threat_obs_nonzero=3777  priority_block_prior:demoted=3426  learned_preview=380  dominated_attack=377
[guards @ 34700 decisions] guards_ran=4126  threat_obs_computed=3823  threat_obs_nonzero=3823  priority_block_prior:demoted=3480  learned_preview=384  dominated_attack=383
[guards @ 34750 decisions] guards_ran=4176  threat_obs_computed=3870  threat_obs_nonzero=3870  priority_block_prior:demoted=3516  learned_preview=390  dominated_attack=388
[guards @ 34800 decisions] guards_ran=4226  threat_obs_computed=3913  threat_obs_nonzero=3913  priority_block_prior:demoted=3570  learned_preview=394  dominated_attack=394
[guards @ 34850 decisions] guards_ran=4276  threat_obs_computed=3961  threat_obs_nonzero=3961  priority_block_prior:demoted=3618  dominated_attack=405  dominated_attack:promoted:demoted=405
[guards @ 34900 decisions] guards_ran=4326  threat_obs_computed=4007  threat_obs_nonzero=4007  priority_block_prior:demoted=3660  dominated_attack=407  dominated_attack:promoted:demoted=407
[guards @ 34950 decisions] guards_ran=4376  threat_obs_computed=4055  threat_obs_nonzero=4055  priority_block_prior:demoted=3696  dominated_attack=413  dominated_attack:promoted:demoted=413
[guards @ 35000 decisions] guards_ran=4426  threat_obs_computed=4101  threat_obs_nonzero=4101  priority_block_prior:demoted=3744  learned_preview=414  dominated_attack=413
[guards @ 35050 decisions] guards_ran=4476  threat_obs_computed=4148  threat_obs_nonzero=4148  priority_block_prior:demoted=3786  dominated_attack=420  dominated_attack:promoted:demoted=420
[guards @ 35100 decisions] guards_ran=4526  threat_obs_computed=4194  threat_obs_nonzero=4194  priority_block_prior:demoted=3834  learned_preview=424  dominated_attack=423
[guards @ 35150 decisions] guards_ran=4576  threat_obs_computed=4238  threat_obs_nonzero=4238  priority_block_prior:demoted=3876  learned_preview=428  dominated_attack=427
[guards @ 35200 decisions] guards_ran=4626  threat_obs_computed=4285  threat_obs_nonzero=4285  priority_block_prior:demoted=3912  learned_preview=432  dominated_attack=431
[guards @ 35250 decisions] guards_ran=4676  threat_obs_computed=4331  threat_obs_nonzero=4331  priority_block_prior:demoted=3956  learned_preview=438  dominated_attack=432
[guards @ 35300 decisions] guards_ran=4726  threat_obs_computed=4377  threat_obs_nonzero=4377  priority_block_prior:demoted=4010  learned_preview=442  dominated_attack=439
[guards @ 35350 decisions] guards_ran=4776  threat_obs_computed=4425  threat_obs_nonzero=4425  priority_block_prior:demoted=4046  learned_preview=446  dominated_attack=444
[guards @ 35400 decisions] guards_ran=4826  threat_obs_computed=4472  threat_obs_nonzero=4472  priority_block_prior:demoted=4082  learned_preview=452  dominated_attack=451
[guards @ 35450 decisions] guards_ran=4876  threat_obs_computed=4517  threat_obs_nonzero=4517  priority_block_prior:demoted=4136  learned_preview=456  dominated_attack=453
[guards @ 35500 decisions] guards_ran=4926  threat_obs_computed=4564  threat_obs_nonzero=4564  priority_block_prior:demoted=4172  learned_preview=460  dominated_attack=457
[guards @ 35550 decisions] guards_ran=4976  threat_obs_computed=4608  threat_obs_nonzero=4608  priority_block_prior:demoted=4208  learned_preview=466  dominated_attack=462
[guards @ 35600 decisions] guards_ran=5026  threat_obs_computed=4654  threat_obs_nonzero=4654  priority_block_prior:demoted=4244  learned_preview=468  dominated_attack=464
[guards @ 35650 decisions] guards_ran=5076  threat_obs_computed=4700  threat_obs_nonzero=4700  priority_block_prior:demoted=4298  learned_preview=474  dominated_attack=467
[guards @ 35700 decisions] guards_ran=5126  threat_obs_computed=4748  threat_obs_nonzero=4748  priority_block_prior:demoted=4334  learned_preview=478  dominated_attack=474
[guards @ 35750 decisions] guards_ran=5176  threat_obs_computed=4792  threat_obs_nonzero=4792  priority_block_prior:demoted=4370  learned_preview=484  dominated_attack=476
[guards @ 35800 decisions] guards_ran=5226  threat_obs_computed=4837  threat_obs_nonzero=4837  priority_block_prior:demoted=4424  learned_preview=488  dominated_attack=481
[guards @ 35850 decisions] guards_ran=5276  threat_obs_computed=4884  threat_obs_nonzero=4884  priority_block_prior:demoted=4460  learned_preview=492  dominated_attack=485
[guards @ 35900 decisions] guards_ran=5326  threat_obs_computed=4929  threat_obs_nonzero=4929  priority_block_prior:demoted=4508  learned_preview=498  dominated_attack=489
[guards @ 35950 decisions] guards_ran=5376  threat_obs_computed=4975  threat_obs_nonzero=4975  priority_block_prior:demoted=4550  learned_preview=502  dominated_attack=494
[guards @ 36000 decisions] guards_ran=5426  threat_obs_computed=5022  threat_obs_nonzero=5022  priority_block_prior:demoted=4586  learned_preview=508  dominated_attack=499
[guards @ 36050 decisions] guards_ran=5476  threat_obs_computed=5070  threat_obs_nonzero=5070  priority_block_prior:demoted=4634  learned_preview=512  dominated_attack=501
[guards @ 36100 decisions] guards_ran=5526  threat_obs_computed=5114  threat_obs_nonzero=5114  priority_block_prior:demoted=4676  learned_preview=516  dominated_attack=503
[guards @ 36150 decisions] guards_ran=5576  threat_obs_computed=5158  threat_obs_nonzero=5158  priority_block_prior:demoted=4712  learned_preview=522  dominated_attack=510
[guards @ 36200 decisions] guards_ran=5626  threat_obs_computed=5204  threat_obs_nonzero=5204  priority_block_prior:demoted=4766  learned_preview=526  dominated_attack=515
[guards @ 36250 decisions] guards_ran=5676  threat_obs_computed=5250  threat_obs_nonzero=5250  priority_block_prior:demoted=4802  learned_preview=532  dominated_attack=522
[guards @ 36300 decisions] guards_ran=5726  threat_obs_computed=5297  threat_obs_nonzero=5297  priority_block_prior:demoted=4838  learned_preview=534  dominated_attack=527
[guards @ 36350 decisions] guards_ran=5776  threat_obs_computed=5344  threat_obs_nonzero=5344  priority_block_prior:demoted=4886  learned_preview=540  dominated_attack=531
[guards @ 36400 decisions] guards_ran=5826  threat_obs_computed=5390  threat_obs_nonzero=5390  priority_block_prior:demoted=4936  learned_preview=544  dominated_attack=533
[guards @ 36450 decisions] guards_ran=5876  threat_obs_computed=5435  threat_obs_nonzero=5435  priority_block_prior:demoted=4990  learned_preview=550  dominated_attack=535
[guards @ 36500 decisions] guards_ran=5926  threat_obs_computed=5482  threat_obs_nonzero=5482  priority_block_prior:demoted=5038  learned_preview=556  dominated_attack=539
[guards @ 36550 decisions] guards_ran=5976  threat_obs_computed=5525  threat_obs_nonzero=5525  priority_block_prior:demoted=5080  learned_preview=560  dominated_attack=545
[guards @ 36600 decisions] guards_ran=6026  threat_obs_computed=5571  threat_obs_nonzero=5571  priority_block_prior:demoted=5116  learned_preview=566  dominated_attack=549
[guards @ 36650 decisions] guards_ran=6076  threat_obs_computed=5617  threat_obs_nonzero=5617  priority_block_prior:demoted=5170  learned_preview=570  dominated_attack=556
[guards @ 36700 decisions] guards_ran=6126  threat_obs_computed=5662  threat_obs_nonzero=5662  priority_block_prior:demoted=5206  learned_preview=574  dominated_attack=559
[guards @ 36750 decisions] guards_ran=6176  threat_obs_computed=5709  threat_obs_nonzero=5709  priority_block_prior:demoted=5254  learned_preview=580  dominated_attack=563
[guards @ 36800 decisions] guards_ran=6226  threat_obs_computed=5753  threat_obs_nonzero=5753  priority_block_prior:demoted=5296  learned_preview=584  dominated_attack=568
[guards @ 36850 decisions] guards_ran=6276  threat_obs_computed=5802  threat_obs_nonzero=5802  priority_block_prior:demoted=5314  learned_preview=588  dominated_attack=573
[guards @ 36900 decisions] guards_ran=6326  threat_obs_computed=5848  threat_obs_nonzero=5848  priority_block_prior:demoted=5368  learned_preview=592  dominated_attack=579
[guards @ 36950 decisions] guards_ran=6376  threat_obs_computed=5893  threat_obs_nonzero=5893  priority_block_prior:demoted=5404  learned_preview=596  dominated_attack=583
[guards @ 37000 decisions] guards_ran=6426  threat_obs_computed=5939  threat_obs_nonzero=5939  priority_block_prior:demoted=5440  learned_preview=602  dominated_attack=586
[guards @ 37050 decisions] guards_ran=6476  threat_obs_computed=5984  threat_obs_nonzero=5984  priority_block_prior:demoted=5494  learned_preview=606  dominated_attack=589
[guards @ 37100 decisions] guards_ran=6526  threat_obs_computed=6030  threat_obs_nonzero=6030  priority_block_prior:demoted=5530  learned_preview=610  dominated_attack=591
[guards @ 37150 decisions] guards_ran=6576  threat_obs_computed=6078  threat_obs_nonzero=6078  priority_block_prior:demoted=5566  learned_preview=616  dominated_attack=598
[guards @ 37200 decisions] guards_ran=6626  threat_obs_computed=6121  threat_obs_nonzero=6121  priority_block_prior:demoted=5620  learned_preview=620  dominated_attack=602
[guards @ 37250 decisions] guards_ran=6676  threat_obs_computed=6169  threat_obs_nonzero=6169  priority_block_prior:demoted=5656  learned_preview=624  dominated_attack=607
[guards @ 37300 decisions] guards_ran=6726  threat_obs_computed=6216  threat_obs_nonzero=6216  priority_block_prior:demoted=5692  learned_preview=628  dominated_attack=615
[guards @ 37350 decisions] guards_ran=6776  threat_obs_computed=6262  threat_obs_nonzero=6262  priority_block_prior:demoted=5728  learned_preview=632  dominated_attack=620
[guards @ 37400 decisions] guards_ran=6826  threat_obs_computed=6308  threat_obs_nonzero=6308  priority_block_prior:demoted=5764  learned_preview=636  dominated_attack=625
[guards @ 37450 decisions] guards_ran=6876  threat_obs_computed=6352  threat_obs_nonzero=6352  priority_block_prior:demoted=5818  learned_preview=642  dominated_attack=630
[guards @ 37500 decisions] guards_ran=6926  threat_obs_computed=6399  threat_obs_nonzero=6399  priority_block_prior:demoted=5854  learned_preview=646  dominated_attack=636
[guards @ 37550 decisions] guards_ran=6976  threat_obs_computed=6447  threat_obs_nonzero=6447  priority_block_prior:demoted=5890  learned_preview=650  dominated_attack=641
[guards @ 37600 decisions] guards_ran=7026  threat_obs_computed=6494  threat_obs_nonzero=6494  priority_block_prior:demoted=5926  learned_preview=656  dominated_attack=645
[guards @ 37650 decisions] guards_ran=7076  threat_obs_computed=6540  threat_obs_nonzero=6540  priority_block_prior:demoted=5980  learned_preview=660  dominated_attack=652
[guards @ 37700 decisions] guards_ran=7126  threat_obs_computed=6586  threat_obs_nonzero=6586  priority_block_prior:demoted=6016  learned_preview=666  dominated_attack=653
[guards @ 37750 decisions] guards_ran=7176  threat_obs_computed=6631  threat_obs_nonzero=6631  priority_block_prior:demoted=6070  learned_preview=670  dominated_attack=662
[guards @ 37800 decisions] guards_ran=7226  threat_obs_computed=6678  threat_obs_nonzero=6678  priority_block_prior:demoted=6106  learned_preview=674  dominated_attack=669
[guards @ 37850 decisions] guards_ran=7276  threat_obs_computed=6724  threat_obs_nonzero=6724  priority_block_prior:demoted=6142  learned_preview=678  dominated_attack=671
[guards @ 37900 decisions] guards_ran=7326  threat_obs_computed=6772  threat_obs_nonzero=6772  priority_block_prior:demoted=6178  learned_preview=684  dominated_attack=675
[guards @ 37950 decisions] guards_ran=7376  threat_obs_computed=6819  threat_obs_nonzero=6819  priority_block_prior:demoted=6232  learned_preview=688  dominated_attack=678
[guards @ 38000 decisions] guards_ran=7426  threat_obs_computed=6865  threat_obs_nonzero=6865  priority_block_prior:demoted=6268  learned_preview=692  dominated_attack=682
[guards @ 38050 decisions] guards_ran=7476  threat_obs_computed=6911  threat_obs_nonzero=6911  priority_block_prior:demoted=6304  learned_preview=698  dominated_attack=683
[guards @ 38100 decisions] guards_ran=7526  threat_obs_computed=6958  threat_obs_nonzero=6958  priority_block_prior:demoted=6352  learned_preview=702  dominated_attack=688
[guards @ 38150 decisions] guards_ran=7576  threat_obs_computed=7004  threat_obs_nonzero=7004  priority_block_prior:demoted=6394  learned_preview=706  dominated_attack=695
[guards @ 38200 decisions] guards_ran=7626  threat_obs_computed=7048  threat_obs_nonzero=7048  priority_block_prior:demoted=6430  learned_preview=710  dominated_attack=699
[guards @ 38250 decisions] guards_ran=7676  threat_obs_computed=7094  threat_obs_nonzero=7094  priority_block_prior:demoted=6484  learned_preview=716  dominated_attack=700
[guards @ 38300 decisions] guards_ran=7726  threat_obs_computed=7142  threat_obs_nonzero=7142  priority_block_prior:demoted=6520  learned_preview=722  dominated_attack=706
[guards @ 38350 decisions] guards_ran=7776  threat_obs_computed=7185  threat_obs_nonzero=7185  priority_block_prior:demoted=6574  learned_preview=726  dominated_attack=711
[guards @ 38400 decisions] guards_ran=7826  threat_obs_computed=7232  threat_obs_nonzero=7232  priority_block_prior:demoted=6610  learned_preview=730  dominated_attack=713
[guards @ 38450 decisions] guards_ran=7876  threat_obs_computed=7280  threat_obs_nonzero=7280  priority_block_prior:demoted=6646  learned_preview=734  dominated_attack=718
[guards @ 38500 decisions] guards_ran=7926  threat_obs_computed=7326  threat_obs_nonzero=7326  priority_block_prior:demoted=6682  learned_preview=740  dominated_attack=724
[guards @ 38550 decisions] guards_ran=7976  threat_obs_computed=7370  threat_obs_nonzero=7370  priority_block_prior:demoted=6736  learned_preview=744  dominated_attack=732
[guards @ 38600 decisions] guards_ran=8026  threat_obs_computed=7416  threat_obs_nonzero=7416  priority_block_prior:demoted=6790  learned_preview=750  dominated_attack=735
[guards @ 38650 decisions] guards_ran=8076  threat_obs_computed=7462  threat_obs_nonzero=7462  priority_block_prior:demoted=6826  learned_preview=754  dominated_attack=741
[guards @ 38700 decisions] guards_ran=8126  threat_obs_computed=7508  threat_obs_nonzero=7508  priority_block_prior:demoted=6862  learned_preview=758  dominated_attack=746
[guards @ 38750 decisions] guards_ran=8176  threat_obs_computed=7554  threat_obs_nonzero=7554  priority_block_prior:demoted=6898  learned_preview=762  dominated_attack=749
[guards @ 38800 decisions] guards_ran=8226  threat_obs_computed=7601  threat_obs_nonzero=7601  priority_block_prior:demoted=6934  learned_preview=768  dominated_attack=755
[guards @ 38850 decisions] guards_ran=8276  threat_obs_computed=7649  threat_obs_nonzero=7649  priority_block_prior:demoted=6970  learned_preview=770  dominated_attack=761
[guards @ 38900 decisions] guards_ran=8326  threat_obs_computed=7695  threat_obs_nonzero=7695  priority_block_prior:demoted=7006  learned_preview=776  dominated_attack=764
[guards @ 38950 decisions] guards_ran=8376  threat_obs_computed=7741  threat_obs_nonzero=7741  priority_block_prior:demoted=7060  learned_preview=780  dominated_attack=772
[guards @ 39000 decisions] guards_ran=8426  threat_obs_computed=7786  threat_obs_nonzero=7786  priority_block_prior:demoted=7096  learned_preview=786  dominated_attack=774
[guards @ 39050 decisions] guards_ran=8476  threat_obs_computed=7832  threat_obs_nonzero=7832  priority_block_prior:demoted=7144  learned_preview=790  dominated_attack=779
[guards @ 39100 decisions] guards_ran=8526  threat_obs_computed=7878  threat_obs_nonzero=7878  priority_block_prior:demoted=7186  learned_preview=794  dominated_attack=784
[guards @ 39150 decisions] guards_ran=8576  threat_obs_computed=7924  threat_obs_nonzero=7924  priority_block_prior:demoted=7222  learned_preview=798  dominated_attack=792
[guards @ 39200 decisions] guards_ran=8626  threat_obs_computed=7972  threat_obs_nonzero=7972  priority_block_prior:demoted=7258  learned_preview=804  dominated_attack=797
[guards @ 39250 decisions] guards_ran=8676  threat_obs_computed=8018  threat_obs_nonzero=8018  priority_block_prior:demoted=7294  learned_preview=808  dominated_attack=801
[guards @ 39300 decisions] guards_ran=8726  threat_obs_computed=8064  threat_obs_nonzero=8064  priority_block_prior:demoted=7348  learned_preview=812  dominated_attack=804
[guards @ 39350 decisions] guards_ran=8776  threat_obs_computed=8109  threat_obs_nonzero=8109  priority_block_prior:demoted=7384  learned_preview=816  dominated_attack=806
[guards @ 39400 decisions] guards_ran=8826  threat_obs_computed=8153  threat_obs_nonzero=8153  priority_block_prior:demoted=7444  learned_preview=822  dominated_attack=810
[guards @ 39450 decisions] guards_ran=8876  threat_obs_computed=8200  threat_obs_nonzero=8200  priority_block_prior:demoted=7508  learned_preview=828  dominated_attack=815
[guards @ 39500 decisions] guards_ran=8926  threat_obs_computed=8245  threat_obs_nonzero=8245  priority_block_prior:demoted=7544  learned_preview=832  dominated_attack=818
[guards @ 39550 decisions] guards_ran=8976  threat_obs_computed=8292  threat_obs_nonzero=8292  priority_block_prior:demoted=7580  learned_preview=836  dominated_attack=821
[guards @ 39600 decisions] guards_ran=9026  threat_obs_computed=8339  threat_obs_nonzero=8339  priority_block_prior:demoted=7616  learned_preview=842  dominated_attack=825
[guards @ 39650 decisions] guards_ran=9076  threat_obs_computed=8384  threat_obs_nonzero=8384  priority_block_prior:demoted=7670  learned_preview=846  dominated_attack=834
[guards @ 39700 decisions] guards_ran=9126  threat_obs_computed=8429  threat_obs_nonzero=8429  priority_block_prior:demoted=7706  learned_preview=850  dominated_attack=837
[guards @ 39750 decisions] guards_ran=9176  threat_obs_computed=8476  threat_obs_nonzero=8476  priority_block_prior:demoted=7754  learned_preview=856  dominated_attack=840
[guards @ 39800 decisions] guards_ran=9226  threat_obs_computed=8523  threat_obs_nonzero=8523  priority_block_prior:demoted=7796  learned_preview=862  dominated_attack=845
[guards @ 39850 decisions] guards_ran=9276  threat_obs_computed=8569  threat_obs_nonzero=8569  priority_block_prior:demoted=7832  learned_preview=864  dominated_attack=849
[guards @ 39900 decisions] guards_ran=9326  threat_obs_computed=8615  threat_obs_nonzero=8615  priority_block_prior:demoted=7868  learned_preview=868  dominated_attack=854
[guards @ 39950 decisions] guards_ran=9376  threat_obs_computed=8659  threat_obs_nonzero=8659  priority_block_prior:demoted=7922  learned_preview=874  dominated_attack=861
[guards @ 40000 decisions] guards_ran=9426  threat_obs_computed=8705  threat_obs_nonzero=8705  priority_block_prior:demoted=7958  learned_preview=878  dominated_attack=868
[guards @ 40050 decisions] guards_ran=9476  threat_obs_computed=8750  threat_obs_nonzero=8750  priority_block_prior:demoted=8012  learned_preview=886  dominated_attack=874
[guards @ 40100 decisions] guards_ran=9526  threat_obs_computed=8798  threat_obs_nonzero=8798  priority_block_prior:demoted=8048  learned_preview=888  dominated_attack=879
[guards @ 40150 decisions] guards_ran=9576  threat_obs_computed=8842  threat_obs_nonzero=8842  priority_block_prior:demoted=8084  learned_preview=892  dominated_attack=883
[guards @ 40200 decisions] guards_ran=9626  threat_obs_computed=8889  threat_obs_nonzero=8889  priority_block_prior:demoted=8120  learned_preview=898  dominated_attack=887
[guards @ 40250 decisions] guards_ran=9676  threat_obs_computed=8936  threat_obs_nonzero=8936  priority_block_prior:demoted=8156  learned_preview=902  dominated_attack=892
[guards @ 40300 decisions] guards_ran=9726  threat_obs_computed=8983  threat_obs_nonzero=8983  priority_block_prior:demoted=8204  learned_preview=906  dominated_attack=898
[guards @ 40350 decisions] guards_ran=9776  threat_obs_computed=9030  threat_obs_nonzero=9030  priority_block_prior:demoted=8246  learned_preview=910  dominated_attack=905
[guards @ 40400 decisions] guards_ran=9826  threat_obs_computed=9075  threat_obs_nonzero=9075  priority_block_prior:demoted=8282  learned_preview=914  dominated_attack=910
[guards @ 40450 decisions] guards_ran=9876  threat_obs_computed=9123  threat_obs_nonzero=9123  priority_block_prior:demoted=8318  dominated_attack=919  dominated_attack:promoted:demoted=919
[guards @ 40500 decisions] guards_ran=9926  threat_obs_computed=9170  threat_obs_nonzero=9170  priority_block_prior:demoted=8354  dominated_attack=925  dominated_attack:promoted:demoted=925
[guards @ 40550 decisions] guards_ran=9976  threat_obs_computed=9216  threat_obs_nonzero=9216  priority_block_prior:demoted=8408  learned_preview=928  dominated_attack=928
[guards @ 40600 decisions] guards_ran=10026  threat_obs_computed=9262  threat_obs_nonzero=9262  priority_block_prior:demoted=8450  dominated_attack=936  dominated_attack:promoted:demoted=936
[guards @ 40650 decisions] guards_ran=10076  threat_obs_computed=9306  threat_obs_nonzero=9306  priority_block_prior:demoted=8486  dominated_attack=941  dominated_attack:promoted:demoted=941
[guards @ 40700 decisions] guards_ran=10126  threat_obs_computed=9353  threat_obs_nonzero=9353  priority_block_prior:demoted=8534  dominated_attack=946  dominated_attack:promoted:demoted=946
[guards @ 40750 decisions] guards_ran=10176  threat_obs_computed=9399  threat_obs_nonzero=9399  priority_block_prior:demoted=8576  dominated_attack=954  dominated_attack:promoted:demoted=954
[guards @ 40800 decisions] guards_ran=10226  threat_obs_computed=9445  threat_obs_nonzero=9445  priority_block_prior:demoted=8612  dominated_attack=962  dominated_attack:promoted:demoted=962
[guards @ 40850 decisions] guards_ran=10276  threat_obs_computed=9492  threat_obs_nonzero=9492  priority_block_prior:demoted=8666  dominated_attack=966  dominated_attack:promoted:demoted=966
[guards @ 40900 decisions] guards_ran=10326  threat_obs_computed=9537  threat_obs_nonzero=9537  priority_block_prior:demoted=8702  dominated_attack=971  dominated_attack:promoted:demoted=971
[guards @ 40950 decisions] guards_ran=10376  threat_obs_computed=9584  threat_obs_nonzero=9584  priority_block_prior:demoted=8738  dominated_attack=976  dominated_attack:promoted:demoted=976
[guards @ 41000 decisions] guards_ran=10426  threat_obs_computed=9631  threat_obs_nonzero=9631  priority_block_prior:demoted=8774  dominated_attack=979  dominated_attack:promoted:demoted=979
[guards @ 41050 decisions] guards_ran=10476  threat_obs_computed=9677  threat_obs_nonzero=9677  priority_block_prior:demoted=8810  dominated_attack=983  dominated_attack:promoted:demoted=983
[guards @ 41100 decisions] guards_ran=10526  threat_obs_computed=9723  threat_obs_nonzero=9723  priority_block_prior:demoted=8864  dominated_attack=988  dominated_attack:promoted:demoted=988
[guards @ 41150 decisions] guards_ran=10576  threat_obs_computed=9771  threat_obs_nonzero=9771  priority_block_prior:demoted=8900  dominated_attack=996  dominated_attack:promoted:demoted=996
[guards @ 41200 decisions] guards_ran=10626  threat_obs_computed=9820  threat_obs_nonzero=9820  priority_block_prior:demoted=8936  dominated_attack=1001  dominated_attack:promoted:demoted=1001
[guards @ 41250 decisions] guards_ran=10676  threat_obs_computed=9867  threat_obs_nonzero=9867  priority_block_prior:demoted=8978  dominated_attack=1006  dominated_attack:promoted:demoted=1006
[guards @ 41300 decisions] guards_ran=10726  threat_obs_computed=9914  threat_obs_nonzero=9914  priority_block_prior:demoted=9014  dominated_attack=1012  dominated_attack:promoted:demoted=1012
[guards @ 41350 decisions] guards_ran=10776  threat_obs_computed=9961  threat_obs_nonzero=9961  priority_block_prior:demoted=9050  dominated_attack=1016  dominated_attack:promoted:demoted=1016
[guards @ 41400 decisions] guards_ran=10826  threat_obs_computed=10010  threat_obs_nonzero=10010  priority_block_prior:demoted=9068  dominated_attack=1021  dominated_attack:promoted:demoted=1021
block hidden=True a_first=False: A 257.0/500; running A 49.7% [47.5, 51.9]
{
  "games": 2000,
  "a_wins": 994.0,
  "ties": 0,
  "a_win_rate": 0.497,
  "wilson_95": [
    0.4751136939084249,
    0.5188978087971783
  ],
  "guard_changed_actions_per_game": 0.0015,
  "verdict": "inconclusive",
  "complete": true
}
[10-03 03:23:21] END rc=0
[10-03 03:23:21] START .venv/bin/python evaluation/run_guard_ab.py --guards threat_first --without-arm results_guard_ab_review_guards_0928 --output results_guard_ab_threat_first
[10-03 04:05:28] END rc=0
[10-03 04:05:30] START .venv/bin/python evaluation/guard_ladder_gate.py go results_guard_ab_threat_first results_mirror_threat_first threat_first
results_guard_ab_threat_first: pooled -0.10pp [-0.68, +0.48], worst population -1.5pp
results_mirror_threat_first: 49.7% [47.5, 51.9] over 2000 games
threat_first errors: 0 in 6204 games {}
GO
[10-03 04:05:31] END rc=0
[10-03 04:05:31] LADDER_START 20
