[10-03 05:56:45] ROUND2_START
[10-03 05:56:47] START .venv/bin/python evaluation/mirror_guard_ab.py --guard threat_first2 --games 2000 --output results_mirror_threat_first2
/Users/phillipmantatsky/Desktop/pokemon showdown bot/vgc-bench/.venv/lib/python3.13/site-packages/torch/nn/functional.py:2452: UserWarning: The operator 'aten::embedding_renorm_' is not currently supported on the MPS backend and will fall back to run on the CPU. This may have performance implications. (Triggered internally at /Users/runner/work/pytorch/pytorch/aten/src/ATen/mps/MPSFallback.mm:34.)
  torch.embedding_renorm_(weight.detach(), input, max_norm, norm_type)
[guards @ 50 decisions] zero_damage:demoted=208  priority_block:demoted=56  guards_ran=50  threat_obs_computed=42  threat_obs_nonzero=42  learned_preview=16
[guards @ 100 decisions] zero_damage:demoted=208  guards_ran=100  threat_obs_computed=91  threat_obs_nonzero=91  priority_block:demoted=56  dominated_spread=23
[guards @ 150 decisions] zero_damage:demoted=208  guards_ran=150  threat_obs_computed=139  threat_obs_nonzero=139  priority_block:demoted=56  dominated_spread=29
[guards @ 200 decisions] zero_damage:demoted=326  guards_ran=200  threat_obs_computed=185  threat_obs_nonzero=185  priority_block:demoted=91  dominated_spread=43
[guards @ 250 decisions] zero_damage:demoted=390  guards_ran=250  threat_obs_computed=230  threat_obs_nonzero=230  priority_block:demoted=105  dominated_spread=49
[guards @ 300 decisions] zero_damage:demoted=456  guards_ran=300  threat_obs_computed=275  threat_obs_nonzero=275  priority_block:demoted=126  dominated_spread=56
[guards @ 350 decisions] zero_damage:demoted=520  guards_ran=350  threat_obs_computed=320  threat_obs_nonzero=320  priority_block:demoted=140  dominated_spread=62
[guards @ 400 decisions] zero_damage:demoted=572  guards_ran=400  threat_obs_computed=366  threat_obs_nonzero=366  priority_block:demoted=154  dominated_spread=68
[guards @ 450 decisions] zero_damage:demoted=650  guards_ran=450  threat_obs_computed=413  threat_obs_nonzero=413  priority_block:demoted=175  dominated_spread=81
[guards @ 500 decisions] zero_damage:demoted=702  guards_ran=500  threat_obs_computed=461  threat_obs_nonzero=461  priority_block:demoted=189  dominated_spread=89
[guards @ 550 decisions] zero_damage:demoted=780  guards_ran=550  threat_obs_computed=505  threat_obs_nonzero=505  priority_block:demoted=210  dominated_spread=97
[guards @ 600 decisions] zero_damage:demoted=858  guards_ran=600  threat_obs_computed=549  threat_obs_nonzero=549  priority_block:demoted=231  dominated_spread=103
[guards @ 650 decisions] zero_damage:demoted=910  guards_ran=650  threat_obs_computed=596  threat_obs_nonzero=596  priority_block:demoted=245  dominated_spread=108
[guards @ 700 decisions] zero_damage:demoted=988  guards_ran=700  threat_obs_computed=642  threat_obs_nonzero=642  priority_block:demoted=266  dominated_spread=116
[guards @ 750 decisions] zero_damage:demoted=1066  guards_ran=750  threat_obs_computed=688  threat_obs_nonzero=688  priority_block:demoted=287  dominated_spread=125
[guards @ 800 decisions] zero_damage:demoted=1118  guards_ran=800  threat_obs_computed=736  threat_obs_nonzero=736  priority_block:demoted=301  dominated_spread=131
[guards @ 850 decisions] zero_damage:demoted=1196  guards_ran=850  threat_obs_computed=782  threat_obs_nonzero=782  priority_block:demoted=322  dominated_spread=141
[guards @ 900 decisions] zero_damage:demoted=1262  guards_ran=900  threat_obs_computed=827  threat_obs_nonzero=827  priority_block:demoted=343  dominated_spread=146
[guards @ 950 decisions] zero_damage:demoted=1326  guards_ran=950  threat_obs_computed=870  threat_obs_nonzero=870  priority_block:demoted=357  dominated_spread=157
[guards @ 1000 decisions] zero_damage:demoted=1392  guards_ran=1000  threat_obs_computed=918  threat_obs_nonzero=918  priority_block:demoted=378  dominated_spread=161
[guards @ 1050 decisions] zero_damage:demoted=1456  guards_ran=1050  threat_obs_computed=964  threat_obs_nonzero=964  priority_block:demoted=392  dominated_spread=168
[guards @ 1100 decisions] zero_damage:demoted=1534  guards_ran=1100  threat_obs_computed=1011  threat_obs_nonzero=1011  priority_block:demoted=413  dominated_spread=178
[guards @ 1150 decisions] zero_damage:demoted=1614  guards_ran=1150  threat_obs_computed=1056  threat_obs_nonzero=1056  priority_block:demoted=441  dominated_spread=183
[guards @ 1200 decisions] zero_damage:demoted=1666  guards_ran=1200  threat_obs_computed=1103  threat_obs_nonzero=1103  priority_block:demoted=455  dominated_spread=189
[guards @ 1250 decisions] zero_damage:demoted=1718  guards_ran=1250  threat_obs_computed=1149  threat_obs_nonzero=1149  priority_block:demoted=469  dominated_spread=192
[guards @ 1300 decisions] zero_damage:demoted=1796  guards_ran=1300  threat_obs_computed=1196  threat_obs_nonzero=1196  priority_block:demoted=490  dominated_spread=201
[guards @ 1350 decisions] zero_damage:demoted=1848  guards_ran=1350  threat_obs_computed=1243  threat_obs_nonzero=1243  priority_block:demoted=504  dominated_spread=210
[guards @ 1400 decisions] zero_damage:demoted=1926  guards_ran=1400  threat_obs_computed=1290  threat_obs_nonzero=1290  priority_block:demoted=525  dominated_spread=222
[guards @ 1450 decisions] zero_damage:demoted=2004  guards_ran=1450  threat_obs_computed=1335  threat_obs_nonzero=1335  priority_block:demoted=546  dominated_spread=235
[guards @ 1500 decisions] zero_damage:demoted=2082  guards_ran=1500  threat_obs_computed=1380  threat_obs_nonzero=1380  priority_block:demoted=567  dominated_spread=242
[guards @ 1550 decisions] zero_damage:demoted=2134  guards_ran=1550  threat_obs_computed=1425  threat_obs_nonzero=1425  priority_block:demoted=581  dominated_spread=250
[guards @ 1600 decisions] zero_damage:demoted=2186  guards_ran=1600  threat_obs_computed=1473  threat_obs_nonzero=1473  priority_block:demoted=595  dominated_spread=255
[guards @ 1650 decisions] zero_damage:demoted=2264  guards_ran=1650  threat_obs_computed=1519  threat_obs_nonzero=1519  priority_block:demoted=616  dominated_spread=265
[guards @ 1700 decisions] zero_damage:demoted=2290  guards_ran=1700  threat_obs_computed=1566  threat_obs_nonzero=1566  priority_block:demoted=623  dominated_spread=269
[guards @ 1750 decisions] zero_damage:demoted=2368  guards_ran=1750  threat_obs_computed=1612  threat_obs_nonzero=1612  priority_block:demoted=644  dominated_spread=274
[guards @ 1800 decisions] zero_damage:demoted=2446  guards_ran=1800  threat_obs_computed=1658  threat_obs_nonzero=1658  priority_block:demoted=665  dominated_spread=284
[guards @ 1850 decisions] zero_damage:demoted=2498  guards_ran=1850  threat_obs_computed=1705  threat_obs_nonzero=1705  priority_block:demoted=679  dominated_spread=293
[guards @ 1900 decisions] zero_damage:demoted=2576  guards_ran=1900  threat_obs_computed=1751  threat_obs_nonzero=1751  priority_block:demoted=700  dominated_spread=299
[guards @ 1950 decisions] zero_damage:demoted=2654  guards_ran=1950  threat_obs_computed=1796  threat_obs_nonzero=1796  priority_block:demoted=721  dominated_spread=303
[guards @ 2000 decisions] zero_damage:demoted=2720  guards_ran=2000  threat_obs_computed=1844  threat_obs_nonzero=1844  priority_block:demoted=742  dominated_spread=307
[guards @ 2050 decisions] zero_damage:demoted=2784  guards_ran=2050  threat_obs_computed=1889  threat_obs_nonzero=1889  priority_block:demoted=756  dominated_spread=312
[guards @ 2100 decisions] zero_damage:demoted=2862  guards_ran=2100  threat_obs_computed=1934  threat_obs_nonzero=1934  priority_block:demoted=777  dominated_spread=318
[guards @ 2150 decisions] zero_damage:demoted=2940  guards_ran=2150  threat_obs_computed=1980  threat_obs_nonzero=1980  priority_block:demoted=798  dominated_spread=325
[guards @ 2200 decisions] zero_damage:demoted=3018  guards_ran=2200  threat_obs_computed=2025  threat_obs_nonzero=2025  priority_block:demoted=819  dominated_spread=330
[guards @ 2250 decisions] zero_damage:demoted=3096  guards_ran=2250  threat_obs_computed=2070  threat_obs_nonzero=2070  priority_block:demoted=840  dominated_spread=339
[guards @ 2300 decisions] zero_damage:demoted=3122  guards_ran=2300  threat_obs_computed=2117  threat_obs_nonzero=2117  priority_block:demoted=847  dominated_spread=344
[guards @ 2350 decisions] zero_damage:demoted=3200  guards_ran=2350  threat_obs_computed=2162  threat_obs_nonzero=2162  priority_block:demoted=868  dominated_spread=348
[guards @ 2400 decisions] zero_damage:demoted=3252  guards_ran=2400  threat_obs_computed=2209  threat_obs_nonzero=2209  priority_block:demoted=882  dominated_spread=355
[guards @ 2450 decisions] zero_damage:demoted=3330  guards_ran=2450  threat_obs_computed=2255  threat_obs_nonzero=2255  priority_block:demoted=903  dominated_spread=361
[guards @ 2500 decisions] zero_damage:demoted=3382  guards_ran=2500  threat_obs_computed=2302  threat_obs_nonzero=2302  priority_block:demoted=917  dominated_spread=373
[guards @ 2550 decisions] zero_damage:demoted=3434  guards_ran=2550  threat_obs_computed=2347  threat_obs_nonzero=2347  priority_block:demoted=931  dominated_spread=383
[guards @ 2600 decisions] zero_damage:demoted=3512  guards_ran=2600  threat_obs_computed=2393  threat_obs_nonzero=2393  priority_block:demoted=952  dominated_spread=388
[guards @ 2650 decisions] zero_damage:demoted=3590  guards_ran=2650  threat_obs_computed=2438  threat_obs_nonzero=2438  priority_block:demoted=973  dominated_spread=394
[guards @ 2700 decisions] zero_damage:demoted=3616  guards_ran=2700  threat_obs_computed=2485  threat_obs_nonzero=2485  priority_block:demoted=980  dominated_spread=400
[guards @ 2750 decisions] zero_damage:demoted=3668  guards_ran=2750  threat_obs_computed=2533  threat_obs_nonzero=2533  priority_block:demoted=994  dominated_spread=405
[guards @ 2800 decisions] zero_damage:demoted=3746  guards_ran=2800  threat_obs_computed=2576  threat_obs_nonzero=2576  priority_block:demoted=1015  dominated_spread=411
[guards @ 2850 decisions] zero_damage:demoted=3812  guards_ran=2850  threat_obs_computed=2621  threat_obs_nonzero=2621  priority_block:demoted=1036  dominated_spread=418
[guards @ 2900 decisions] zero_damage:demoted=3876  guards_ran=2900  threat_obs_computed=2666  threat_obs_nonzero=2666  priority_block:demoted=1050  dominated_spread=424
[guards @ 2950 decisions] zero_damage:demoted=3954  guards_ran=2950  threat_obs_computed=2712  threat_obs_nonzero=2712  priority_block:demoted=1071  dominated_spread=434
[guards @ 3000 decisions] zero_damage:demoted=4032  guards_ran=3000  threat_obs_computed=2758  threat_obs_nonzero=2758  priority_block:demoted=1092  dominated_spread=445
[guards @ 3050 decisions] zero_damage:demoted=4084  guards_ran=3050  threat_obs_computed=2805  threat_obs_nonzero=2805  priority_block:demoted=1106  dominated_spread=452
[guards @ 3100 decisions] zero_damage:demoted=4188  guards_ran=3100  threat_obs_computed=2850  threat_obs_nonzero=2850  priority_block:demoted=1134  dominated_spread=457
[guards @ 3150 decisions] zero_damage:demoted=4254  guards_ran=3150  threat_obs_computed=2898  threat_obs_nonzero=2898  priority_block:demoted=1155  dominated_spread=466
[guards @ 3200 decisions] zero_damage:demoted=4292  guards_ran=3200  threat_obs_computed=2942  threat_obs_nonzero=2942  priority_block:demoted=1162  dominated_spread=471
[guards @ 3250 decisions] zero_damage:demoted=4344  guards_ran=3250  threat_obs_computed=2990  threat_obs_nonzero=2990  priority_block:demoted=1176  dominated_spread=476
[guards @ 3300 decisions] zero_damage:demoted=4422  guards_ran=3300  threat_obs_computed=3037  threat_obs_nonzero=3037  priority_block:demoted=1197  dominated_spread=485
[guards @ 3350 decisions] zero_damage:demoted=4526  guards_ran=3350  threat_obs_computed=3082  threat_obs_nonzero=3082  priority_block:demoted=1225  dominated_spread=491
[guards @ 3400 decisions] zero_damage:demoted=4552  guards_ran=3400  threat_obs_computed=3131  threat_obs_nonzero=3131  priority_block:demoted=1232  dominated_spread=499
[guards @ 3450 decisions] zero_damage:demoted=4630  guards_ran=3450  threat_obs_computed=3176  threat_obs_nonzero=3176  priority_block:demoted=1253  dominated_spread=506
[guards @ 3500 decisions] zero_damage:demoted=4722  guards_ran=3500  threat_obs_computed=3222  threat_obs_nonzero=3222  priority_block:demoted=1281  dominated_spread=518
[guards @ 3550 decisions] zero_damage:demoted=4786  guards_ran=3550  threat_obs_computed=3267  threat_obs_nonzero=3267  priority_block:demoted=1295  dominated_spread=525
[guards @ 3600 decisions] zero_damage:demoted=4838  guards_ran=3600  threat_obs_computed=3311  threat_obs_nonzero=3311  priority_block:demoted=1309  dominated_spread=535
[guards @ 3650 decisions] zero_damage:demoted=4916  guards_ran=3650  threat_obs_computed=3357  threat_obs_nonzero=3357  priority_block:demoted=1330  dominated_spread=544
[guards @ 3700 decisions] zero_damage:demoted=4982  guards_ran=3700  threat_obs_computed=3404  threat_obs_nonzero=3404  priority_block:demoted=1351  dominated_spread=554
[guards @ 3750 decisions] zero_damage:demoted=5046  guards_ran=3750  threat_obs_computed=3450  threat_obs_nonzero=3450  priority_block:demoted=1365  dominated_spread=569
[guards @ 3800 decisions] zero_damage:demoted=5098  guards_ran=3800  threat_obs_computed=3497  threat_obs_nonzero=3497  priority_block:demoted=1379  dominated_spread=579
[guards @ 3850 decisions] zero_damage:demoted=5150  guards_ran=3850  threat_obs_computed=3543  threat_obs_nonzero=3543  priority_block:demoted=1393  dominated_spread=582
[guards @ 3900 decisions] zero_damage:demoted=5228  guards_ran=3900  threat_obs_computed=3589  threat_obs_nonzero=3589  priority_block:demoted=1414  dominated_spread=589
[guards @ 3950 decisions] zero_damage:demoted=5280  guards_ran=3950  threat_obs_computed=3636  threat_obs_nonzero=3636  priority_block:demoted=1428  dominated_spread=595
[guards @ 4000 decisions] zero_damage:demoted=5346  guards_ran=4000  threat_obs_computed=3684  threat_obs_nonzero=3684  priority_block:demoted=1449  dominated_spread=607
[guards @ 4050 decisions] zero_damage:demoted=5410  guards_ran=4050  threat_obs_computed=3731  threat_obs_nonzero=3731  priority_block:demoted=1463  dominated_spread=617
[guards @ 4100 decisions] zero_damage:demoted=5514  guards_ran=4100  threat_obs_computed=3775  threat_obs_nonzero=3775  priority_block:demoted=1491  dominated_spread=624
[guards @ 4150 decisions] zero_damage:demoted=5566  guards_ran=4150  threat_obs_computed=3818  threat_obs_nonzero=3818  priority_block:demoted=1505  dominated_spread=632
[guards @ 4200 decisions] zero_damage:demoted=5618  guards_ran=4200  threat_obs_computed=3864  threat_obs_nonzero=3864  priority_block:demoted=1519  dominated_spread=644
[guards @ 4250 decisions] zero_damage:demoted=5696  guards_ran=4250  threat_obs_computed=3911  threat_obs_nonzero=3911  priority_block:demoted=1540  dominated_spread=649
[guards @ 4300 decisions] zero_damage:demoted=5774  guards_ran=4300  threat_obs_computed=3957  threat_obs_nonzero=3957  priority_block:demoted=1561  dominated_spread=656
[guards @ 4350 decisions] zero_damage:demoted=5826  guards_ran=4350  threat_obs_computed=4005  threat_obs_nonzero=4005  priority_block:demoted=1575  dominated_spread=661
[guards @ 4400 decisions] zero_damage:demoted=5904  guards_ran=4400  threat_obs_computed=4049  threat_obs_nonzero=4049  priority_block:demoted=1596  dominated_spread=666
[guards @ 4450 decisions] zero_damage:demoted=5970  guards_ran=4450  threat_obs_computed=4094  threat_obs_nonzero=4094  priority_block:demoted=1617  dominated_spread=678
[guards @ 4500 decisions] zero_damage:demoted=6034  guards_ran=4500  threat_obs_computed=4140  threat_obs_nonzero=4140  priority_block:demoted=1631  dominated_spread=683
[guards @ 4550 decisions] zero_damage:demoted=6112  guards_ran=4550  threat_obs_computed=4185  threat_obs_nonzero=4185  priority_block:demoted=1652  dominated_spread=690
[guards @ 4600 decisions] zero_damage:demoted=6164  guards_ran=4600  threat_obs_computed=4232  threat_obs_nonzero=4232  priority_block:demoted=1666  dominated_spread=699
[guards @ 4650 decisions] zero_damage:demoted=6242  guards_ran=4650  threat_obs_computed=4278  threat_obs_nonzero=4278  priority_block:demoted=1687  dominated_spread=707
[guards @ 4700 decisions] zero_damage:demoted=6320  guards_ran=4700  threat_obs_computed=4325  threat_obs_nonzero=4325  priority_block:demoted=1708  dominated_spread=719
[guards @ 4750 decisions] zero_damage:demoted=6398  guards_ran=4750  threat_obs_computed=4372  threat_obs_nonzero=4372  priority_block:demoted=1729  dominated_spread=729
[guards @ 4800 decisions] zero_damage:demoted=6464  guards_ran=4800  threat_obs_computed=4418  threat_obs_nonzero=4418  priority_block:demoted=1750  dominated_spread=735
[guards @ 4850 decisions] zero_damage:demoted=6554  guards_ran=4850  threat_obs_computed=4463  threat_obs_nonzero=4463  priority_block:demoted=1771  dominated_spread=744
[guards @ 4900 decisions] zero_damage:demoted=6606  guards_ran=4900  threat_obs_computed=4509  threat_obs_nonzero=4509  priority_block:demoted=1785  dominated_spread=748
[guards @ 4950 decisions] zero_damage:demoted=6698  guards_ran=4950  threat_obs_computed=4554  threat_obs_nonzero=4554  priority_block:demoted=1813  dominated_spread=755
[guards @ 5000 decisions] zero_damage:demoted=6736  guards_ran=5000  threat_obs_computed=4599  threat_obs_nonzero=4599  priority_block:demoted=1820  dominated_spread=759
[guards @ 5050 decisions] zero_damage:demoted=6788  guards_ran=5050  threat_obs_computed=4647  threat_obs_nonzero=4647  priority_block:demoted=1834  dominated_spread=762
[guards @ 5100 decisions] zero_damage:demoted=6866  guards_ran=5100  threat_obs_computed=4693  threat_obs_nonzero=4693  priority_block:demoted=1855  dominated_spread=772
[guards @ 5150 decisions] zero_damage:demoted=6944  guards_ran=5150  threat_obs_computed=4737  threat_obs_nonzero=4737  priority_block:demoted=1876  dominated_spread=779
[guards @ 5200 decisions] zero_damage:demoted=6996  guards_ran=5200  threat_obs_computed=4784  threat_obs_nonzero=4784  priority_block:demoted=1890  dominated_spread=787
[guards @ 5250 decisions] zero_damage:demoted=7074  guards_ran=5250  threat_obs_computed=4828  threat_obs_nonzero=4828  priority_block:demoted=1911  dominated_spread=795
[guards @ 5300 decisions] zero_damage:demoted=7126  guards_ran=5300  threat_obs_computed=4875  threat_obs_nonzero=4875  priority_block:demoted=1925  dominated_spread=803
[guards @ 5350 decisions] zero_damage:demoted=7206  guards_ran=5350  threat_obs_computed=4922  threat_obs_nonzero=4922  priority_block:demoted=1953  dominated_spread=810
[guards @ 5400 decisions] zero_damage:demoted=7284  guards_ran=5400  threat_obs_computed=4968  threat_obs_nonzero=4968  priority_block:demoted=1974  dominated_spread=818
[guards @ 5450 decisions] zero_damage:demoted=7310  guards_ran=5450  threat_obs_computed=5014  threat_obs_nonzero=5014  priority_block:demoted=1981  dominated_spread=822
[guards @ 5500 decisions] zero_damage:demoted=7362  guards_ran=5500  threat_obs_computed=5062  threat_obs_nonzero=5062  priority_block:demoted=1995  dominated_spread=833
[guards @ 5550 decisions] zero_damage:demoted=7440  guards_ran=5550  threat_obs_computed=5107  threat_obs_nonzero=5107  priority_block:demoted=2016  dominated_spread=835
[guards @ 5600 decisions] zero_damage:demoted=7532  guards_ran=5600  threat_obs_computed=5151  threat_obs_nonzero=5151  priority_block:demoted=2044  dominated_spread=841
[guards @ 5650 decisions] zero_damage:demoted=7610  guards_ran=5650  threat_obs_computed=5197  threat_obs_nonzero=5197  priority_block:demoted=2065  dominated_spread=848
[guards @ 5700 decisions] zero_damage:demoted=7674  guards_ran=5700  threat_obs_computed=5243  threat_obs_nonzero=5243  priority_block:demoted=2079  dominated_spread=856
[guards @ 5750 decisions] zero_damage:demoted=7726  guards_ran=5750  threat_obs_computed=5290  threat_obs_nonzero=5290  priority_block:demoted=2093  dominated_spread=866
[guards @ 5800 decisions] zero_damage:demoted=7804  guards_ran=5800  threat_obs_computed=5336  threat_obs_nonzero=5336  priority_block:demoted=2114  dominated_spread=871
[guards @ 5850 decisions] zero_damage:demoted=7882  guards_ran=5850  threat_obs_computed=5382  threat_obs_nonzero=5382  priority_block:demoted=2135  dominated_spread=877
[guards @ 5900 decisions] zero_damage:demoted=7960  guards_ran=5900  threat_obs_computed=5429  threat_obs_nonzero=5429  priority_block:demoted=2156  dominated_spread=887
[guards @ 5950 decisions] zero_damage:demoted=8012  guards_ran=5950  threat_obs_computed=5477  threat_obs_nonzero=5477  priority_block:demoted=2170  dominated_spread=893
[guards @ 6000 decisions] zero_damage:demoted=8090  guards_ran=6000  threat_obs_computed=5524  threat_obs_nonzero=5524  priority_block:demoted=2191  dominated_spread=902
[guards @ 6050 decisions] zero_damage:demoted=8168  guards_ran=6050  threat_obs_computed=5569  threat_obs_nonzero=5569  priority_block:demoted=2212  dominated_spread=916
[guards @ 6100 decisions] zero_damage:demoted=8220  guards_ran=6100  threat_obs_computed=5616  threat_obs_nonzero=5616  priority_block:demoted=2226  dominated_spread=922
[guards @ 6150 decisions] zero_damage:demoted=8298  guards_ran=6150  threat_obs_computed=5660  threat_obs_nonzero=5660  priority_block:demoted=2247  dominated_spread=929
[guards @ 6200 decisions] zero_damage:demoted=8376  guards_ran=6200  threat_obs_computed=5707  threat_obs_nonzero=5707  priority_block:demoted=2268  dominated_spread=934
[guards @ 6250 decisions] zero_damage:demoted=8442  guards_ran=6250  threat_obs_computed=5755  threat_obs_nonzero=5755  priority_block:demoted=2289  dominated_spread=946
[guards @ 6300 decisions] zero_damage:demoted=8506  guards_ran=6300  threat_obs_computed=5799  threat_obs_nonzero=5799  priority_block:demoted=2303  dominated_spread=953
[guards @ 6350 decisions] zero_damage:demoted=8572  guards_ran=6350  threat_obs_computed=5846  threat_obs_nonzero=5846  priority_block:demoted=2324  dominated_spread=963
[guards @ 6400 decisions] zero_damage:demoted=8636  guards_ran=6400  threat_obs_computed=5893  threat_obs_nonzero=5893  priority_block:demoted=2338  dominated_spread=972
[guards @ 6450 decisions] zero_damage:demoted=8714  guards_ran=6450  threat_obs_computed=5938  threat_obs_nonzero=5938  priority_block:demoted=2359  dominated_spread=981
[guards @ 6500 decisions] zero_damage:demoted=8792  guards_ran=6500  threat_obs_computed=5984  threat_obs_nonzero=5984  priority_block:demoted=2380  dominated_spread=993
[guards @ 6550 decisions] zero_damage:demoted=8844  guards_ran=6550  threat_obs_computed=6030  threat_obs_nonzero=6030  priority_block:demoted=2394  dominated_spread=999
[guards @ 6600 decisions] zero_damage:demoted=8896  guards_ran=6600  threat_obs_computed=6077  threat_obs_nonzero=6077  priority_block:demoted=2408  dominated_spread=1009
[guards @ 6650 decisions] zero_damage:demoted=8988  guards_ran=6650  threat_obs_computed=6121  threat_obs_nonzero=6121  priority_block:demoted=2436  dominated_spread=1016
[guards @ 6700 decisions] zero_damage:demoted=9052  guards_ran=6700  threat_obs_computed=6168  threat_obs_nonzero=6168  priority_block:demoted=2450  dominated_spread=1028
[guards @ 6750 decisions] zero_damage:demoted=9118  guards_ran=6750  threat_obs_computed=6215  threat_obs_nonzero=6215  priority_block:demoted=2471  dominated_spread=1036
[guards @ 6800 decisions] zero_damage:demoted=9182  guards_ran=6800  threat_obs_computed=6260  threat_obs_nonzero=6260  priority_block:demoted=2485  dominated_spread=1039
[guards @ 6850 decisions] zero_damage:demoted=9260  guards_ran=6850  threat_obs_computed=6305  threat_obs_nonzero=6305  priority_block:demoted=2506  dominated_spread=1045
[guards @ 6900 decisions] zero_damage:demoted=9312  guards_ran=6900  threat_obs_computed=6352  threat_obs_nonzero=6352  priority_block:demoted=2520  dominated_spread=1050
[guards @ 6950 decisions] zero_damage:demoted=9364  guards_ran=6950  threat_obs_computed=6397  threat_obs_nonzero=6397  priority_block:demoted=2534  dominated_spread=1056
[guards @ 7000 decisions] zero_damage:demoted=9418  guards_ran=7000  threat_obs_computed=6442  threat_obs_nonzero=6442  priority_block:demoted=2555  dominated_spread=1064
[guards @ 7050 decisions] zero_damage:demoted=9496  guards_ran=7050  threat_obs_computed=6488  threat_obs_nonzero=6488  priority_block:demoted=2576  dominated_spread=1068
[guards @ 7100 decisions] zero_damage:demoted=9574  guards_ran=7100  threat_obs_computed=6534  threat_obs_nonzero=6534  priority_block:demoted=2597  dominated_spread=1073
[guards @ 7150 decisions] zero_damage:demoted=9626  guards_ran=7150  threat_obs_computed=6582  threat_obs_nonzero=6582  priority_block:demoted=2611  dominated_spread=1083
[guards @ 7200 decisions] zero_damage:demoted=9704  guards_ran=7200  threat_obs_computed=6628  threat_obs_nonzero=6628  priority_block:demoted=2632  dominated_spread=1090
[guards @ 7250 decisions] zero_damage:demoted=9756  guards_ran=7250  threat_obs_computed=6673  threat_obs_nonzero=6673  priority_block:demoted=2646  dominated_spread=1099
[guards @ 7300 decisions] zero_damage:demoted=9808  guards_ran=7300  threat_obs_computed=6718  threat_obs_nonzero=6718  priority_block:demoted=2660  dominated_spread=1105
[guards @ 7350 decisions] zero_damage:demoted=9860  guards_ran=7350  threat_obs_computed=6766  threat_obs_nonzero=6766  priority_block:demoted=2674  dominated_spread=1117
[guards @ 7400 decisions] zero_damage:demoted=9938  guards_ran=7400  threat_obs_computed=6811  threat_obs_nonzero=6811  priority_block:demoted=2695  dominated_spread=1125
[guards @ 7450 decisions] zero_damage:demoted=9990  guards_ran=7450  threat_obs_computed=6858  threat_obs_nonzero=6858  priority_block:demoted=2709  dominated_spread=1129
[guards @ 7500 decisions] zero_damage:demoted=10056  guards_ran=7500  threat_obs_computed=6903  threat_obs_nonzero=6903  priority_block:demoted=2730  dominated_spread=1136
[guards @ 7550 decisions] zero_damage:demoted=10108  guards_ran=7550  threat_obs_computed=6950  threat_obs_nonzero=6950  priority_block:demoted=2744  dominated_spread=1143
[guards @ 7600 decisions] zero_damage:demoted=10172  guards_ran=7600  threat_obs_computed=6997  threat_obs_nonzero=6997  priority_block:demoted=2758  dominated_spread=1153
[guards @ 7650 decisions] zero_damage:demoted=10250  guards_ran=7650  threat_obs_computed=7041  threat_obs_nonzero=7041  priority_block:demoted=2779  dominated_spread=1164
[guards @ 7700 decisions] zero_damage:demoted=10328  guards_ran=7700  threat_obs_computed=7087  threat_obs_nonzero=7087  priority_block:demoted=2800  dominated_spread=1173
[guards @ 7750 decisions] zero_damage:demoted=10380  guards_ran=7750  threat_obs_computed=7134  threat_obs_nonzero=7134  priority_block:demoted=2814  dominated_spread=1184
[guards @ 7800 decisions] zero_damage:demoted=10446  guards_ran=7800  threat_obs_computed=7182  threat_obs_nonzero=7182  priority_block:demoted=2835  dominated_spread=1192
[guards @ 7850 decisions] zero_damage:demoted=10524  guards_ran=7850  threat_obs_computed=7228  threat_obs_nonzero=7228  priority_block:demoted=2856  dominated_spread=1198
[guards @ 7900 decisions] zero_damage:demoted=10562  guards_ran=7900  threat_obs_computed=7276  threat_obs_nonzero=7276  priority_block:demoted=2863  dominated_spread=1202
[guards @ 7950 decisions] zero_damage:demoted=10614  guards_ran=7950  threat_obs_computed=7324  threat_obs_nonzero=7324  priority_block:demoted=2877  dominated_spread=1210
[guards @ 8000 decisions] zero_damage:demoted=10692  guards_ran=8000  threat_obs_computed=7368  threat_obs_nonzero=7368  priority_block:demoted=2898  dominated_spread=1216
[guards @ 8050 decisions] zero_damage:demoted=10744  guards_ran=8050  threat_obs_computed=7416  threat_obs_nonzero=7416  priority_block:demoted=2912  dominated_spread=1222
[guards @ 8100 decisions] zero_damage:demoted=10822  guards_ran=8100  threat_obs_computed=7461  threat_obs_nonzero=7461  priority_block:demoted=2933  dominated_spread=1225
[guards @ 8150 decisions] zero_damage:demoted=10874  guards_ran=8150  threat_obs_computed=7509  threat_obs_nonzero=7509  priority_block:demoted=2947  dominated_spread=1233
[guards @ 8200 decisions] zero_damage:demoted=10952  guards_ran=8200  threat_obs_computed=7555  threat_obs_nonzero=7555  priority_block:demoted=2968  dominated_spread=1241
[guards @ 8250 decisions] zero_damage:demoted=11004  guards_ran=8250  threat_obs_computed=7599  threat_obs_nonzero=7599  priority_block:demoted=2982  dominated_spread=1249
[guards @ 8300 decisions] zero_damage:demoted=11056  guards_ran=8300  threat_obs_computed=7646  threat_obs_nonzero=7646  priority_block:demoted=2996  dominated_spread=1252
[guards @ 8350 decisions] zero_damage:demoted=11134  guards_ran=8350  threat_obs_computed=7691  threat_obs_nonzero=7691  priority_block:demoted=3017  dominated_spread=1263
[guards @ 8400 decisions] zero_damage:demoted=11212  guards_ran=8400  threat_obs_computed=7737  threat_obs_nonzero=7737  priority_block:demoted=3038  dominated_spread=1270
[guards @ 8450 decisions] zero_damage:demoted=11290  guards_ran=8450  threat_obs_computed=7783  threat_obs_nonzero=7783  priority_block:demoted=3059  dominated_spread=1278
[guards @ 8500 decisions] zero_damage:demoted=11342  guards_ran=8500  threat_obs_computed=7831  threat_obs_nonzero=7831  priority_block:demoted=3073  dominated_spread=1282
[guards @ 8550 decisions] zero_damage:demoted=11420  guards_ran=8550  threat_obs_computed=7874  threat_obs_nonzero=7874  priority_block:demoted=3094  dominated_spread=1286
[guards @ 8600 decisions] zero_damage:demoted=11498  guards_ran=8600  threat_obs_computed=7919  threat_obs_nonzero=7919  priority_block:demoted=3115  dominated_spread=1293
[guards @ 8650 decisions] zero_damage:demoted=11550  guards_ran=8650  threat_obs_computed=7964  threat_obs_nonzero=7964  priority_block:demoted=3129  dominated_spread=1301
[guards @ 8700 decisions] zero_damage:demoted=11602  guards_ran=8700  threat_obs_computed=8010  threat_obs_nonzero=8010  priority_block:demoted=3143  dominated_spread=1310
[guards @ 8750 decisions] zero_damage:demoted=11654  guards_ran=8750  threat_obs_computed=8056  threat_obs_nonzero=8056  priority_block:demoted=3157  dominated_spread=1316
[guards @ 8800 decisions] zero_damage:demoted=11732  guards_ran=8800  threat_obs_computed=8102  threat_obs_nonzero=8102  priority_block:demoted=3178  dominated_spread=1328
[guards @ 8850 decisions] zero_damage:demoted=11810  guards_ran=8850  threat_obs_computed=8147  threat_obs_nonzero=8147  priority_block:demoted=3199  dominated_spread=1334
[guards @ 8900 decisions] zero_damage:demoted=11862  guards_ran=8900  threat_obs_computed=8195  threat_obs_nonzero=8195  priority_block:demoted=3213  dominated_spread=1341
[guards @ 8950 decisions] zero_damage:demoted=11940  guards_ran=8950  threat_obs_computed=8241  threat_obs_nonzero=8241  priority_block:demoted=3234  dominated_spread=1346
[guards @ 9000 decisions] zero_damage:demoted=12018  guards_ran=9000  threat_obs_computed=8286  threat_obs_nonzero=8286  priority_block:demoted=3255  dominated_spread=1355
[guards @ 9050 decisions] zero_damage:demoted=12096  guards_ran=9050  threat_obs_computed=8331  threat_obs_nonzero=8331  priority_block:demoted=3276  dominated_spread=1359
[guards @ 9100 decisions] zero_damage:demoted=12148  guards_ran=9100  threat_obs_computed=8377  threat_obs_nonzero=8377  priority_block:demoted=3290  dominated_spread=1362
[guards @ 9150 decisions] zero_damage:demoted=12200  guards_ran=9150  threat_obs_computed=8423  threat_obs_nonzero=8423  priority_block:demoted=3304  dominated_spread=1368
[guards @ 9200 decisions] zero_damage:demoted=12278  guards_ran=9200  threat_obs_computed=8470  threat_obs_nonzero=8470  priority_block:demoted=3325  dominated_spread=1376
[guards @ 9250 decisions] zero_damage:demoted=12356  guards_ran=9250  threat_obs_computed=8515  threat_obs_nonzero=8515  priority_block:demoted=3346  dominated_spread=1384
[guards @ 9300 decisions] zero_damage:demoted=12434  guards_ran=9300  threat_obs_computed=8562  threat_obs_nonzero=8562  priority_block:demoted=3367  dominated_spread=1390
[guards @ 9350 decisions] zero_damage:demoted=12486  guards_ran=9350  threat_obs_computed=8608  threat_obs_nonzero=8608  priority_block:demoted=3381  dominated_spread=1396
[guards @ 9400 decisions] zero_damage:demoted=12538  guards_ran=9400  threat_obs_computed=8654  threat_obs_nonzero=8654  priority_block:demoted=3395  dominated_spread=1403
[guards @ 9450 decisions] zero_damage:demoted=12616  guards_ran=9450  threat_obs_computed=8700  threat_obs_nonzero=8700  priority_block:demoted=3416  dominated_spread=1410
[guards @ 9500 decisions] zero_damage:demoted=12682  guards_ran=9500  threat_obs_computed=8747  threat_obs_nonzero=8747  priority_block:demoted=3437  dominated_spread=1415
[guards @ 9550 decisions] zero_damage:demoted=12746  guards_ran=9550  threat_obs_computed=8793  threat_obs_nonzero=8793  priority_block:demoted=3451  dominated_spread=1428
[guards @ 9600 decisions] zero_damage:demoted=12824  guards_ran=9600  threat_obs_computed=8838  threat_obs_nonzero=8838  priority_block:demoted=3472  dominated_spread=1432
[guards @ 9650 decisions] zero_damage:demoted=12902  guards_ran=9650  threat_obs_computed=8885  threat_obs_nonzero=8885  priority_block:demoted=3493  dominated_spread=1443
[guards @ 9700 decisions] zero_damage:demoted=12980  guards_ran=9700  threat_obs_computed=8931  threat_obs_nonzero=8931  priority_block:demoted=3514  dominated_spread=1450
[guards @ 9750 decisions] zero_damage:demoted=13006  guards_ran=9750  threat_obs_computed=8979  threat_obs_nonzero=8979  priority_block:demoted=3521  dominated_spread=1456
block hidden=False a_first=True: A 258.0/500; running A 51.6% [47.2, 56.0]
[guards @ 9800 decisions] zero_damage:demoted=104  guards_ran=36  threat_obs_computed=30  threat_obs_nonzero=30  priority_block:demoted=28  learned_preview=8
[guards @ 9850 decisions] zero_damage:demoted=156  guards_ran=86  threat_obs_computed=76  threat_obs_nonzero=76  priority_block:demoted=42  learned_preview=12
[guards @ 9900 decisions] zero_damage:demoted=208  guards_ran=136  threat_obs_computed=124  threat_obs_nonzero=124  priority_block:demoted=56  learned_preview=18
[guards @ 9950 decisions] zero_damage:demoted=312  guards_ran=186  threat_obs_computed=167  threat_obs_nonzero=167  priority_block:demoted=84  learned_preview=24
[guards @ 10000 decisions] zero_damage:demoted=364  guards_ran=236  threat_obs_computed=211  threat_obs_nonzero=211  priority_block:demoted=98  dominated_spread=32
[guards @ 10050 decisions] zero_damage:demoted=416  guards_ran=286  threat_obs_computed=257  threat_obs_nonzero=257  priority_block:demoted=112  dominated_spread=35
[guards @ 10100 decisions] zero_damage:demoted=496  guards_ran=336  threat_obs_computed=303  threat_obs_nonzero=303  priority_block:demoted=140  dominated_spread=42
[guards @ 10150 decisions] zero_damage:demoted=562  guards_ran=386  threat_obs_computed=350  threat_obs_nonzero=350  priority_block:demoted=161  dominated_spread=49
[guards @ 10200 decisions] zero_damage:demoted=652  guards_ran=436  threat_obs_computed=392  threat_obs_nonzero=392  priority_block:demoted=182  dominated_spread=54
[guards @ 10250 decisions] zero_damage:demoted=704  guards_ran=486  threat_obs_computed=438  threat_obs_nonzero=438  priority_block:demoted=196  dominated_spread=59
[guards @ 10300 decisions] zero_damage:demoted=782  guards_ran=536  threat_obs_computed=484  threat_obs_nonzero=484  priority_block:demoted=217  dominated_spread=64
[guards @ 10350 decisions] zero_damage:demoted=834  guards_ran=586  threat_obs_computed=530  threat_obs_nonzero=530  priority_block:demoted=231  dominated_spread=73
[guards @ 10400 decisions] zero_damage:demoted=886  guards_ran=636  threat_obs_computed=577  threat_obs_nonzero=577  priority_block:demoted=245  dominated_spread=81
[guards @ 10450 decisions] zero_damage:demoted=952  guards_ran=686  threat_obs_computed=624  threat_obs_nonzero=624  priority_block:demoted=266  dominated_spread=89
[guards @ 10500 decisions] zero_damage:demoted=1016  guards_ran=736  threat_obs_computed=669  threat_obs_nonzero=669  priority_block:demoted=280  dominated_spread=99
[guards @ 10550 decisions] zero_damage:demoted=1094  guards_ran=786  threat_obs_computed=715  threat_obs_nonzero=715  priority_block:demoted=301  dominated_spread=103
[guards @ 10600 decisions] zero_damage:demoted=1172  guards_ran=836  threat_obs_computed=760  threat_obs_nonzero=760  priority_block:demoted=322  dominated_spread=111
[guards @ 10650 decisions] zero_damage:demoted=1252  guards_ran=886  threat_obs_computed=804  threat_obs_nonzero=804  priority_block:demoted=350  dominated_spread=119
[guards @ 10700 decisions] zero_damage:demoted=1304  guards_ran=936  threat_obs_computed=851  threat_obs_nonzero=851  priority_block:demoted=364  dominated_spread=124
[guards @ 10750 decisions] zero_damage:demoted=1356  guards_ran=986  threat_obs_computed=898  threat_obs_nonzero=898  priority_block:demoted=378  dominated_spread=131
[guards @ 10800 decisions] zero_damage:demoted=1434  guards_ran=1036  threat_obs_computed=944  threat_obs_nonzero=944  priority_block:demoted=399  dominated_spread=144
[guards @ 10850 decisions] zero_damage:demoted=1486  guards_ran=1086  threat_obs_computed=990  threat_obs_nonzero=990  priority_block:demoted=413  dominated_spread=155
[guards @ 10900 decisions] zero_damage:demoted=1578  guards_ran=1136  threat_obs_computed=1036  threat_obs_nonzero=1036  priority_block:demoted=441  dominated_spread=162
[guards @ 10950 decisions] zero_damage:demoted=1642  guards_ran=1186  threat_obs_computed=1083  threat_obs_nonzero=1083  priority_block:demoted=455  dominated_spread=170
[guards @ 11000 decisions] zero_damage:demoted=1720  guards_ran=1236  threat_obs_computed=1130  threat_obs_nonzero=1130  priority_block:demoted=476  dominated_spread=177
[guards @ 11050 decisions] zero_damage:demoted=1772  guards_ran=1286  threat_obs_computed=1174  threat_obs_nonzero=1174  priority_block:demoted=490  dominated_spread=183
[guards @ 11100 decisions] zero_damage:demoted=1838  guards_ran=1336  threat_obs_computed=1220  threat_obs_nonzero=1220  priority_block:demoted=511  dominated_spread=189
[guards @ 11150 decisions] zero_damage:demoted=1902  guards_ran=1386  threat_obs_computed=1266  threat_obs_nonzero=1266  priority_block:demoted=525  dominated_spread=193
[guards @ 11200 decisions] zero_damage:demoted=1982  guards_ran=1436  threat_obs_computed=1313  threat_obs_nonzero=1313  priority_block:demoted=553  dominated_spread=200
[guards @ 11250 decisions] zero_damage:demoted=2060  guards_ran=1486  threat_obs_computed=1359  threat_obs_nonzero=1359  priority_block:demoted=574  dominated_spread=206
[guards @ 11300 decisions] zero_damage:demoted=2126  guards_ran=1536  threat_obs_computed=1405  threat_obs_nonzero=1405  priority_block:demoted=595  dominated_spread=217
[guards @ 11350 decisions] zero_damage:demoted=2190  guards_ran=1586  threat_obs_computed=1451  threat_obs_nonzero=1451  priority_block:demoted=609  dominated_spread=223
[guards @ 11400 decisions] zero_damage:demoted=2242  guards_ran=1636  threat_obs_computed=1499  threat_obs_nonzero=1499  priority_block:demoted=623  dominated_spread=233
[guards @ 11450 decisions] zero_damage:demoted=2320  guards_ran=1686  threat_obs_computed=1543  threat_obs_nonzero=1543  priority_block:demoted=644  dominated_spread=243
[guards @ 11500 decisions] zero_damage:demoted=2398  guards_ran=1736  threat_obs_computed=1590  threat_obs_nonzero=1590  priority_block:demoted=665  dominated_spread=251
[guards @ 11550 decisions] zero_damage:demoted=2476  guards_ran=1786  threat_obs_computed=1635  threat_obs_nonzero=1635  priority_block:demoted=686  dominated_spread=258
[guards @ 11600 decisions] zero_damage:demoted=2528  guards_ran=1836  threat_obs_computed=1682  threat_obs_nonzero=1682  priority_block:demoted=700  dominated_spread=264
[guards @ 11650 decisions] zero_damage:demoted=2606  guards_ran=1886  threat_obs_computed=1726  threat_obs_nonzero=1726  priority_block:demoted=721  dominated_spread=271
[guards @ 11700 decisions] zero_damage:demoted=2658  guards_ran=1936  threat_obs_computed=1772  threat_obs_nonzero=1772  priority_block:demoted=735  dominated_spread=278
[guards @ 11750 decisions] zero_damage:demoted=2762  guards_ran=1986  threat_obs_computed=1816  threat_obs_nonzero=1816  priority_block:demoted=763  dominated_spread=286
[guards @ 11800 decisions] zero_damage:demoted=2828  guards_ran=2036  threat_obs_computed=1862  threat_obs_nonzero=1862  priority_block:demoted=784  dominated_spread=297
[guards @ 11850 decisions] zero_damage:demoted=2892  guards_ran=2086  threat_obs_computed=1909  threat_obs_nonzero=1909  priority_block:demoted=798  dominated_spread=302
[guards @ 11900 decisions] zero_damage:demoted=2944  guards_ran=2136  threat_obs_computed=1955  threat_obs_nonzero=1955  priority_block:demoted=812  dominated_spread=310
[guards @ 11950 decisions] zero_damage:demoted=2996  guards_ran=2186  threat_obs_computed=2001  threat_obs_nonzero=2001  priority_block:demoted=826  dominated_spread=317
[guards @ 12000 decisions] zero_damage:demoted=3100  guards_ran=2236  threat_obs_computed=2046  threat_obs_nonzero=2046  priority_block:demoted=854  dominated_spread=326
[guards @ 12050 decisions] zero_damage:demoted=3152  guards_ran=2286  threat_obs_computed=2094  threat_obs_nonzero=2094  priority_block:demoted=868  dominated_spread=335
[guards @ 12100 decisions] zero_damage:demoted=3230  guards_ran=2336  threat_obs_computed=2140  threat_obs_nonzero=2140  priority_block:demoted=889  dominated_spread=342
[guards @ 12150 decisions] zero_damage:demoted=3296  guards_ran=2386  threat_obs_computed=2187  threat_obs_nonzero=2187  priority_block:demoted=910  dominated_spread=349
[guards @ 12200 decisions] zero_damage:demoted=3360  guards_ran=2436  threat_obs_computed=2233  threat_obs_nonzero=2233  priority_block:demoted=924  dominated_spread=354
[guards @ 12250 decisions] zero_damage:demoted=3426  guards_ran=2486  threat_obs_computed=2280  threat_obs_nonzero=2280  priority_block:demoted=945  dominated_spread=358
[guards @ 12300 decisions] zero_damage:demoted=3490  guards_ran=2536  threat_obs_computed=2326  threat_obs_nonzero=2326  priority_block:demoted=959  dominated_spread=363
[guards @ 12350 decisions] zero_damage:demoted=3568  guards_ran=2586  threat_obs_computed=2371  threat_obs_nonzero=2371  priority_block:demoted=980  dominated_spread=371
[guards @ 12400 decisions] zero_damage:demoted=3646  guards_ran=2636  threat_obs_computed=2418  threat_obs_nonzero=2418  priority_block:demoted=1001  dominated_spread=382
[guards @ 12450 decisions] zero_damage:demoted=3698  guards_ran=2686  threat_obs_computed=2463  threat_obs_nonzero=2463  priority_block:demoted=1015  dominated_spread=390
[guards @ 12500 decisions] zero_damage:demoted=3776  guards_ran=2736  threat_obs_computed=2510  threat_obs_nonzero=2510  priority_block:demoted=1036  dominated_spread=397
[guards @ 12550 decisions] zero_damage:demoted=3854  guards_ran=2786  threat_obs_computed=2556  threat_obs_nonzero=2556  priority_block:demoted=1057  dominated_spread=402
[guards @ 12600 decisions] zero_damage:demoted=3906  guards_ran=2836  threat_obs_computed=2603  threat_obs_nonzero=2603  priority_block:demoted=1071  dominated_spread=408
[guards @ 12650 decisions] zero_damage:demoted=3958  guards_ran=2886  threat_obs_computed=2650  threat_obs_nonzero=2650  priority_block:demoted=1085  dominated_spread=413
[guards @ 12700 decisions] zero_damage:demoted=4036  guards_ran=2936  threat_obs_computed=2696  threat_obs_nonzero=2696  priority_block:demoted=1106  dominated_spread=422
[guards @ 12750 decisions] zero_damage:demoted=4114  guards_ran=2986  threat_obs_computed=2742  threat_obs_nonzero=2742  priority_block:demoted=1127  dominated_spread=430
[guards @ 12800 decisions] zero_damage:demoted=4192  guards_ran=3036  threat_obs_computed=2787  threat_obs_nonzero=2787  priority_block:demoted=1148  dominated_spread=438
[guards @ 12850 decisions] zero_damage:demoted=4270  guards_ran=3086  threat_obs_computed=2833  threat_obs_nonzero=2833  priority_block:demoted=1169  dominated_spread=445
[guards @ 12900 decisions] zero_damage:demoted=4322  guards_ran=3136  threat_obs_computed=2880  threat_obs_nonzero=2880  priority_block:demoted=1183  dominated_spread=451
[guards @ 12950 decisions] zero_damage:demoted=4388  guards_ran=3186  threat_obs_computed=2925  threat_obs_nonzero=2925  priority_block:demoted=1204  dominated_spread=457
[guards @ 13000 decisions] zero_damage:demoted=4452  guards_ran=3236  threat_obs_computed=2971  threat_obs_nonzero=2971  priority_block:demoted=1218  dominated_spread=463
[guards @ 13050 decisions] zero_damage:demoted=4504  guards_ran=3286  threat_obs_computed=3018  threat_obs_nonzero=3018  priority_block:demoted=1232  dominated_spread=474
[guards @ 13100 decisions] zero_damage:demoted=4582  guards_ran=3336  threat_obs_computed=3063  threat_obs_nonzero=3063  priority_block:demoted=1253  dominated_spread=482
[guards @ 13150 decisions] zero_damage:demoted=4648  guards_ran=3386  threat_obs_computed=3108  threat_obs_nonzero=3108  priority_block:demoted=1274  dominated_spread=489
[guards @ 13200 decisions] zero_damage:demoted=4712  guards_ran=3436  threat_obs_computed=3154  threat_obs_nonzero=3154  priority_block:demoted=1288  dominated_spread=495
[guards @ 13250 decisions] zero_damage:demoted=4790  guards_ran=3486  threat_obs_computed=3199  threat_obs_nonzero=3199  priority_block:demoted=1309  dominated_spread=504
[guards @ 13300 decisions] zero_damage:demoted=4868  guards_ran=3536  threat_obs_computed=3244  threat_obs_nonzero=3244  priority_block:demoted=1330  dominated_spread=510
[guards @ 13350 decisions] zero_damage:demoted=4946  guards_ran=3586  threat_obs_computed=3290  threat_obs_nonzero=3290  priority_block:demoted=1351  dominated_spread=520
[guards @ 13400 decisions] zero_damage:demoted=4972  guards_ran=3636  threat_obs_computed=3338  threat_obs_nonzero=3338  priority_block:demoted=1358  dominated_spread=524
[guards @ 13450 decisions] zero_damage:demoted=5052  guards_ran=3686  threat_obs_computed=3385  threat_obs_nonzero=3385  priority_block:demoted=1386  dominated_spread=531
[guards @ 13500 decisions] zero_damage:demoted=5104  guards_ran=3736  threat_obs_computed=3432  threat_obs_nonzero=3432  priority_block:demoted=1400  dominated_spread=539
[guards @ 13550 decisions] zero_damage:demoted=5156  guards_ran=3786  threat_obs_computed=3479  threat_obs_nonzero=3479  priority_block:demoted=1414  dominated_spread=544
[guards @ 13600 decisions] zero_damage:demoted=5234  guards_ran=3836  threat_obs_computed=3525  threat_obs_nonzero=3525  priority_block:demoted=1435  dominated_spread=551
[guards @ 13650 decisions] zero_damage:demoted=5300  guards_ran=3886  threat_obs_computed=3571  threat_obs_nonzero=3571  priority_block:demoted=1456  dominated_spread=556
[guards @ 13700 decisions] zero_damage:demoted=5338  guards_ran=3936  threat_obs_computed=3618  threat_obs_nonzero=3618  priority_block:demoted=1463  dominated_spread=565
[guards @ 13750 decisions] zero_damage:demoted=5404  guards_ran=3986  threat_obs_computed=3666  threat_obs_nonzero=3666  priority_block:demoted=1484  dominated_spread=576
[guards @ 13800 decisions] zero_damage:demoted=5468  guards_ran=4036  threat_obs_computed=3711  threat_obs_nonzero=3711  priority_block:demoted=1498  dominated_spread=583
[guards @ 13850 decisions] zero_damage:demoted=5546  guards_ran=4086  threat_obs_computed=3756  threat_obs_nonzero=3756  priority_block:demoted=1519  dominated_spread=590
[guards @ 13900 decisions] zero_damage:demoted=5598  guards_ran=4136  threat_obs_computed=3802  threat_obs_nonzero=3802  priority_block:demoted=1533  dominated_spread=596
[guards @ 13950 decisions] zero_damage:demoted=5676  guards_ran=4186  threat_obs_computed=3845  threat_obs_nonzero=3845  priority_block:demoted=1554  dominated_spread=600
[guards @ 14000 decisions] zero_damage:demoted=5728  guards_ran=4236  threat_obs_computed=3893  threat_obs_nonzero=3893  priority_block:demoted=1568  dominated_spread=606
[guards @ 14050 decisions] zero_damage:demoted=5806  guards_ran=4286  threat_obs_computed=3938  threat_obs_nonzero=3938  priority_block:demoted=1589  dominated_spread=615
[guards @ 14100 decisions] zero_damage:demoted=5858  guards_ran=4336  threat_obs_computed=3985  threat_obs_nonzero=3985  priority_block:demoted=1603  dominated_spread=618
[guards @ 14150 decisions] zero_damage:demoted=5910  guards_ran=4386  threat_obs_computed=4031  threat_obs_nonzero=4031  priority_block:demoted=1617  dominated_spread=629
[guards @ 14200 decisions] zero_damage:demoted=5988  guards_ran=4436  threat_obs_computed=4077  threat_obs_nonzero=4077  priority_block:demoted=1638  dominated_spread=639
[guards @ 14250 decisions] zero_damage:demoted=6040  guards_ran=4486  threat_obs_computed=4125  threat_obs_nonzero=4125  priority_block:demoted=1652  dominated_spread=645
[guards @ 14300 decisions] zero_damage:demoted=6118  guards_ran=4536  threat_obs_computed=4170  threat_obs_nonzero=4170  priority_block:demoted=1673  dominated_spread=656
[guards @ 14350 decisions] zero_damage:demoted=6184  guards_ran=4586  threat_obs_computed=4217  threat_obs_nonzero=4217  priority_block:demoted=1694  dominated_spread=665
[guards @ 14400 decisions] zero_damage:demoted=6248  guards_ran=4636  threat_obs_computed=4263  threat_obs_nonzero=4263  priority_block:demoted=1708  dominated_spread=673
[guards @ 14450 decisions] zero_damage:demoted=6300  guards_ran=4686  threat_obs_computed=4310  threat_obs_nonzero=4310  priority_block:demoted=1722  dominated_spread=677
[guards @ 14500 decisions] zero_damage:demoted=6366  guards_ran=4736  threat_obs_computed=4356  threat_obs_nonzero=4356  priority_block:demoted=1743  dominated_spread=680
[guards @ 14550 decisions] zero_damage:demoted=6430  guards_ran=4786  threat_obs_computed=4402  threat_obs_nonzero=4402  priority_block:demoted=1757  dominated_spread=693
[guards @ 14600 decisions] zero_damage:demoted=6482  guards_ran=4836  threat_obs_computed=4447  threat_obs_nonzero=4447  priority_block:demoted=1771  dominated_spread=698
[guards @ 14650 decisions] zero_damage:demoted=6534  guards_ran=4886  threat_obs_computed=4494  threat_obs_nonzero=4494  priority_block:demoted=1785  dominated_spread=707
[guards @ 14700 decisions] zero_damage:demoted=6612  guards_ran=4936  threat_obs_computed=4541  threat_obs_nonzero=4541  priority_block:demoted=1806  dominated_spread=710
[guards @ 14750 decisions] zero_damage:demoted=6690  guards_ran=4986  threat_obs_computed=4587  threat_obs_nonzero=4587  priority_block:demoted=1827  dominated_spread=716
[guards @ 14800 decisions] zero_damage:demoted=6742  guards_ran=5036  threat_obs_computed=4634  threat_obs_nonzero=4634  priority_block:demoted=1841  dominated_spread=727
[guards @ 14850 decisions] zero_damage:demoted=6820  guards_ran=5086  threat_obs_computed=4680  threat_obs_nonzero=4680  priority_block:demoted=1862  dominated_spread=738
[guards @ 14900 decisions] zero_damage:demoted=6886  guards_ran=5136  threat_obs_computed=4728  threat_obs_nonzero=4728  priority_block:demoted=1883  dominated_spread=742
[guards @ 14950 decisions] zero_damage:demoted=6950  guards_ran=5186  threat_obs_computed=4775  threat_obs_nonzero=4775  priority_block:demoted=1897  dominated_spread=747
[guards @ 15000 decisions] zero_damage:demoted=7028  guards_ran=5236  threat_obs_computed=4822  threat_obs_nonzero=4822  priority_block:demoted=1918  dominated_spread=760
[guards @ 15050 decisions] zero_damage:demoted=7106  guards_ran=5286  threat_obs_computed=4866  threat_obs_nonzero=4866  priority_block:demoted=1939  dominated_spread=766
[guards @ 15100 decisions] zero_damage:demoted=7158  guards_ran=5336  threat_obs_computed=4913  threat_obs_nonzero=4913  priority_block:demoted=1953  dominated_spread=772
[guards @ 15150 decisions] zero_damage:demoted=7262  guards_ran=5386  threat_obs_computed=4956  threat_obs_nonzero=4956  priority_block:demoted=1981  dominated_spread=783
[guards @ 15200 decisions] zero_damage:demoted=7314  guards_ran=5436  threat_obs_computed=5003  threat_obs_nonzero=5003  priority_block:demoted=1995  dominated_spread=791
[guards @ 15250 decisions] zero_damage:demoted=7392  guards_ran=5486  threat_obs_computed=5050  threat_obs_nonzero=5050  priority_block:demoted=2016  dominated_spread=796
[guards @ 15300 decisions] zero_damage:demoted=7458  guards_ran=5536  threat_obs_computed=5096  threat_obs_nonzero=5096  priority_block:demoted=2037  dominated_spread=804
[guards @ 15350 decisions] zero_damage:demoted=7510  guards_ran=5586  threat_obs_computed=5144  threat_obs_nonzero=5144  priority_block:demoted=2051  dominated_spread=811
[guards @ 15400 decisions] zero_damage:demoted=7602  guards_ran=5636  threat_obs_computed=5188  threat_obs_nonzero=5188  priority_block:demoted=2079  dominated_spread=820
[guards @ 15450 decisions] zero_damage:demoted=7654  guards_ran=5686  threat_obs_computed=5235  threat_obs_nonzero=5235  priority_block:demoted=2093  dominated_spread=824
[guards @ 15500 decisions] zero_damage:demoted=7720  guards_ran=5736  threat_obs_computed=5280  threat_obs_nonzero=5280  priority_block:demoted=2114  dominated_spread=833
[guards @ 15550 decisions] zero_damage:demoted=7784  guards_ran=5786  threat_obs_computed=5326  threat_obs_nonzero=5326  priority_block:demoted=2128  dominated_spread=839
[guards @ 15600 decisions] zero_damage:demoted=7862  guards_ran=5836  threat_obs_computed=5372  threat_obs_nonzero=5372  priority_block:demoted=2149  dominated_spread=846
[guards @ 15650 decisions] zero_damage:demoted=7940  guards_ran=5886  threat_obs_computed=5417  threat_obs_nonzero=5417  priority_block:demoted=2170  dominated_spread=852
[guards @ 15700 decisions] zero_damage:demoted=8006  guards_ran=5936  threat_obs_computed=5465  threat_obs_nonzero=5465  priority_block:demoted=2191  dominated_spread=860
[guards @ 15750 decisions] zero_damage:demoted=8070  guards_ran=5986  threat_obs_computed=5512  threat_obs_nonzero=5512  priority_block:demoted=2205  dominated_spread=868
[guards @ 15800 decisions] zero_damage:demoted=8148  guards_ran=6036  threat_obs_computed=5558  threat_obs_nonzero=5558  priority_block:demoted=2226  dominated_spread=876
[guards @ 15850 decisions] zero_damage:demoted=8200  guards_ran=6086  threat_obs_computed=5605  threat_obs_nonzero=5605  priority_block:demoted=2240  dominated_spread=884
[guards @ 15900 decisions] zero_damage:demoted=8278  guards_ran=6136  threat_obs_computed=5651  threat_obs_nonzero=5651  priority_block:demoted=2261  dominated_spread=890
[guards @ 15950 decisions] zero_damage:demoted=8330  guards_ran=6186  threat_obs_computed=5698  threat_obs_nonzero=5698  priority_block:demoted=2275  dominated_spread=896
[guards @ 16000 decisions] zero_damage:demoted=8382  guards_ran=6236  threat_obs_computed=5746  threat_obs_nonzero=5746  priority_block:demoted=2289  dominated_spread=904
[guards @ 16050 decisions] zero_damage:demoted=8486  guards_ran=6286  threat_obs_computed=5790  threat_obs_nonzero=5790  priority_block:demoted=2317  dominated_spread=911
[guards @ 16100 decisions] zero_damage:demoted=8538  guards_ran=6336  threat_obs_computed=5837  threat_obs_nonzero=5837  priority_block:demoted=2331  dominated_spread=921
[guards @ 16150 decisions] zero_damage:demoted=8590  guards_ran=6386  threat_obs_computed=5884  threat_obs_nonzero=5884  priority_block:demoted=2345  dominated_spread=930
[guards @ 16200 decisions] zero_damage:demoted=8642  guards_ran=6436  threat_obs_computed=5930  threat_obs_nonzero=5930  priority_block:demoted=2359  dominated_spread=942
[guards @ 16250 decisions] zero_damage:demoted=8720  guards_ran=6486  threat_obs_computed=5975  threat_obs_nonzero=5975  priority_block:demoted=2380  dominated_spread=948
[guards @ 16300 decisions] zero_damage:demoted=8798  guards_ran=6536  threat_obs_computed=6022  threat_obs_nonzero=6022  priority_block:demoted=2401  dominated_spread=959
[guards @ 16350 decisions] zero_damage:demoted=8850  guards_ran=6586  threat_obs_computed=6068  threat_obs_nonzero=6068  priority_block:demoted=2415  dominated_spread=967
[guards @ 16400 decisions] zero_damage:demoted=8928  guards_ran=6636  threat_obs_computed=6115  threat_obs_nonzero=6115  priority_block:demoted=2436  dominated_spread=977
[guards @ 16450 decisions] zero_damage:demoted=8994  guards_ran=6686  threat_obs_computed=6161  threat_obs_nonzero=6161  priority_block:demoted=2457  dominated_spread=985
[guards @ 16500 decisions] zero_damage:demoted=9058  guards_ran=6736  threat_obs_computed=6206  threat_obs_nonzero=6206  priority_block:demoted=2471  dominated_spread=989
[guards @ 16550 decisions] zero_damage:demoted=9110  guards_ran=6786  threat_obs_computed=6253  threat_obs_nonzero=6253  priority_block:demoted=2485  dominated_spread=1000
[guards @ 16600 decisions] zero_damage:demoted=9188  guards_ran=6836  threat_obs_computed=6300  threat_obs_nonzero=6300  priority_block:demoted=2506  dominated_spread=1009
[guards @ 16650 decisions] zero_damage:demoted=9266  guards_ran=6886  threat_obs_computed=6347  threat_obs_nonzero=6347  priority_block:demoted=2527  dominated_spread=1014
[guards @ 16700 decisions] zero_damage:demoted=9332  guards_ran=6936  threat_obs_computed=6395  threat_obs_nonzero=6395  priority_block:demoted=2548  dominated_spread=1020
[guards @ 16750 decisions] zero_damage:demoted=9370  guards_ran=6986  threat_obs_computed=6442  threat_obs_nonzero=6442  priority_block:demoted=2555  dominated_spread=1025
[guards @ 16800 decisions] zero_damage:demoted=9422  guards_ran=7036  threat_obs_computed=6490  threat_obs_nonzero=6490  priority_block:demoted=2569  dominated_spread=1030
[guards @ 16850 decisions] zero_damage:demoted=9500  guards_ran=7086  threat_obs_computed=6534  threat_obs_nonzero=6534  priority_block:demoted=2590  dominated_spread=1037
[guards @ 16900 decisions] zero_damage:demoted=9552  guards_ran=7136  threat_obs_computed=6581  threat_obs_nonzero=6581  priority_block:demoted=2604  dominated_spread=1043
[guards @ 16950 decisions] zero_damage:demoted=9630  guards_ran=7186  threat_obs_computed=6625  threat_obs_nonzero=6625  priority_block:demoted=2625  dominated_spread=1050
[guards @ 17000 decisions] zero_damage:demoted=9708  guards_ran=7236  threat_obs_computed=6672  threat_obs_nonzero=6672  priority_block:demoted=2646  dominated_spread=1059
[guards @ 17050 decisions] zero_damage:demoted=9760  guards_ran=7286  threat_obs_computed=6719  threat_obs_nonzero=6719  priority_block:demoted=2660  dominated_spread=1064
[guards @ 17100 decisions] zero_damage:demoted=9838  guards_ran=7336  threat_obs_computed=6766  threat_obs_nonzero=6766  priority_block:demoted=2681  dominated_spread=1071
[guards @ 17150 decisions] zero_damage:demoted=9890  guards_ran=7386  threat_obs_computed=6813  threat_obs_nonzero=6813  priority_block:demoted=2695  dominated_spread=1077
[guards @ 17200 decisions] zero_damage:demoted=9968  guards_ran=7436  threat_obs_computed=6857  threat_obs_nonzero=6857  priority_block:demoted=2716  dominated_spread=1084
[guards @ 17250 decisions] zero_damage:demoted=10034  guards_ran=7486  threat_obs_computed=6904  threat_obs_nonzero=6904  priority_block:demoted=2737  dominated_spread=1096
[guards @ 17300 decisions] zero_damage:demoted=10098  guards_ran=7536  threat_obs_computed=6950  threat_obs_nonzero=6950  priority_block:demoted=2751  dominated_spread=1101
[guards @ 17350 decisions] zero_damage:demoted=10176  guards_ran=7586  threat_obs_computed=6996  threat_obs_nonzero=6996  priority_block:demoted=2772  dominated_spread=1107
[guards @ 17400 decisions] zero_damage:demoted=10254  guards_ran=7636  threat_obs_computed=7043  threat_obs_nonzero=7043  priority_block:demoted=2793  dominated_spread=1118
[guards @ 17450 decisions] zero_damage:demoted=10332  guards_ran=7686  threat_obs_computed=7089  threat_obs_nonzero=7089  priority_block:demoted=2814  dominated_spread=1125
[guards @ 17500 decisions] zero_damage:demoted=10384  guards_ran=7736  threat_obs_computed=7136  threat_obs_nonzero=7136  priority_block:demoted=2828  dominated_spread=1136
[guards @ 17550 decisions] zero_damage:demoted=10462  guards_ran=7786  threat_obs_computed=7181  threat_obs_nonzero=7181  priority_block:demoted=2849  dominated_spread=1142
[guards @ 17600 decisions] zero_damage:demoted=10514  guards_ran=7836  threat_obs_computed=7228  threat_obs_nonzero=7228  priority_block:demoted=2863  dominated_spread=1149
[guards @ 17650 decisions] zero_damage:demoted=10592  guards_ran=7886  threat_obs_computed=7273  threat_obs_nonzero=7273  priority_block:demoted=2884  dominated_spread=1155
[guards @ 17700 decisions] zero_damage:demoted=10658  guards_ran=7936  threat_obs_computed=7319  threat_obs_nonzero=7319  priority_block:demoted=2905  dominated_spread=1158
[guards @ 17750 decisions] zero_damage:demoted=10722  guards_ran=7986  threat_obs_computed=7363  threat_obs_nonzero=7363  priority_block:demoted=2919  dominated_spread=1164
[guards @ 17800 decisions] zero_damage:demoted=10774  guards_ran=8036  threat_obs_computed=7409  threat_obs_nonzero=7409  priority_block:demoted=2933  dominated_spread=1171
[guards @ 17850 decisions] zero_damage:demoted=10840  guards_ran=8086  threat_obs_computed=7457  threat_obs_nonzero=7457  priority_block:demoted=2954  dominated_spread=1175
[guards @ 17900 decisions] zero_damage:demoted=10904  guards_ran=8136  threat_obs_computed=7503  threat_obs_nonzero=7503  priority_block:demoted=2968  dominated_spread=1182
[guards @ 17950 decisions] zero_damage:demoted=10982  guards_ran=8186  threat_obs_computed=7549  threat_obs_nonzero=7549  priority_block:demoted=2989  dominated_spread=1189
[guards @ 18000 decisions] zero_damage:demoted=11048  guards_ran=8236  threat_obs_computed=7596  threat_obs_nonzero=7596  priority_block:demoted=3010  dominated_spread=1196
[guards @ 18050 decisions] zero_damage:demoted=11112  guards_ran=8286  threat_obs_computed=7642  threat_obs_nonzero=7642  priority_block:demoted=3024  dominated_spread=1205
[guards @ 18100 decisions] zero_damage:demoted=11164  guards_ran=8336  threat_obs_computed=7688  threat_obs_nonzero=7688  priority_block:demoted=3038  dominated_spread=1208
[guards @ 18150 decisions] zero_damage:demoted=11242  guards_ran=8386  threat_obs_computed=7731  threat_obs_nonzero=7731  priority_block:demoted=3059  dominated_spread=1214
[guards @ 18200 decisions] zero_damage:demoted=11320  guards_ran=8436  threat_obs_computed=7777  threat_obs_nonzero=7777  priority_block:demoted=3080  dominated_spread=1217
[guards @ 18250 decisions] zero_damage:demoted=11372  guards_ran=8486  threat_obs_computed=7824  threat_obs_nonzero=7824  priority_block:demoted=3094  dominated_spread=1226
[guards @ 18300 decisions] zero_damage:demoted=11450  guards_ran=8536  threat_obs_computed=7871  threat_obs_nonzero=7871  priority_block:demoted=3115  dominated_spread=1234
[guards @ 18350 decisions] zero_damage:demoted=11502  guards_ran=8586  threat_obs_computed=7918  threat_obs_nonzero=7918  priority_block:demoted=3129  dominated_spread=1245
[guards @ 18400 decisions] zero_damage:demoted=11554  guards_ran=8636  threat_obs_computed=7964  threat_obs_nonzero=7964  priority_block:demoted=3143  dominated_spread=1252
[guards @ 18450 decisions] zero_damage:demoted=11632  guards_ran=8686  threat_obs_computed=8009  threat_obs_nonzero=8009  priority_block:demoted=3164  dominated_spread=1260
[guards @ 18500 decisions] zero_damage:demoted=11698  guards_ran=8736  threat_obs_computed=8053  threat_obs_nonzero=8053  priority_block:demoted=3185  dominated_spread=1266
[guards @ 18550 decisions] zero_damage:demoted=11762  guards_ran=8786  threat_obs_computed=8099  threat_obs_nonzero=8099  priority_block:demoted=3199  dominated_spread=1276
[guards @ 18600 decisions] zero_damage:demoted=11828  guards_ran=8836  threat_obs_computed=8147  threat_obs_nonzero=8147  priority_block:demoted=3220  dominated_spread=1285
[guards @ 18650 decisions] zero_damage:demoted=11892  guards_ran=8886  threat_obs_computed=8194  threat_obs_nonzero=8194  priority_block:demoted=3234  dominated_spread=1295
[guards @ 18700 decisions] zero_damage:demoted=11970  guards_ran=8936  threat_obs_computed=8240  threat_obs_nonzero=8240  priority_block:demoted=3255  dominated_spread=1302
[guards @ 18750 decisions] zero_damage:demoted=12048  guards_ran=8986  threat_obs_computed=8286  threat_obs_nonzero=8286  priority_block:demoted=3276  dominated_spread=1309
[guards @ 18800 decisions] zero_damage:demoted=12100  guards_ran=9036  threat_obs_computed=8334  threat_obs_nonzero=8334  priority_block:demoted=3290  dominated_spread=1319
[guards @ 18850 decisions] zero_damage:demoted=12152  guards_ran=9086  threat_obs_computed=8380  threat_obs_nonzero=8380  priority_block:demoted=3304  dominated_spread=1331
[guards @ 18900 decisions] zero_damage:demoted=12230  guards_ran=9136  threat_obs_computed=8425  threat_obs_nonzero=8425  priority_block:demoted=3325  dominated_spread=1338
[guards @ 18950 decisions] zero_damage:demoted=12308  guards_ran=9186  threat_obs_computed=8470  threat_obs_nonzero=8470  priority_block:demoted=3346  dominated_spread=1353
[guards @ 19000 decisions] zero_damage:demoted=12360  guards_ran=9236  threat_obs_computed=8515  threat_obs_nonzero=8515  priority_block:demoted=3360  dominated_spread=1359
[guards @ 19050 decisions] zero_damage:demoted=12438  guards_ran=9286  threat_obs_computed=8561  threat_obs_nonzero=8561  priority_block:demoted=3381  dominated_spread=1368
[guards @ 19100 decisions] zero_damage:demoted=12490  guards_ran=9336  threat_obs_computed=8609  threat_obs_nonzero=8609  priority_block:demoted=3395  dominated_spread=1377
[guards @ 19150 decisions] zero_damage:demoted=12568  guards_ran=9386  threat_obs_computed=8654  threat_obs_nonzero=8654  priority_block:demoted=3416  dominated_spread=1384
[guards @ 19200 decisions] zero_damage:demoted=12646  guards_ran=9436  threat_obs_computed=8700  threat_obs_nonzero=8700  priority_block:demoted=3437  dominated_spread=1392
[guards @ 19250 decisions] zero_damage:demoted=12698  guards_ran=9486  threat_obs_computed=8747  threat_obs_nonzero=8747  priority_block:demoted=3451  dominated_spread=1399
[guards @ 19300 decisions] zero_damage:demoted=12776  guards_ran=9536  threat_obs_computed=8793  threat_obs_nonzero=8793  priority_block:demoted=3472  dominated_spread=1406
[guards @ 19350 decisions] zero_damage:demoted=12828  guards_ran=9586  threat_obs_computed=8840  threat_obs_nonzero=8840  priority_block:demoted=3486  dominated_spread=1412
[guards @ 19400 decisions] zero_damage:demoted=12880  guards_ran=9636  threat_obs_computed=8887  threat_obs_nonzero=8887  priority_block:demoted=3500  dominated_spread=1420
[guards @ 19450 decisions] zero_damage:demoted=12958  guards_ran=9686  threat_obs_computed=8934  threat_obs_nonzero=8934  priority_block:demoted=3521  dominated_spread=1428
[guards @ 19500 decisions] zero_damage:demoted=13010  guards_ran=9736  threat_obs_computed=8982  threat_obs_nonzero=8982  priority_block:demoted=3535  dominated_spread=1437
block hidden=False a_first=False: A 227.0/500; running A 48.5% [45.4, 51.6]
[guards @ 19550 decisions] priority_block_prior:demoted=48  guards_ran=12  threat_obs_computed=10  threat_obs_nonzero=10  learned_preview=6  dominated_spread=1
[guards @ 19600 decisions] priority_block_prior:demoted=90  guards_ran=62  threat_obs_computed=56  threat_obs_nonzero=56  learned_preview=10  dominated_spread=8
[guards @ 19650 decisions] priority_block_prior:demoted=126  guards_ran=112  threat_obs_computed=103  threat_obs_nonzero=103  protect_spam:demoted=18  learned_preview=14
[guards @ 19700 decisions] guards_ran=162  priority_block_prior:demoted=162  threat_obs_computed=149  threat_obs_nonzero=149  learned_preview=18  protect_spam:demoted=18
[guards @ 19750 decisions] guards_ran=212  priority_block_prior:demoted=198  threat_obs_computed=195  threat_obs_nonzero=195  protect_spam:demoted=26  learned_preview=22
[guards @ 19800 decisions] guards_ran=262  threat_obs_computed=242  threat_obs_nonzero=242  priority_block_prior:demoted=234  protect_spam:demoted=38  learned_preview=26
[guards @ 19850 decisions] guards_ran=312  priority_block_prior:demoted=288  threat_obs_computed=287  threat_obs_nonzero=287  protect_spam:demoted=38  learned_preview=32
[guards @ 19900 decisions] guards_ran=362  threat_obs_computed=333  threat_obs_nonzero=333  priority_block_prior:demoted=324  protect_spam:demoted=38  learned_preview=36
[guards @ 19950 decisions] guards_ran=412  priority_block_prior:demoted=378  threat_obs_computed=377  threat_obs_nonzero=377  protect_spam:demoted=44  learned_preview=42
[guards @ 20000 decisions] guards_ran=462  priority_block_prior:demoted=432  threat_obs_computed=424  threat_obs_nonzero=424  learned_preview=48  protect_spam:demoted=45
[guards @ 20050 decisions] guards_ran=512  threat_obs_computed=471  threat_obs_nonzero=471  priority_block_prior:demoted=468  protect_spam:demoted=57  dominated_attack=53
[guards @ 20100 decisions] guards_ran=562  threat_obs_computed=519  threat_obs_nonzero=519  priority_block_prior:demoted=498  protect_spam:demoted=57  learned_preview=56
[guards @ 20150 decisions] guards_ran=612  threat_obs_computed=565  threat_obs_nonzero=565  priority_block_prior:demoted=540  learned_preview=62  dominated_attack=61
[guards @ 20200 decisions] guards_ran=662  threat_obs_computed=612  threat_obs_nonzero=612  priority_block_prior:demoted=576  dominated_attack=66  dominated_attack:promoted:demoted=66
[guards @ 20250 decisions] guards_ran=712  threat_obs_computed=658  threat_obs_nonzero=658  priority_block_prior:demoted=612  dominated_attack=71  dominated_attack:promoted:demoted=71
[guards @ 20300 decisions] guards_ran=762  threat_obs_computed=702  threat_obs_nonzero=702  priority_block_prior:demoted=666  dominated_attack=75  dominated_attack:promoted:demoted=75
[guards @ 20350 decisions] guards_ran=812  threat_obs_computed=749  threat_obs_nonzero=749  priority_block_prior:demoted=702  learned_preview=78  dominated_attack=77
[guards @ 20400 decisions] guards_ran=862  threat_obs_computed=796  threat_obs_nonzero=796  priority_block_prior:demoted=738  learned_preview=84  dominated_attack=81
[guards @ 20450 decisions] guards_ran=912  threat_obs_computed=842  threat_obs_nonzero=842  priority_block_prior:demoted=792  learned_preview=88  dominated_attack=86
[guards @ 20500 decisions] guards_ran=962  threat_obs_computed=888  threat_obs_nonzero=888  priority_block_prior:demoted=828  learned_preview=92  dominated_attack=90
[guards @ 20550 decisions] guards_ran=1012  threat_obs_computed=932  threat_obs_nonzero=932  priority_block_prior:demoted=882  learned_preview=98  protect_spam:demoted=96
[guards @ 20600 decisions] guards_ran=1062  threat_obs_computed=977  threat_obs_nonzero=977  priority_block_prior:demoted=918  learned_preview=102  dominated_attack=98
[guards @ 20650 decisions] guards_ran=1112  threat_obs_computed=1023  threat_obs_nonzero=1023  priority_block_prior:demoted=972  learned_preview=108  dominated_attack=102
[guards @ 20700 decisions] guards_ran=1162  threat_obs_computed=1070  threat_obs_nonzero=1070  priority_block_prior:demoted=1008  learned_preview=112  dominated_attack=109
[guards @ 20750 decisions] guards_ran=1212  threat_obs_computed=1116  threat_obs_nonzero=1116  priority_block_prior:demoted=1044  learned_preview=118  dominated_attack=112
[guards @ 20800 decisions] guards_ran=1262  threat_obs_computed=1162  threat_obs_nonzero=1162  priority_block_prior:demoted=1098  learned_preview=122  dominated_attack=117
[guards @ 20850 decisions] guards_ran=1312  threat_obs_computed=1209  threat_obs_nonzero=1209  priority_block_prior:demoted=1134  learned_preview=126  dominated_attack=121
[guards @ 20900 decisions] guards_ran=1362  threat_obs_computed=1257  threat_obs_nonzero=1257  priority_block_prior:demoted=1182  learned_preview=132  dominated_attack=126
[guards @ 20950 decisions] guards_ran=1412  threat_obs_computed=1302  threat_obs_nonzero=1302  priority_block_prior:demoted=1224  learned_preview=136  dominated_attack=132
[guards @ 21000 decisions] guards_ran=1462  threat_obs_computed=1348  threat_obs_nonzero=1348  priority_block_prior:demoted=1260  learned_preview=140  dominated_attack=136
[guards @ 21050 decisions] guards_ran=1512  threat_obs_computed=1396  threat_obs_nonzero=1396  priority_block_prior:demoted=1308  learned_preview=146  dominated_attack=142
[guards @ 21100 decisions] guards_ran=1562  threat_obs_computed=1442  threat_obs_nonzero=1442  priority_block_prior:demoted=1350  learned_preview=150  dominated_attack=147
[guards @ 21150 decisions] guards_ran=1612  threat_obs_computed=1489  threat_obs_nonzero=1489  priority_block_prior:demoted=1386  learned_preview=156  dominated_attack=154
[guards @ 21200 decisions] guards_ran=1662  threat_obs_computed=1535  threat_obs_nonzero=1535  priority_block_prior:demoted=1422  learned_preview=160  dominated_attack=160
[guards @ 21250 decisions] guards_ran=1712  threat_obs_computed=1581  threat_obs_nonzero=1581  priority_block_prior:demoted=1458  learned_preview=164  dominated_attack=162
[guards @ 21300 decisions] guards_ran=1762  threat_obs_computed=1626  threat_obs_nonzero=1626  priority_block_prior:demoted=1512  learned_preview=168  dominated_attack=167
[guards @ 21350 decisions] guards_ran=1812  threat_obs_computed=1673  threat_obs_nonzero=1673  priority_block_prior:demoted=1548  learned_preview=172  dominated_attack=170
[guards @ 21400 decisions] guards_ran=1862  threat_obs_computed=1719  threat_obs_nonzero=1719  priority_block_prior:demoted=1584  learned_preview=176  dominated_attack=175
[guards @ 21450 decisions] guards_ran=1912  threat_obs_computed=1766  threat_obs_nonzero=1766  priority_block_prior:demoted=1620  dominated_attack=181  dominated_attack:promoted:demoted=181
[guards @ 21500 decisions] guards_ran=1962  threat_obs_computed=1811  threat_obs_nonzero=1811  priority_block_prior:demoted=1674  learned_preview=186  dominated_attack=184
[guards @ 21550 decisions] guards_ran=2012  threat_obs_computed=1857  threat_obs_nonzero=1857  priority_block_prior:demoted=1710  learned_preview=190  dominated_attack=190
[guards @ 21600 decisions] guards_ran=2062  threat_obs_computed=1903  threat_obs_nonzero=1903  priority_block_prior:demoted=1746  learned_preview=194  dominated_attack=192
[guards @ 21650 decisions] guards_ran=2112  threat_obs_computed=1950  threat_obs_nonzero=1950  priority_block_prior:demoted=1794  learned_preview=200  dominated_attack=195
[guards @ 21700 decisions] guards_ran=2162  threat_obs_computed=1996  threat_obs_nonzero=1996  priority_block_prior:demoted=1830  learned_preview=204  dominated_attack=197
[guards @ 21750 decisions] guards_ran=2212  threat_obs_computed=2042  threat_obs_nonzero=2042  priority_block_prior:demoted=1872  learned_preview=208  dominated_attack=200
[guards @ 21800 decisions] guards_ran=2262  threat_obs_computed=2088  threat_obs_nonzero=2088  priority_block_prior:demoted=1926  learned_preview=214  dominated_attack=203
[guards @ 21850 decisions] guards_ran=2312  threat_obs_computed=2135  threat_obs_nonzero=2135  priority_block_prior:demoted=1962  learned_preview=220  dominated_attack=206
[guards @ 21900 decisions] guards_ran=2362  threat_obs_computed=2179  threat_obs_nonzero=2179  priority_block_prior:demoted=2016  learned_preview=224  dominated_attack=208
[guards @ 21950 decisions] guards_ran=2412  threat_obs_computed=2226  threat_obs_nonzero=2226  priority_block_prior:demoted=2064  learned_preview=230  dominated_attack=213
[guards @ 22000 decisions] guards_ran=2462  threat_obs_computed=2273  threat_obs_nonzero=2273  priority_block_prior:demoted=2106  learned_preview=234  dominated_attack=216
[guards @ 22050 decisions] guards_ran=2512  threat_obs_computed=2319  threat_obs_nonzero=2319  priority_block_prior:demoted=2142  learned_preview=238  dominated_attack=218
[guards @ 22100 decisions] guards_ran=2562  threat_obs_computed=2366  threat_obs_nonzero=2366  priority_block_prior:demoted=2160  learned_preview=242  dominated_attack=222
[guards @ 22150 decisions] guards_ran=2612  threat_obs_computed=2412  threat_obs_nonzero=2412  priority_block_prior:demoted=2208  learned_preview=246  dominated_attack=225
[guards @ 22200 decisions] guards_ran=2662  threat_obs_computed=2458  threat_obs_nonzero=2458  priority_block_prior:demoted=2250  learned_preview=252  dominated_attack=226
[guards @ 22250 decisions] guards_ran=2712  threat_obs_computed=2505  threat_obs_nonzero=2505  priority_block_prior:demoted=2286  learned_preview=254  dominated_attack=232
[guards @ 22300 decisions] guards_ran=2762  threat_obs_computed=2550  threat_obs_nonzero=2550  priority_block_prior:demoted=2340  learned_preview=260  dominated_attack=234
[guards @ 22350 decisions] guards_ran=2812  threat_obs_computed=2596  threat_obs_nonzero=2596  priority_block_prior:demoted=2376  learned_preview=264  dominated_attack=238
[guards @ 22400 decisions] guards_ran=2862  threat_obs_computed=2643  threat_obs_nonzero=2643  priority_block_prior:demoted=2430  learned_preview=270  dominated_attack=241
[guards @ 22450 decisions] guards_ran=2912  threat_obs_computed=2688  threat_obs_nonzero=2688  priority_block_prior:demoted=2466  learned_preview=274  dominated_attack=247
[guards @ 22500 decisions] guards_ran=2962  threat_obs_computed=2733  threat_obs_nonzero=2733  priority_block_prior:demoted=2520  learned_preview=280  dominated_attack=251
[guards @ 22550 decisions] guards_ran=3012  threat_obs_computed=2780  threat_obs_nonzero=2780  priority_block_prior:demoted=2556  learned_preview=284  dominated_attack=252
[guards @ 22600 decisions] guards_ran=3062  threat_obs_computed=2828  threat_obs_nonzero=2828  priority_block_prior:demoted=2610  learned_preview=290  dominated_attack=261
[guards @ 22650 decisions] guards_ran=3112  threat_obs_computed=2875  threat_obs_nonzero=2875  priority_block_prior:demoted=2646  learned_preview=294  dominated_attack=264
[guards @ 22700 decisions] guards_ran=3162  threat_obs_computed=2923  threat_obs_nonzero=2923  priority_block_prior:demoted=2682  learned_preview=298  dominated_attack=272
[guards @ 22750 decisions] guards_ran=3212  threat_obs_computed=2967  threat_obs_nonzero=2967  priority_block_prior:demoted=2724  learned_preview=302  dominated_attack=276
[guards @ 22800 decisions] guards_ran=3262  threat_obs_computed=3014  threat_obs_nonzero=3014  priority_block_prior:demoted=2760  learned_preview=308  dominated_attack=279
[guards @ 22850 decisions] guards_ran=3312  threat_obs_computed=3060  threat_obs_nonzero=3060  priority_block_prior:demoted=2823  learned_preview=312  dominated_attack=280
[guards @ 22900 decisions] guards_ran=3362  threat_obs_computed=3107  threat_obs_nonzero=3107  priority_block_prior:demoted=2859  learned_preview=316  dominated_attack=287
[guards @ 22950 decisions] guards_ran=3412  threat_obs_computed=3154  threat_obs_nonzero=3154  priority_block_prior:demoted=2895  learned_preview=322  dominated_attack=295
[guards @ 23000 decisions] guards_ran=3462  threat_obs_computed=3200  threat_obs_nonzero=3200  priority_block_prior:demoted=2949  learned_preview=326  dominated_attack=300
[guards @ 23050 decisions] guards_ran=3512  threat_obs_computed=3245  threat_obs_nonzero=3245  priority_block_prior:demoted=2985  learned_preview=332  dominated_attack=304
[guards @ 23100 decisions] guards_ran=3562  threat_obs_computed=3290  threat_obs_nonzero=3290  priority_block_prior:demoted=3039  learned_preview=338  dominated_attack=307
[guards @ 23150 decisions] guards_ran=3612  threat_obs_computed=3336  threat_obs_nonzero=3336  priority_block_prior:demoted=3093  learned_preview=342  dominated_attack=312
[guards @ 23200 decisions] guards_ran=3662  threat_obs_computed=3383  threat_obs_nonzero=3383  priority_block_prior:demoted=3129  learned_preview=346  dominated_attack=318
[guards @ 23250 decisions] guards_ran=3712  threat_obs_computed=3430  threat_obs_nonzero=3430  priority_block_prior:demoted=3165  learned_preview=350  dominated_attack=322
[guards @ 23300 decisions] guards_ran=3762  threat_obs_computed=3476  threat_obs_nonzero=3476  priority_block_prior:demoted=3201  learned_preview=354  dominated_attack=328
[guards @ 23350 decisions] guards_ran=3812  threat_obs_computed=3524  threat_obs_nonzero=3524  priority_block_prior:demoted=3237  learned_preview=358  dominated_attack=331
[guards @ 23400 decisions] guards_ran=3862  threat_obs_computed=3572  threat_obs_nonzero=3572  priority_block_prior:demoted=3273  learned_preview=362  dominated_attack=339
[guards @ 23450 decisions] guards_ran=3912  threat_obs_computed=3618  threat_obs_nonzero=3618  priority_block_prior:demoted=3309  learned_preview=366  dominated_attack=343
[guards @ 23500 decisions] guards_ran=3962  threat_obs_computed=3663  threat_obs_nonzero=3663  priority_block_prior:demoted=3363  learned_preview=372  dominated_attack=348
[guards @ 23550 decisions] guards_ran=4012  threat_obs_computed=3710  threat_obs_nonzero=3710  priority_block_prior:demoted=3399  learned_preview=376  dominated_attack=352
[guards @ 23600 decisions] guards_ran=4062  threat_obs_computed=3757  threat_obs_nonzero=3757  priority_block_prior:demoted=3435  learned_preview=380  dominated_attack=355
[guards @ 23650 decisions] guards_ran=4112  threat_obs_computed=3802  threat_obs_nonzero=3802  priority_block_prior:demoted=3489  learned_preview=386  dominated_attack=358
[guards @ 23700 decisions] guards_ran=4162  threat_obs_computed=3848  threat_obs_nonzero=3848  priority_block_prior:demoted=3525  learned_preview=390  dominated_attack=362
[guards @ 23750 decisions] guards_ran=4212  threat_obs_computed=3895  threat_obs_nonzero=3895  priority_block_prior:demoted=3561  learned_preview=396  dominated_attack=367
[guards @ 23800 decisions] guards_ran=4262  threat_obs_computed=3941  threat_obs_nonzero=3941  priority_block_prior:demoted=3615  learned_preview=400  dominated_attack=368
[guards @ 23850 decisions] guards_ran=4312  threat_obs_computed=3987  threat_obs_nonzero=3987  priority_block_prior:demoted=3651  learned_preview=404  dominated_attack=369
[guards @ 23900 decisions] guards_ran=4362  threat_obs_computed=4033  threat_obs_nonzero=4033  priority_block_prior:demoted=3687  learned_preview=410  protect_spam:demoted=378
[guards @ 23950 decisions] guards_ran=4412  threat_obs_computed=4079  threat_obs_nonzero=4079  priority_block_prior:demoted=3741  learned_preview=416  protect_spam:demoted=384
[guards @ 24000 decisions] guards_ran=4462  threat_obs_computed=4125  threat_obs_nonzero=4125  priority_block_prior:demoted=3777  learned_preview=418  protect_spam:demoted=390
[guards @ 24050 decisions] guards_ran=4512  threat_obs_computed=4173  threat_obs_nonzero=4173  priority_block_prior:demoted=3813  learned_preview=424  protect_spam:demoted=390
[guards @ 24100 decisions] guards_ran=4562  threat_obs_computed=4218  threat_obs_nonzero=4218  priority_block_prior:demoted=3867  learned_preview=428  protect_spam:demoted=390
[guards @ 24150 decisions] guards_ran=4612  threat_obs_computed=4264  threat_obs_nonzero=4264  priority_block_prior:demoted=3903  learned_preview=434  protect_spam:demoted=396
[guards @ 24200 decisions] guards_ran=4662  threat_obs_computed=4309  threat_obs_nonzero=4309  priority_block_prior:demoted=3957  learned_preview=440  protect_spam:demoted=426
[guards @ 24250 decisions] guards_ran=4712  threat_obs_computed=4355  threat_obs_nonzero=4355  priority_block_prior:demoted=3993  learned_preview=444  protect_spam:demoted=438
[guards @ 24300 decisions] guards_ran=4762  threat_obs_computed=4402  threat_obs_nonzero=4402  priority_block_prior:demoted=4029  learned_preview=448  protect_spam:demoted=444
[guards @ 24350 decisions] guards_ran=4812  threat_obs_computed=4450  threat_obs_nonzero=4450  priority_block_prior:demoted=4073  learned_preview=452  protect_spam:demoted=444
[guards @ 24400 decisions] guards_ran=4862  threat_obs_computed=4495  threat_obs_nonzero=4495  priority_block_prior:demoted=4127  protect_spam:demoted=457  learned_preview=456
[guards @ 24450 decisions] guards_ran=4912  threat_obs_computed=4542  threat_obs_nonzero=4542  priority_block_prior:demoted=4163  protect_spam:demoted=464  learned_preview=460
[guards @ 24500 decisions] guards_ran=4962  threat_obs_computed=4590  threat_obs_nonzero=4590  priority_block_prior:demoted=4199  protect_spam:demoted=466  learned_preview=464
[guards @ 24550 decisions] guards_ran=5012  threat_obs_computed=4637  threat_obs_nonzero=4637  priority_block_prior:demoted=4253  protect_spam:demoted=472  learned_preview=470
[guards @ 24600 decisions] guards_ran=5062  threat_obs_computed=4684  threat_obs_nonzero=4684  priority_block_prior:demoted=4289  learned_preview=476  protect_spam:demoted=472
[guards @ 24650 decisions] guards_ran=5112  threat_obs_computed=4731  threat_obs_nonzero=4731  priority_block_prior:demoted=4325  learned_preview=480  protect_spam:demoted=479
[guards @ 24700 decisions] guards_ran=5162  threat_obs_computed=4779  threat_obs_nonzero=4779  priority_block_prior:demoted=4373  learned_preview=484  protect_spam:demoted=479
[guards @ 24750 decisions] guards_ran=5212  threat_obs_computed=4824  threat_obs_nonzero=4824  priority_block_prior:demoted=4415  learned_preview=488  protect_spam:demoted=485
[guards @ 24800 decisions] guards_ran=5262  threat_obs_computed=4872  threat_obs_nonzero=4872  priority_block_prior:demoted=4445  protect_spam:demoted=497  learned_preview=492
[guards @ 24850 decisions] guards_ran=5312  threat_obs_computed=4918  threat_obs_nonzero=4918  priority_block_prior:demoted=4481  protect_spam:demoted=503  learned_preview=496
[guards @ 24900 decisions] guards_ran=5362  threat_obs_computed=4964  threat_obs_nonzero=4964  priority_block_prior:demoted=4523  protect_spam:demoted=503  learned_preview=500
[guards @ 24950 decisions] guards_ran=5412  threat_obs_computed=5009  threat_obs_nonzero=5009  priority_block_prior:demoted=4571  learned_preview=506  protect_spam:demoted=504
[guards @ 25000 decisions] guards_ran=5462  threat_obs_computed=5054  threat_obs_nonzero=5054  priority_block_prior:demoted=4625  learned_preview=512  protect_spam:demoted=506
[guards @ 25050 decisions] guards_ran=5512  threat_obs_computed=5098  threat_obs_nonzero=5098  priority_block_prior:demoted=4667  learned_preview=516  protect_spam:demoted=506
[guards @ 25100 decisions] guards_ran=5562  threat_obs_computed=5145  threat_obs_nonzero=5145  priority_block_prior:demoted=4703  learned_preview=522  protect_spam:demoted=508
[guards @ 25150 decisions] guards_ran=5612  threat_obs_computed=5193  threat_obs_nonzero=5193  priority_block_prior:demoted=4739  learned_preview=526  protect_spam:demoted=508
[guards @ 25200 decisions] guards_ran=5662  threat_obs_computed=5240  threat_obs_nonzero=5240  priority_block_prior:demoted=4775  learned_preview=530  protect_spam:demoted=508
[guards @ 25250 decisions] guards_ran=5712  threat_obs_computed=5287  threat_obs_nonzero=5287  priority_block_prior:demoted=4823  learned_preview=534  protect_spam:demoted=514
[guards @ 25300 decisions] guards_ran=5762  threat_obs_computed=5333  threat_obs_nonzero=5333  priority_block_prior:demoted=4865  learned_preview=538  protect_spam:demoted=514
[guards @ 25350 decisions] guards_ran=5812  threat_obs_computed=5380  threat_obs_nonzero=5380  priority_block_prior:demoted=4901  learned_preview=544  protect_spam:demoted=514
[guards @ 25400 decisions] guards_ran=5862  threat_obs_computed=5425  threat_obs_nonzero=5425  priority_block_prior:demoted=4955  learned_preview=548  protect_spam:demoted=516
[guards @ 25450 decisions] guards_ran=5912  threat_obs_computed=5473  threat_obs_nonzero=5473  priority_block_prior:demoted=4991  learned_preview=552  protect_spam:demoted=518
[guards @ 25500 decisions] guards_ran=5962  threat_obs_computed=5519  threat_obs_nonzero=5519  priority_block_prior:demoted=5027  learned_preview=556  protect_spam:demoted=521
[guards @ 25550 decisions] guards_ran=6012  threat_obs_computed=5566  threat_obs_nonzero=5566  priority_block_prior:demoted=5063  learned_preview=562  protect_spam:demoted=533
[guards @ 25600 decisions] guards_ran=6062  threat_obs_computed=5612  threat_obs_nonzero=5612  priority_block_prior:demoted=5117  learned_preview=566  protect_spam:demoted=533
[guards @ 25650 decisions] guards_ran=6112  threat_obs_computed=5658  threat_obs_nonzero=5658  priority_block_prior:demoted=5153  learned_preview=570  protect_spam:demoted=539
[guards @ 25700 decisions] guards_ran=6162  threat_obs_computed=5706  threat_obs_nonzero=5706  priority_block_prior:demoted=5189  learned_preview=576  protect_spam:demoted=547
[guards @ 25750 decisions] guards_ran=6212  threat_obs_computed=5751  threat_obs_nonzero=5751  priority_block_prior:demoted=5225  learned_preview=580  protect_spam:demoted=553
[guards @ 25800 decisions] guards_ran=6262  threat_obs_computed=5798  threat_obs_nonzero=5798  priority_block_prior:demoted=5273  learned_preview=584  protect_spam:demoted=560
[guards @ 25850 decisions] guards_ran=6312  threat_obs_computed=5843  threat_obs_nonzero=5843  priority_block_prior:demoted=5315  learned_preview=588  protect_spam:demoted=560
[guards @ 25900 decisions] guards_ran=6362  threat_obs_computed=5888  threat_obs_nonzero=5888  priority_block_prior:demoted=5369  learned_preview=594  protect_spam:demoted=560
[guards @ 25950 decisions] guards_ran=6412  threat_obs_computed=5934  threat_obs_nonzero=5934  priority_block_prior:demoted=5405  learned_preview=598  protect_spam:demoted=566
[guards @ 26000 decisions] guards_ran=6462  threat_obs_computed=5981  threat_obs_nonzero=5981  priority_block_prior:demoted=5441  learned_preview=604  protect_spam:demoted=566
[guards @ 26050 decisions] guards_ran=6512  threat_obs_computed=6026  threat_obs_nonzero=6026  priority_block_prior:demoted=5495  learned_preview=608  protect_spam:demoted=567
[guards @ 26100 decisions] guards_ran=6562  threat_obs_computed=6073  threat_obs_nonzero=6073  priority_block_prior:demoted=5531  learned_preview=612  protect_spam:demoted=567
[guards @ 26150 decisions] guards_ran=6612  threat_obs_computed=6119  threat_obs_nonzero=6119  priority_block_prior:demoted=5567  learned_preview=616  protect_spam:demoted=585
[guards @ 26200 decisions] guards_ran=6662  threat_obs_computed=6165  threat_obs_nonzero=6165  priority_block_prior:demoted=5603  learned_preview=622  protect_spam:demoted=585
[guards @ 26250 decisions] guards_ran=6712  threat_obs_computed=6212  threat_obs_nonzero=6212  priority_block_prior:demoted=5651  learned_preview=626  protect_spam:demoted=598
[guards @ 26300 decisions] guards_ran=6762  threat_obs_computed=6258  threat_obs_nonzero=6258  priority_block_prior:demoted=5693  learned_preview=632  protect_spam:demoted=604
[guards @ 26350 decisions] guards_ran=6812  threat_obs_computed=6305  threat_obs_nonzero=6305  priority_block_prior:demoted=5741  learned_preview=636  protect_spam:demoted=610
[guards @ 26400 decisions] guards_ran=6862  threat_obs_computed=6351  threat_obs_nonzero=6351  priority_block_prior:demoted=5783  learned_preview=640  protect_spam:demoted=617
[guards @ 26450 decisions] guards_ran=6912  threat_obs_computed=6399  threat_obs_nonzero=6399  priority_block_prior:demoted=5831  learned_preview=646  protect_spam:demoted=617
[guards @ 26500 decisions] guards_ran=6962  threat_obs_computed=6446  threat_obs_nonzero=6446  priority_block_prior:demoted=5855  learned_preview=650  protect_spam:demoted=617
[guards @ 26550 decisions] guards_ran=7012  threat_obs_computed=6492  threat_obs_nonzero=6492  priority_block_prior:demoted=5909  learned_preview=654  protect_spam:demoted=624
[guards @ 26600 decisions] guards_ran=7062  threat_obs_computed=6539  threat_obs_nonzero=6539  priority_block_prior:demoted=5945  learned_preview=658  protect_spam:demoted=625
[guards @ 26650 decisions] guards_ran=7112  threat_obs_computed=6583  threat_obs_nonzero=6583  priority_block_prior:demoted=5981  learned_preview=662  protect_spam:demoted=626
[guards @ 26700 decisions] guards_ran=7162  threat_obs_computed=6629  threat_obs_nonzero=6629  priority_block_prior:demoted=6029  learned_preview=668  protect_spam:demoted=639
[guards @ 26750 decisions] guards_ran=7212  threat_obs_computed=6677  threat_obs_nonzero=6677  priority_block_prior:demoted=6077  learned_preview=672  protect_spam:demoted=639
[guards @ 26800 decisions] guards_ran=7262  threat_obs_computed=6720  threat_obs_nonzero=6720  priority_block_prior:demoted=6131  learned_preview=678  protect_spam:demoted=645
[guards @ 26850 decisions] guards_ran=7312  threat_obs_computed=6768  threat_obs_nonzero=6768  priority_block_prior:demoted=6167  learned_preview=684  protect_spam:demoted=645
[guards @ 26900 decisions] guards_ran=7362  threat_obs_computed=6816  threat_obs_nonzero=6816  priority_block_prior:demoted=6203  learned_preview=688  protect_spam:demoted=658
[guards @ 26950 decisions] guards_ran=7412  threat_obs_computed=6863  threat_obs_nonzero=6863  priority_block_prior:demoted=6239  learned_preview=692  protect_spam:demoted=658
[guards @ 27000 decisions] guards_ran=7462  threat_obs_computed=6908  threat_obs_nonzero=6908  priority_block_prior:demoted=6293  learned_preview=698  protect_spam:demoted=658
[guards @ 27050 decisions] guards_ran=7512  threat_obs_computed=6953  threat_obs_nonzero=6953  priority_block_prior:demoted=6329  learned_preview=702  protect_spam:demoted=658
[guards @ 27100 decisions] guards_ran=7562  threat_obs_computed=6999  threat_obs_nonzero=6999  priority_block_prior:demoted=6383  learned_preview=706  protect_spam:demoted=671
[guards @ 27150 decisions] guards_ran=7612  threat_obs_computed=7046  threat_obs_nonzero=7046  priority_block_prior:demoted=6419  learned_preview=710  protect_spam:demoted=677
[guards @ 27200 decisions] guards_ran=7662  threat_obs_computed=7091  threat_obs_nonzero=7091  priority_block_prior:demoted=6455  learned_preview=716  protect_spam:demoted=679
[guards @ 27250 decisions] guards_ran=7712  threat_obs_computed=7138  threat_obs_nonzero=7138  priority_block_prior:demoted=6503  learned_preview=720  protect_spam:demoted=681
[guards @ 27300 decisions] guards_ran=7762  threat_obs_computed=7183  threat_obs_nonzero=7183  priority_block_prior:demoted=6545  learned_preview=724  protect_spam:demoted=681
[guards @ 27350 decisions] guards_ran=7812  threat_obs_computed=7229  threat_obs_nonzero=7229  priority_block_prior:demoted=6593  learned_preview=730  protect_spam:demoted=682
[guards @ 27400 decisions] guards_ran=7862  threat_obs_computed=7272  threat_obs_nonzero=7272  priority_block_prior:demoted=6635  learned_preview=734  protect_spam:demoted=683
[guards @ 27450 decisions] guards_ran=7912  threat_obs_computed=7318  threat_obs_nonzero=7318  priority_block_prior:demoted=6671  learned_preview=738  protect_spam:demoted=689
[guards @ 27500 decisions] guards_ran=7962  threat_obs_computed=7366  threat_obs_nonzero=7366  priority_block_prior:demoted=6707  learned_preview=744  dominated_attack=691
[guards @ 27550 decisions] guards_ran=8012  threat_obs_computed=7413  threat_obs_nonzero=7413  priority_block_prior:demoted=6755  learned_preview=748  dominated_attack=696
[guards @ 27600 decisions] guards_ran=8062  threat_obs_computed=7458  threat_obs_nonzero=7458  priority_block_prior:demoted=6797  learned_preview=752  dominated_attack=700
[guards @ 27650 decisions] guards_ran=8112  threat_obs_computed=7505  threat_obs_nonzero=7505  priority_block_prior:demoted=6833  learned_preview=756  dominated_attack=703
[guards @ 27700 decisions] guards_ran=8162  threat_obs_computed=7553  threat_obs_nonzero=7553  priority_block_prior:demoted=6869  learned_preview=760  dominated_attack=709
[guards @ 27750 decisions] guards_ran=8212  threat_obs_computed=7599  threat_obs_nonzero=7599  priority_block_prior:demoted=6905  learned_preview=764  dominated_attack=713
[guards @ 27800 decisions] guards_ran=8262  threat_obs_computed=7647  threat_obs_nonzero=7647  priority_block_prior:demoted=6941  learned_preview=770  dominated_attack=715
[guards @ 27850 decisions] guards_ran=8312  threat_obs_computed=7693  threat_obs_nonzero=7693  priority_block_prior:demoted=6995  learned_preview=774  dominated_attack=721
[guards @ 27900 decisions] guards_ran=8362  threat_obs_computed=7738  threat_obs_nonzero=7738  priority_block_prior:demoted=7031  learned_preview=778  dominated_attack=726
[guards @ 27950 decisions] guards_ran=8412  threat_obs_computed=7786  threat_obs_nonzero=7786  priority_block_prior:demoted=7067  learned_preview=782  protect_spam:demoted=738
[guards @ 28000 decisions] guards_ran=8462  threat_obs_computed=7833  threat_obs_nonzero=7833  priority_block_prior:demoted=7115  learned_preview=788  protect_spam:demoted=738
[guards @ 28050 decisions] guards_ran=8512  threat_obs_computed=7879  threat_obs_nonzero=7879  priority_block_prior:demoted=7157  learned_preview=792  protect_spam:demoted=739
[guards @ 28100 decisions] guards_ran=8562  threat_obs_computed=7925  threat_obs_nonzero=7925  priority_block_prior:demoted=7193  learned_preview=796  protect_spam:demoted=742
[guards @ 28150 decisions] guards_ran=8612  threat_obs_computed=7971  threat_obs_nonzero=7971  priority_block_prior:demoted=7247  learned_preview=802  dominated_attack=745
[guards @ 28200 decisions] guards_ran=8662  threat_obs_computed=8019  threat_obs_nonzero=8019  priority_block_prior:demoted=7295  learned_preview=808  dominated_attack=748
[guards @ 28250 decisions] guards_ran=8712  threat_obs_computed=8066  threat_obs_nonzero=8066  priority_block_prior:demoted=7337  learned_preview=812  protect_spam:demoted=755
[guards @ 28300 decisions] guards_ran=8762  threat_obs_computed=8113  threat_obs_nonzero=8113  priority_block_prior:demoted=7373  learned_preview=816  protect_spam:demoted=767
[guards @ 28350 decisions] guards_ran=8812  threat_obs_computed=8158  threat_obs_nonzero=8158  priority_block_prior:demoted=7427  learned_preview=822  protect_spam:demoted=779
[guards @ 28400 decisions] guards_ran=8862  threat_obs_computed=8204  threat_obs_nonzero=8204  priority_block_prior:demoted=7463  learned_preview=828  protect_spam:demoted=779
[guards @ 28450 decisions] guards_ran=8912  threat_obs_computed=8249  threat_obs_nonzero=8249  priority_block_prior:demoted=7517  learned_preview=832  protect_spam:demoted=785
[guards @ 28500 decisions] guards_ran=8962  threat_obs_computed=8296  threat_obs_nonzero=8296  priority_block_prior:demoted=7553  learned_preview=838  protect_spam:demoted=791
[guards @ 28550 decisions] guards_ran=9012  threat_obs_computed=8342  threat_obs_nonzero=8342  priority_block_prior:demoted=7607  learned_preview=842  protect_spam:demoted=797
[guards @ 28600 decisions] guards_ran=9062  threat_obs_computed=8388  threat_obs_nonzero=8388  priority_block_prior:demoted=7643  learned_preview=846  protect_spam:demoted=797
[guards @ 28650 decisions] guards_ran=9112  threat_obs_computed=8434  threat_obs_nonzero=8434  priority_block_prior:demoted=7691  learned_preview=852  protect_spam:demoted=804
[guards @ 28700 decisions] guards_ran=9162  threat_obs_computed=8482  threat_obs_nonzero=8482  priority_block_prior:demoted=7727  learned_preview=856  protect_spam:demoted=805
[guards @ 28750 decisions] guards_ran=9212  threat_obs_computed=8528  threat_obs_nonzero=8528  priority_block_prior:demoted=7769  learned_preview=860  protect_spam:demoted=806
[guards @ 28800 decisions] guards_ran=9262  threat_obs_computed=8575  threat_obs_nonzero=8575  priority_block_prior:demoted=7805  learned_preview=864  protect_spam:demoted=808
[guards @ 28850 decisions] guards_ran=9312  threat_obs_computed=8623  threat_obs_nonzero=8623  priority_block_prior:demoted=7841  learned_preview=868  protect_spam:demoted=814
[guards @ 28900 decisions] guards_ran=9362  threat_obs_computed=8670  threat_obs_nonzero=8670  priority_block_prior:demoted=7877  learned_preview=872  dominated_attack=816
[guards @ 28950 decisions] guards_ran=9412  threat_obs_computed=8717  threat_obs_nonzero=8717  priority_block_prior:demoted=7913  learned_preview=876  dominated_attack=821
[guards @ 29000 decisions] guards_ran=9462  threat_obs_computed=8764  threat_obs_nonzero=8764  priority_block_prior:demoted=7949  learned_preview=882  dominated_attack=825
[guards @ 29050 decisions] guards_ran=9512  threat_obs_computed=8810  threat_obs_nonzero=8810  priority_block_prior:demoted=7997  learned_preview=886  dominated_attack=831
[guards @ 29100 decisions] guards_ran=9562  threat_obs_computed=8856  threat_obs_nonzero=8856  priority_block_prior:demoted=8033  learned_preview=890  dominated_attack=832
[guards @ 29150 decisions] guards_ran=9612  threat_obs_computed=8902  threat_obs_nonzero=8902  priority_block_prior:demoted=8075  learned_preview=894  dominated_attack=838
[guards @ 29200 decisions] guards_ran=9662  threat_obs_computed=8949  threat_obs_nonzero=8949  priority_block_prior:demoted=8111  learned_preview=900  dominated_attack=842
[guards @ 29250 decisions] guards_ran=9712  threat_obs_computed=8995  threat_obs_nonzero=8995  priority_block_prior:demoted=8165  learned_preview=904  dominated_attack=846
[guards @ 29300 decisions] guards_ran=9762  threat_obs_computed=9041  threat_obs_nonzero=9041  priority_block_prior:demoted=8201  learned_preview=910  dominated_attack=850
[guards @ 29350 decisions] guards_ran=9812  threat_obs_computed=9089  threat_obs_nonzero=9089  priority_block_prior:demoted=8237  learned_preview=912  dominated_attack=854
[guards @ 29400 decisions] guards_ran=9862  threat_obs_computed=9136  threat_obs_nonzero=9136  priority_block_prior:demoted=8273  learned_preview=916  dominated_attack=856
[guards @ 29450 decisions] guards_ran=9912  threat_obs_computed=9183  threat_obs_nonzero=9183  priority_block_prior:demoted=8321  learned_preview=922  dominated_attack=859
[guards @ 29500 decisions] guards_ran=9962  threat_obs_computed=9228  threat_obs_nonzero=9228  priority_block_prior:demoted=8363  learned_preview=926  dominated_attack=862
[guards @ 29550 decisions] guards_ran=10012  threat_obs_computed=9274  threat_obs_nonzero=9274  priority_block_prior:demoted=8417  learned_preview=932  dominated_attack=866
[guards @ 29600 decisions] guards_ran=10062  threat_obs_computed=9319  threat_obs_nonzero=9319  priority_block_prior:demoted=8453  learned_preview=938  dominated_attack=869
[guards @ 29650 decisions] guards_ran=10112  threat_obs_computed=9367  threat_obs_nonzero=9367  priority_block_prior:demoted=8501  learned_preview=942  dominated_attack=875
[guards @ 29700 decisions] guards_ran=10162  threat_obs_computed=9413  threat_obs_nonzero=9413  priority_block_prior:demoted=8543  learned_preview=946  dominated_attack=879
[guards @ 29750 decisions] guards_ran=10212  threat_obs_computed=9459  threat_obs_nonzero=9459  priority_block_prior:demoted=8579  learned_preview=950  dominated_attack=881
[guards @ 29800 decisions] guards_ran=10262  threat_obs_computed=9506  threat_obs_nonzero=9506  priority_block_prior:demoted=8627  learned_preview=956  dominated_attack=885
[guards @ 29850 decisions] guards_ran=10312  threat_obs_computed=9552  threat_obs_nonzero=9552  priority_block_prior:demoted=8669  learned_preview=960  dominated_attack=890
[guards @ 29900 decisions] guards_ran=10362  threat_obs_computed=9597  threat_obs_nonzero=9597  priority_block_prior:demoted=8723  learned_preview=966  dominated_attack=895
[guards @ 29950 decisions] guards_ran=10412  threat_obs_computed=9643  threat_obs_nonzero=9643  priority_block_prior:demoted=8759  learned_preview=970  dominated_attack=902
[guards @ 30000 decisions] guards_ran=10462  threat_obs_computed=9691  threat_obs_nonzero=9691  priority_block_prior:demoted=8795  learned_preview=974  dominated_attack=905
[guards @ 30050 decisions] guards_ran=10512  threat_obs_computed=9736  threat_obs_nonzero=9736  priority_block_prior:demoted=8839  learned_preview=980  dominated_attack=907
[guards @ 30100 decisions] guards_ran=10562  threat_obs_computed=9782  threat_obs_nonzero=9782  priority_block_prior:demoted=8893  learned_preview=984  dominated_attack=910
[guards @ 30150 decisions] guards_ran=10612  threat_obs_computed=9828  threat_obs_nonzero=9828  priority_block_prior:demoted=8929  learned_preview=990  dominated_attack=915
[guards @ 30200 decisions] guards_ran=10662  threat_obs_computed=9875  threat_obs_nonzero=9875  priority_block_prior:demoted=8983  learned_preview=994  dominated_attack=919
[guards @ 30250 decisions] guards_ran=10712  threat_obs_computed=9922  threat_obs_nonzero=9922  priority_block_prior:demoted=9019  learned_preview=998  dominated_attack=923
[guards @ 30300 decisions] guards_ran=10762  threat_obs_computed=9968  threat_obs_nonzero=9968  priority_block_prior:demoted=9037  learned_preview=1000  dominated_attack=925
block hidden=True a_first=True: A 262.0/500; running A 49.8% [47.3, 52.3]
[guards @ 30350 decisions] priority_block_prior:demoted=84  guards_ran=42  threat_obs_computed=36  threat_obs_nonzero=36  learned_preview=10  dominated_spread=4
[guards @ 30400 decisions] priority_block_prior:demoted=120  guards_ran=92  threat_obs_computed=82  threat_obs_nonzero=82  learned_preview=14  resisted_target=10
[guards @ 30450 decisions] priority_block_prior:demoted=162  guards_ran=142  threat_obs_computed=128  threat_obs_nonzero=128  learned_preview=18  resisted_target=15
[guards @ 30500 decisions] priority_block_prior:demoted=198  guards_ran=192  threat_obs_computed=174  threat_obs_nonzero=174  learned_preview=24  resisted_target=19
[guards @ 30550 decisions] priority_block_prior:demoted=252  guards_ran=242  threat_obs_computed=218  threat_obs_nonzero=218  learned_preview=28  guaranteed_ko=23
[guards @ 30600 decisions] priority_block_prior:demoted=306  guards_ran=292  threat_obs_computed=263  threat_obs_nonzero=263  learned_preview=34  guaranteed_ko=29
[guards @ 30650 decisions] guards_ran=342  priority_block_prior:demoted=342  threat_obs_computed=309  threat_obs_nonzero=309  learned_preview=38  guaranteed_ko=32
[guards @ 30700 decisions] guards_ran=392  priority_block_prior:demoted=378  threat_obs_computed=357  threat_obs_nonzero=357  learned_preview=42  guaranteed_ko=38
[guards @ 30750 decisions] guards_ran=442  priority_block_prior:demoted=414  threat_obs_computed=403  threat_obs_nonzero=403  learned_preview=48  guaranteed_ko=39
[guards @ 30800 decisions] guards_ran=492  priority_block_prior:demoted=468  threat_obs_computed=449  threat_obs_nonzero=449  learned_preview=52  guaranteed_ko=42
[guards @ 30850 decisions] guards_ran=542  priority_block_prior:demoted=504  threat_obs_computed=496  threat_obs_nonzero=496  learned_preview=58  dominated_attack=47
[guards @ 30900 decisions] guards_ran=592  priority_block_prior:demoted=552  threat_obs_computed=543  threat_obs_nonzero=543  learned_preview=62  dominated_attack=51
[guards @ 30950 decisions] guards_ran=642  priority_block_prior:demoted=594  threat_obs_computed=590  threat_obs_nonzero=590  learned_preview=66  dominated_attack=57
[guards @ 31000 decisions] guards_ran=692  threat_obs_computed=636  threat_obs_nonzero=636  priority_block_prior:demoted=630  learned_preview=70  dominated_attack=59
[guards @ 31050 decisions] guards_ran=742  threat_obs_computed=683  threat_obs_nonzero=683  priority_block_prior:demoted=678  learned_preview=76  dominated_attack=63
[guards @ 31100 decisions] guards_ran=792  threat_obs_computed=729  threat_obs_nonzero=729  priority_block_prior:demoted=714  learned_preview=80  dominated_attack=68
[guards @ 31150 decisions] guards_ran=842  threat_obs_computed=774  threat_obs_nonzero=774  priority_block_prior:demoted=756  learned_preview=84  dominated_attack=72
[guards @ 31200 decisions] guards_ran=892  threat_obs_computed=819  threat_obs_nonzero=819  priority_block_prior:demoted=810  learned_preview=90  dominated_attack=75
[guards @ 31250 decisions] guards_ran=942  threat_obs_computed=865  threat_obs_nonzero=865  priority_block_prior:demoted=846  learned_preview=96  dominated_attack=79
[guards @ 31300 decisions] guards_ran=992  threat_obs_computed=913  threat_obs_nonzero=913  priority_block_prior:demoted=882  learned_preview=100  dominated_attack=81
[guards @ 31350 decisions] guards_ran=1042  threat_obs_computed=957  threat_obs_nonzero=957  priority_block_prior:demoted=936  learned_preview=104  dominated_attack=88
[guards @ 31400 decisions] guards_ran=1092  threat_obs_computed=1004  threat_obs_nonzero=1004  priority_block_prior:demoted=972  learned_preview=108  dominated_attack=93
[guards @ 31450 decisions] guards_ran=1142  threat_obs_computed=1051  threat_obs_nonzero=1051  priority_block_prior:demoted=1008  learned_preview=114  dominated_attack=99
[guards @ 31500 decisions] guards_ran=1192  threat_obs_computed=1097  threat_obs_nonzero=1097  priority_block_prior:demoted=1068  learned_preview=118  dominated_attack=104
[guards @ 31550 decisions] guards_ran=1242  threat_obs_computed=1145  threat_obs_nonzero=1145  priority_block_prior:demoted=1116  learned_preview=124  dominated_attack=110
[guards @ 31600 decisions] guards_ran=1292  threat_obs_computed=1191  threat_obs_nonzero=1191  priority_block_prior:demoted=1158  learned_preview=128  dominated_attack=114
[guards @ 31650 decisions] guards_ran=1342  threat_obs_computed=1237  threat_obs_nonzero=1237  priority_block_prior:demoted=1194  learned_preview=134  dominated_attack=121
[guards @ 31700 decisions] guards_ran=1392  threat_obs_computed=1282  threat_obs_nonzero=1282  priority_block_prior:demoted=1248  learned_preview=138  dominated_attack=124
[guards @ 31750 decisions] guards_ran=1442  threat_obs_computed=1329  threat_obs_nonzero=1329  priority_block_prior:demoted=1284  learned_preview=142  dominated_attack=128
[guards @ 31800 decisions] guards_ran=1492  threat_obs_computed=1376  threat_obs_nonzero=1376  priority_block_prior:demoted=1320  learned_preview=148  dominated_attack=131
[guards @ 31850 decisions] guards_ran=1542  threat_obs_computed=1421  threat_obs_nonzero=1421  priority_block_prior:demoted=1374  learned_preview=152  dominated_attack=135
[guards @ 31900 decisions] guards_ran=1592  threat_obs_computed=1468  threat_obs_nonzero=1468  priority_block_prior:demoted=1410  learned_preview=158  dominated_attack=139
[guards @ 31950 decisions] guards_ran=1642  threat_obs_computed=1515  threat_obs_nonzero=1515  priority_block_prior:demoted=1446  learned_preview=162  dominated_attack=142
[guards @ 32000 decisions] guards_ran=1692  threat_obs_computed=1562  threat_obs_nonzero=1562  priority_block_prior:demoted=1500  learned_preview=166  dominated_attack=146
[guards @ 32050 decisions] guards_ran=1742  threat_obs_computed=1610  threat_obs_nonzero=1610  priority_block_prior:demoted=1554  learned_preview=172  dominated_attack=148
[guards @ 32100 decisions] guards_ran=1792  threat_obs_computed=1655  threat_obs_nonzero=1655  priority_block_prior:demoted=1608  learned_preview=178  dominated_attack=149
[guards @ 32150 decisions] guards_ran=1842  threat_obs_computed=1702  threat_obs_nonzero=1702  priority_block_prior:demoted=1650  learned_preview=182  dominated_attack=152
[guards @ 32200 decisions] guards_ran=1892  threat_obs_computed=1748  threat_obs_nonzero=1748  priority_block_prior:demoted=1686  learned_preview=186  dominated_attack=156
[guards @ 32250 decisions] guards_ran=1942  threat_obs_computed=1795  threat_obs_nonzero=1795  priority_block_prior:demoted=1732  learned_preview=190  dominated_attack=160
[guards @ 32300 decisions] guards_ran=1992  threat_obs_computed=1842  threat_obs_nonzero=1842  priority_block_prior:demoted=1762  learned_preview=194  dominated_attack=165
[guards @ 32350 decisions] guards_ran=2042  threat_obs_computed=1886  threat_obs_nonzero=1886  priority_block_prior:demoted=1804  learned_preview=198  dominated_attack=167
[guards @ 32400 decisions] guards_ran=2092  threat_obs_computed=1932  threat_obs_nonzero=1932  priority_block_prior:demoted=1840  learned_preview=204  dominated_attack=176
[guards @ 32450 decisions] guards_ran=2142  threat_obs_computed=1978  threat_obs_nonzero=1978  priority_block_prior:demoted=1876  learned_preview=206  dominated_attack=181
[guards @ 32500 decisions] guards_ran=2192  threat_obs_computed=2025  threat_obs_nonzero=2025  priority_block_prior:demoted=1912  learned_preview=212  dominated_attack=184
[guards @ 32550 decisions] guards_ran=2242  threat_obs_computed=2070  threat_obs_nonzero=2070  priority_block_prior:demoted=1966  learned_preview=216  dominated_attack=189
[guards @ 32600 decisions] guards_ran=2292  threat_obs_computed=2116  threat_obs_nonzero=2116  priority_block_prior:demoted=2002  learned_preview=222  dominated_attack=192
[guards @ 32650 decisions] guards_ran=2342  threat_obs_computed=2162  threat_obs_nonzero=2162  priority_block_prior:demoted=2056  learned_preview=226  dominated_attack=197
[guards @ 32700 decisions] guards_ran=2392  threat_obs_computed=2207  threat_obs_nonzero=2207  priority_block_prior:demoted=2092  learned_preview=230  dominated_attack=203
[guards @ 32750 decisions] guards_ran=2442  threat_obs_computed=2254  threat_obs_nonzero=2254  priority_block_prior:demoted=2128  learned_preview=236  dominated_attack=206
[guards @ 32800 decisions] guards_ran=2492  threat_obs_computed=2301  threat_obs_nonzero=2301  priority_block_prior:demoted=2182  learned_preview=240  dominated_attack=214
[guards @ 32850 decisions] guards_ran=2542  threat_obs_computed=2348  threat_obs_nonzero=2348  priority_block_prior:demoted=2224  learned_preview=244  dominated_attack=219
[guards @ 32900 decisions] guards_ran=2592  threat_obs_computed=2396  threat_obs_nonzero=2396  priority_block_prior:demoted=2260  learned_preview=248  protect_spam:demoted=228
[guards @ 32950 decisions] guards_ran=2642  threat_obs_computed=2442  threat_obs_nonzero=2442  priority_block_prior:demoted=2296  learned_preview=252  protect_spam:demoted=246
[guards @ 33000 decisions] guards_ran=2692  threat_obs_computed=2489  threat_obs_nonzero=2489  priority_block_prior:demoted=2344  learned_preview=258  protect_spam:demoted=258
[guards @ 33050 decisions] guards_ran=2742  threat_obs_computed=2535  threat_obs_nonzero=2535  priority_block_prior:demoted=2386  learned_preview=262  protect_spam:demoted=258
[guards @ 33100 decisions] guards_ran=2792  threat_obs_computed=2581  threat_obs_nonzero=2581  priority_block_prior:demoted=2422  learned_preview=266  protect_spam:demoted=258
[guards @ 33150 decisions] guards_ran=2842  threat_obs_computed=2626  threat_obs_nonzero=2626  priority_block_prior:demoted=2476  learned_preview=272  protect_spam:demoted=258
[guards @ 33200 decisions] guards_ran=2892  threat_obs_computed=2672  threat_obs_nonzero=2672  priority_block_prior:demoted=2512  learned_preview=278  protect_spam:demoted=258
[guards @ 33250 decisions] guards_ran=2942  threat_obs_computed=2719  threat_obs_nonzero=2719  priority_block_prior:demoted=2560  learned_preview=282  protect_spam:demoted=265
[guards @ 33300 decisions] guards_ran=2992  threat_obs_computed=2766  threat_obs_nonzero=2766  priority_block_prior:demoted=2602  learned_preview=286  protect_spam:demoted=265
[guards @ 33350 decisions] guards_ran=3042  threat_obs_computed=2812  threat_obs_nonzero=2812  priority_block_prior:demoted=2638  learned_preview=292  protect_spam:demoted=266
[guards @ 33400 decisions] guards_ran=3092  threat_obs_computed=2860  threat_obs_nonzero=2860  priority_block_prior:demoted=2674  learned_preview=296  dominated_attack=271
[guards @ 33450 decisions] guards_ran=3142  threat_obs_computed=2906  threat_obs_nonzero=2906  priority_block_prior:demoted=2710  learned_preview=300  protect_spam:demoted=274
[guards @ 33500 decisions] guards_ran=3192  threat_obs_computed=2953  threat_obs_nonzero=2953  priority_block_prior:demoted=2764  learned_preview=304  protect_spam:demoted=280
[guards @ 33550 decisions] guards_ran=3242  threat_obs_computed=3001  threat_obs_nonzero=3001  priority_block_prior:demoted=2800  learned_preview=308  dominated_attack=284
[guards @ 33600 decisions] guards_ran=3292  threat_obs_computed=3047  threat_obs_nonzero=3047  priority_block_prior:demoted=2836  learned_preview=312  dominated_attack=289
[guards @ 33650 decisions] guards_ran=3342  threat_obs_computed=3093  threat_obs_nonzero=3093  priority_block_prior:demoted=2890  learned_preview=318  dominated_attack=293
[guards @ 33700 decisions] guards_ran=3392  threat_obs_computed=3141  threat_obs_nonzero=3141  priority_block_prior:demoted=2932  learned_preview=322  dominated_attack=301
[guards @ 33750 decisions] guards_ran=3442  threat_obs_computed=3187  threat_obs_nonzero=3187  priority_block_prior:demoted=2968  learned_preview=328  dominated_attack=310
[guards @ 33800 decisions] guards_ran=3492  threat_obs_computed=3235  threat_obs_nonzero=3235  priority_block_prior:demoted=3016  learned_preview=332  dominated_attack=315
[guards @ 33850 decisions] guards_ran=3542  threat_obs_computed=3280  threat_obs_nonzero=3280  priority_block_prior:demoted=3058  learned_preview=336  dominated_attack=320
[guards @ 33900 decisions] guards_ran=3592  threat_obs_computed=3327  threat_obs_nonzero=3327  priority_block_prior:demoted=3094  learned_preview=340  dominated_attack=325
[guards @ 33950 decisions] guards_ran=3642  threat_obs_computed=3374  threat_obs_nonzero=3374  priority_block_prior:demoted=3130  learned_preview=344  dominated_attack=330
[guards @ 34000 decisions] guards_ran=3692  threat_obs_computed=3420  threat_obs_nonzero=3420  priority_block_prior:demoted=3184  learned_preview=350  dominated_attack=332
[guards @ 34050 decisions] guards_ran=3742  threat_obs_computed=3465  threat_obs_nonzero=3465  priority_block_prior:demoted=3220  learned_preview=354  dominated_attack=336
[guards @ 34100 decisions] guards_ran=3792  threat_obs_computed=3512  threat_obs_nonzero=3512  priority_block_prior:demoted=3256  learned_preview=358  dominated_attack=341
[guards @ 34150 decisions] guards_ran=3842  threat_obs_computed=3559  threat_obs_nonzero=3559  priority_block_prior:demoted=3292  learned_preview=364  dominated_attack=345
[guards @ 34200 decisions] guards_ran=3892  threat_obs_computed=3606  threat_obs_nonzero=3606  priority_block_prior:demoted=3346  learned_preview=368  dominated_attack=349
[guards @ 34250 decisions] guards_ran=3942  threat_obs_computed=3653  threat_obs_nonzero=3653  priority_block_prior:demoted=3382  learned_preview=372  dominated_attack=353
[guards @ 34300 decisions] guards_ran=3992  threat_obs_computed=3697  threat_obs_nonzero=3697  priority_block_prior:demoted=3418  learned_preview=378  dominated_attack=354
[guards @ 34350 decisions] guards_ran=4042  threat_obs_computed=3742  threat_obs_nonzero=3742  priority_block_prior:demoted=3472  learned_preview=382  dominated_attack=360
[guards @ 34400 decisions] guards_ran=4092  threat_obs_computed=3789  threat_obs_nonzero=3789  priority_block_prior:demoted=3508  learned_preview=386  dominated_attack=367
[guards @ 34450 decisions] guards_ran=4142  threat_obs_computed=3836  threat_obs_nonzero=3836  priority_block_prior:demoted=3562  learned_preview=392  dominated_attack=371
[guards @ 34500 decisions] guards_ran=4192  threat_obs_computed=3883  threat_obs_nonzero=3883  priority_block_prior:demoted=3598  learned_preview=396  dominated_attack=377
[guards @ 34550 decisions] guards_ran=4242  threat_obs_computed=3930  threat_obs_nonzero=3930  priority_block_prior:demoted=3644  learned_preview=400  dominated_attack=379
[guards @ 34600 decisions] guards_ran=4292  threat_obs_computed=3976  threat_obs_nonzero=3976  priority_block_prior:demoted=3680  learned_preview=406  dominated_attack=384
[guards @ 34650 decisions] guards_ran=4342  threat_obs_computed=4023  threat_obs_nonzero=4023  priority_block_prior:demoted=3734  learned_preview=410  dominated_attack=386
[guards @ 34700 decisions] guards_ran=4392  threat_obs_computed=4070  threat_obs_nonzero=4070  priority_block_prior:demoted=3770  learned_preview=414  dominated_attack=394
[guards @ 34750 decisions] guards_ran=4442  threat_obs_computed=4118  threat_obs_nonzero=4118  priority_block_prior:demoted=3806  learned_preview=420  dominated_attack=395
[guards @ 34800 decisions] guards_ran=4492  threat_obs_computed=4164  threat_obs_nonzero=4164  priority_block_prior:demoted=3866  learned_preview=424  dominated_attack=399
[guards @ 34850 decisions] guards_ran=4542  threat_obs_computed=4211  threat_obs_nonzero=4211  priority_block_prior:demoted=3902  learned_preview=428  dominated_attack=405
[guards @ 34900 decisions] guards_ran=4592  threat_obs_computed=4259  threat_obs_nonzero=4259  priority_block_prior:demoted=3938  learned_preview=434  dominated_attack=414
[guards @ 34950 decisions] guards_ran=4642  threat_obs_computed=4306  threat_obs_nonzero=4306  priority_block_prior:demoted=3974  learned_preview=436  dominated_attack=418
[guards @ 35000 decisions] guards_ran=4692  threat_obs_computed=4353  threat_obs_nonzero=4353  priority_block_prior:demoted=4010  learned_preview=440  dominated_attack=420
[guards @ 35050 decisions] guards_ran=4742  threat_obs_computed=4399  threat_obs_nonzero=4399  priority_block_prior:demoted=4064  learned_preview=446  dominated_attack=424
[guards @ 35100 decisions] guards_ran=4792  threat_obs_computed=4445  threat_obs_nonzero=4445  priority_block_prior:demoted=4100  learned_preview=450  dominated_attack=429
[guards @ 35150 decisions] guards_ran=4842  threat_obs_computed=4493  threat_obs_nonzero=4493  priority_block_prior:demoted=4136  learned_preview=454  dominated_attack=434
[guards @ 35200 decisions] guards_ran=4892  threat_obs_computed=4538  threat_obs_nonzero=4538  priority_block_prior:demoted=4190  learned_preview=460  dominated_attack=439
[guards @ 35250 decisions] guards_ran=4942  threat_obs_computed=4585  threat_obs_nonzero=4585  priority_block_prior:demoted=4226  learned_preview=464  dominated_attack=445
[guards @ 35300 decisions] guards_ran=4992  threat_obs_computed=4632  threat_obs_nonzero=4632  priority_block_prior:demoted=4280  learned_preview=470  dominated_attack=448
[guards @ 35350 decisions] guards_ran=5042  threat_obs_computed=4680  threat_obs_nonzero=4680  priority_block_prior:demoted=4322  learned_preview=474  dominated_attack=451
[guards @ 35400 decisions] guards_ran=5092  threat_obs_computed=4726  threat_obs_nonzero=4726  priority_block_prior:demoted=4358  learned_preview=480  dominated_attack=454
[guards @ 35450 decisions] guards_ran=5142  threat_obs_computed=4772  threat_obs_nonzero=4772  priority_block_prior:demoted=4412  learned_preview=484  dominated_attack=457
[guards @ 35500 decisions] guards_ran=5192  threat_obs_computed=4819  threat_obs_nonzero=4819  priority_block_prior:demoted=4448  learned_preview=490  dominated_attack=465
[guards @ 35550 decisions] guards_ran=5242  threat_obs_computed=4867  threat_obs_nonzero=4867  priority_block_prior:demoted=4496  learned_preview=494  dominated_attack=473
[guards @ 35600 decisions] guards_ran=5292  threat_obs_computed=4912  threat_obs_nonzero=4912  priority_block_prior:demoted=4538  learned_preview=498  dominated_attack=478
[guards @ 35650 decisions] guards_ran=5342  threat_obs_computed=4958  threat_obs_nonzero=4958  priority_block_prior:demoted=4574  learned_preview=504  dominated_attack=484
[guards @ 35700 decisions] guards_ran=5392  threat_obs_computed=5004  threat_obs_nonzero=5004  priority_block_prior:demoted=4622  learned_preview=508  dominated_attack=490
[guards @ 35750 decisions] guards_ran=5442  threat_obs_computed=5048  threat_obs_nonzero=5048  priority_block_prior:demoted=4664  learned_preview=512  dominated_attack=495
[guards @ 35800 decisions] guards_ran=5492  threat_obs_computed=5093  threat_obs_nonzero=5093  priority_block_prior:demoted=4712  learned_preview=518  dominated_attack=498
[guards @ 35850 decisions] guards_ran=5542  threat_obs_computed=5138  threat_obs_nonzero=5138  priority_block_prior:demoted=4754  learned_preview=522  dominated_attack=502
[guards @ 35900 decisions] guards_ran=5592  threat_obs_computed=5185  threat_obs_nonzero=5185  priority_block_prior:demoted=4790  learned_preview=526  dominated_attack=507
[guards @ 35950 decisions] guards_ran=5642  threat_obs_computed=5232  threat_obs_nonzero=5232  priority_block_prior:demoted=4838  learned_preview=532  dominated_attack=514
[guards @ 36000 decisions] guards_ran=5692  threat_obs_computed=5275  threat_obs_nonzero=5275  priority_block_prior:demoted=4880  learned_preview=536  dominated_attack=517
[guards @ 36050 decisions] guards_ran=5742  threat_obs_computed=5322  threat_obs_nonzero=5322  priority_block_prior:demoted=4916  learned_preview=540  dominated_attack=522
[guards @ 36100 decisions] guards_ran=5792  threat_obs_computed=5369  threat_obs_nonzero=5369  priority_block_prior:demoted=4952  learned_preview=544  dominated_attack=531
[guards @ 36150 decisions] guards_ran=5842  threat_obs_computed=5416  threat_obs_nonzero=5416  priority_block_prior:demoted=4988  learned_preview=550  dominated_attack=536
[guards @ 36200 decisions] guards_ran=5892  threat_obs_computed=5461  threat_obs_nonzero=5461  priority_block_prior:demoted=5042  learned_preview=554  dominated_attack=540
[guards @ 36250 decisions] guards_ran=5942  threat_obs_computed=5505  threat_obs_nonzero=5505  priority_block_prior:demoted=5090  learned_preview=560  dominated_attack=543
[guards @ 36300 decisions] guards_ran=5992  threat_obs_computed=5552  threat_obs_nonzero=5552  priority_block_prior:demoted=5114  learned_preview=564  dominated_attack=547
[guards @ 36350 decisions] guards_ran=6042  threat_obs_computed=5598  threat_obs_nonzero=5598  priority_block_prior:demoted=5168  learned_preview=568  dominated_attack=550
[guards @ 36400 decisions] guards_ran=6092  threat_obs_computed=5643  threat_obs_nonzero=5643  priority_block_prior:demoted=5204  learned_preview=572  dominated_attack=554
[guards @ 36450 decisions] guards_ran=6142  threat_obs_computed=5688  threat_obs_nonzero=5688  priority_block_prior:demoted=5258  learned_preview=578  dominated_attack=558
[guards @ 36500 decisions] guards_ran=6192  threat_obs_computed=5734  threat_obs_nonzero=5734  priority_block_prior:demoted=5294  learned_preview=582  dominated_attack=561
[guards @ 36550 decisions] guards_ran=6242  threat_obs_computed=5781  threat_obs_nonzero=5781  priority_block_prior:demoted=5330  learned_preview=588  dominated_attack=565
[guards @ 36600 decisions] guards_ran=6292  threat_obs_computed=5827  threat_obs_nonzero=5827  priority_block_prior:demoted=5366  learned_preview=590  dominated_attack=567
[guards @ 36650 decisions] guards_ran=6342  threat_obs_computed=5875  threat_obs_nonzero=5875  priority_block_prior:demoted=5414  learned_preview=596  dominated_attack=574
[guards @ 36700 decisions] guards_ran=6392  threat_obs_computed=5922  threat_obs_nonzero=5922  priority_block_prior:demoted=5456  learned_preview=600  dominated_attack=579
[guards @ 36750 decisions] guards_ran=6442  threat_obs_computed=5970  threat_obs_nonzero=5970  priority_block_prior:demoted=5492  learned_preview=606  dominated_attack=580
[guards @ 36800 decisions] guards_ran=6492  threat_obs_computed=6016  threat_obs_nonzero=6016  priority_block_prior:demoted=5546  learned_preview=610  dominated_attack=581
[guards @ 36850 decisions] guards_ran=6542  threat_obs_computed=6064  threat_obs_nonzero=6064  priority_block_prior:demoted=5594  learned_preview=616  dominated_attack=587
[guards @ 36900 decisions] guards_ran=6592  threat_obs_computed=6109  threat_obs_nonzero=6109  priority_block_prior:demoted=5618  learned_preview=620  dominated_attack=592
[guards @ 36950 decisions] guards_ran=6642  threat_obs_computed=6156  threat_obs_nonzero=6156  priority_block_prior:demoted=5672  learned_preview=624  dominated_attack=599
[guards @ 37000 decisions] guards_ran=6692  threat_obs_computed=6202  threat_obs_nonzero=6202  priority_block_prior:demoted=5720  learned_preview=630  dominated_attack=605
[guards @ 37050 decisions] guards_ran=6742  threat_obs_computed=6247  threat_obs_nonzero=6247  priority_block_prior:demoted=5762  learned_preview=634  dominated_attack=609
[guards @ 37100 decisions] guards_ran=6792  threat_obs_computed=6294  threat_obs_nonzero=6294  priority_block_prior:demoted=5798  learned_preview=638  dominated_attack=615
[guards @ 37150 decisions] guards_ran=6842  threat_obs_computed=6341  threat_obs_nonzero=6341  priority_block_prior:demoted=5834  learned_preview=642  dominated_attack=616
[guards @ 37200 decisions] guards_ran=6892  threat_obs_computed=6387  threat_obs_nonzero=6387  priority_block_prior:demoted=5870  learned_preview=648  dominated_attack=619
[guards @ 37250 decisions] guards_ran=6942  threat_obs_computed=6434  threat_obs_nonzero=6434  priority_block_prior:demoted=5906  learned_preview=652  dominated_attack=622
[guards @ 37300 decisions] guards_ran=6992  threat_obs_computed=6479  threat_obs_nonzero=6479  priority_block_prior:demoted=5960  learned_preview=656  dominated_attack=625
[guards @ 37350 decisions] guards_ran=7042  threat_obs_computed=6525  threat_obs_nonzero=6525  priority_block_prior:demoted=5996  learned_preview=662  dominated_attack=628
[guards @ 37400 decisions] guards_ran=7092  threat_obs_computed=6572  threat_obs_nonzero=6572  priority_block_prior:demoted=6050  learned_preview=666  dominated_attack=631
[guards @ 37450 decisions] guards_ran=7142  threat_obs_computed=6619  threat_obs_nonzero=6619  priority_block_prior:demoted=6086  learned_preview=670  dominated_attack=638
[guards @ 37500 decisions] guards_ran=7192  threat_obs_computed=6663  threat_obs_nonzero=6663  priority_block_prior:demoted=6122  learned_preview=676  dominated_attack=647
[guards @ 37550 decisions] guards_ran=7242  threat_obs_computed=6710  threat_obs_nonzero=6710  priority_block_prior:demoted=6158  learned_preview=680  dominated_attack=653
[guards @ 37600 decisions] guards_ran=7292  threat_obs_computed=6755  threat_obs_nonzero=6755  priority_block_prior:demoted=6206  learned_preview=684  dominated_attack=655
[guards @ 37650 decisions] guards_ran=7342  threat_obs_computed=6799  threat_obs_nonzero=6799  priority_block_prior:demoted=6248  learned_preview=688  dominated_attack=660
[guards @ 37700 decisions] guards_ran=7392  threat_obs_computed=6846  threat_obs_nonzero=6846  priority_block_prior:demoted=6296  learned_preview=694  dominated_attack=663
[guards @ 37750 decisions] guards_ran=7442  threat_obs_computed=6893  threat_obs_nonzero=6893  priority_block_prior:demoted=6338  learned_preview=698  dominated_attack=667
[guards @ 37800 decisions] guards_ran=7492  threat_obs_computed=6939  threat_obs_nonzero=6939  priority_block_prior:demoted=6392  learned_preview=704  dominated_attack=674
[guards @ 37850 decisions] guards_ran=7542  threat_obs_computed=6985  threat_obs_nonzero=6985  priority_block_prior:demoted=6428  learned_preview=708  dominated_attack=677
[guards @ 37900 decisions] guards_ran=7592  threat_obs_computed=7031  threat_obs_nonzero=7031  priority_block_prior:demoted=6476  learned_preview=714  dominated_attack=679
[guards @ 37950 decisions] guards_ran=7642  threat_obs_computed=7075  threat_obs_nonzero=7075  priority_block_prior:demoted=6518  learned_preview=718  dominated_attack=684
[guards @ 38000 decisions] guards_ran=7692  threat_obs_computed=7121  threat_obs_nonzero=7121  priority_block_prior:demoted=6554  learned_preview=722  dominated_attack=687
[guards @ 38050 decisions] guards_ran=7742  threat_obs_computed=7168  threat_obs_nonzero=7168  priority_block_prior:demoted=6590  learned_preview=726  dominated_attack=693
[guards @ 38100 decisions] guards_ran=7792  threat_obs_computed=7216  threat_obs_nonzero=7216  priority_block_prior:demoted=6626  learned_preview=730  dominated_attack=696
[guards @ 38150 decisions] guards_ran=7842  threat_obs_computed=7261  threat_obs_nonzero=7261  priority_block_prior:demoted=6662  learned_preview=736  dominated_attack=701
[guards @ 38200 decisions] guards_ran=7892  threat_obs_computed=7308  threat_obs_nonzero=7308  priority_block_prior:demoted=6716  learned_preview=740  dominated_attack=705
[guards @ 38250 decisions] guards_ran=7942  threat_obs_computed=7356  threat_obs_nonzero=7356  priority_block_prior:demoted=6734  learned_preview=744  dominated_attack=709
[guards @ 38300 decisions] guards_ran=7992  threat_obs_computed=7402  threat_obs_nonzero=7402  priority_block_prior:demoted=6788  learned_preview=748  dominated_attack=714
[guards @ 38350 decisions] guards_ran=8042  threat_obs_computed=7448  threat_obs_nonzero=7448  priority_block_prior:demoted=6824  learned_preview=752  dominated_attack=715
[guards @ 38400 decisions] guards_ran=8092  threat_obs_computed=7494  threat_obs_nonzero=7494  priority_block_prior:demoted=6860  learned_preview=756  dominated_attack=724
[guards @ 38450 decisions] guards_ran=8142  threat_obs_computed=7540  threat_obs_nonzero=7540  priority_block_prior:demoted=6914  learned_preview=762  dominated_attack=728
[guards @ 38500 decisions] guards_ran=8192  threat_obs_computed=7587  threat_obs_nonzero=7587  priority_block_prior:demoted=6950  learned_preview=766  dominated_attack=731
[guards @ 38550 decisions] guards_ran=8242  threat_obs_computed=7633  threat_obs_nonzero=7633  priority_block_prior:demoted=7004  learned_preview=772  dominated_attack=735
[guards @ 38600 decisions] guards_ran=8292  threat_obs_computed=7679  threat_obs_nonzero=7679  priority_block_prior:demoted=7040  learned_preview=776  dominated_attack=740
[guards @ 38650 decisions] guards_ran=8342  threat_obs_computed=7726  threat_obs_nonzero=7726  priority_block_prior:demoted=7076  learned_preview=780  dominated_attack=752
[guards @ 38700 decisions] guards_ran=8392  threat_obs_computed=7775  threat_obs_nonzero=7775  priority_block_prior:demoted=7118  learned_preview=784  dominated_attack=761
[guards @ 38750 decisions] guards_ran=8442  threat_obs_computed=7822  threat_obs_nonzero=7822  priority_block_prior:demoted=7154  learned_preview=788  dominated_attack=763
[guards @ 38800 decisions] guards_ran=8492  threat_obs_computed=7870  threat_obs_nonzero=7870  priority_block_prior:demoted=7190  learned_preview=792  dominated_attack=764
[guards @ 38850 decisions] guards_ran=8542  threat_obs_computed=7917  threat_obs_nonzero=7917  priority_block_prior:demoted=7238  learned_preview=798  dominated_attack=767
[guards @ 38900 decisions] guards_ran=8592  threat_obs_computed=7960  threat_obs_nonzero=7960  priority_block_prior:demoted=7280  learned_preview=802  dominated_attack=772
[guards @ 38950 decisions] guards_ran=8642  threat_obs_computed=8008  threat_obs_nonzero=8008  priority_block_prior:demoted=7316  learned_preview=808  dominated_attack=776
[guards @ 39000 decisions] guards_ran=8692  threat_obs_computed=8052  threat_obs_nonzero=8052  priority_block_prior:demoted=7370  learned_preview=812  dominated_attack=781
[guards @ 39050 decisions] guards_ran=8742  threat_obs_computed=8099  threat_obs_nonzero=8099  priority_block_prior:demoted=7406  learned_preview=816  dominated_attack=789
[guards @ 39100 decisions] guards_ran=8792  threat_obs_computed=8147  threat_obs_nonzero=8147  priority_block_prior:demoted=7442  learned_preview=820  dominated_attack=794
[guards @ 39150 decisions] guards_ran=8842  threat_obs_computed=8193  threat_obs_nonzero=8193  priority_block_prior:demoted=7478  learned_preview=824  dominated_attack=797
[guards @ 39200 decisions] guards_ran=8892  threat_obs_computed=8238  threat_obs_nonzero=8238  priority_block_prior:demoted=7532  learned_preview=830  dominated_attack=803
[guards @ 39250 decisions] guards_ran=8942  threat_obs_computed=8286  threat_obs_nonzero=8286  priority_block_prior:demoted=7568  learned_preview=834  dominated_attack=811
[guards @ 39300 decisions] guards_ran=8992  threat_obs_computed=8332  threat_obs_nonzero=8332  priority_block_prior:demoted=7622  learned_preview=840  dominated_attack=816
[guards @ 39350 decisions] guards_ran=9042  threat_obs_computed=8379  threat_obs_nonzero=8379  priority_block_prior:demoted=7658  learned_preview=844  dominated_attack=822
[guards @ 39400 decisions] guards_ran=9092  threat_obs_computed=8425  threat_obs_nonzero=8425  priority_block_prior:demoted=7694  learned_preview=848  dominated_attack=825
[guards @ 39450 decisions] guards_ran=9142  threat_obs_computed=8471  threat_obs_nonzero=8471  priority_block_prior:demoted=7730  learned_preview=852  dominated_attack=830
[guards @ 39500 decisions] guards_ran=9192  threat_obs_computed=8516  threat_obs_nonzero=8516  priority_block_prior:demoted=7784  learned_preview=858  dominated_attack=831
[guards @ 39550 decisions] guards_ran=9242  threat_obs_computed=8563  threat_obs_nonzero=8563  priority_block_prior:demoted=7820  learned_preview=864  dominated_attack=834
[guards @ 39600 decisions] guards_ran=9292  threat_obs_computed=8608  threat_obs_nonzero=8608  priority_block_prior:demoted=7874  learned_preview=868  dominated_attack=837
[guards @ 39650 decisions] guards_ran=9342  threat_obs_computed=8654  threat_obs_nonzero=8654  priority_block_prior:demoted=7910  learned_preview=874  dominated_attack=839
[guards @ 39700 decisions] guards_ran=9392  threat_obs_computed=8701  threat_obs_nonzero=8701  priority_block_prior:demoted=7964  learned_preview=878  dominated_attack=842
[guards @ 39750 decisions] guards_ran=9442  threat_obs_computed=8747  threat_obs_nonzero=8747  priority_block_prior:demoted=8000  learned_preview=884  dominated_attack=848
[guards @ 39800 decisions] guards_ran=9492  threat_obs_computed=8794  threat_obs_nonzero=8794  priority_block_prior:demoted=8036  learned_preview=888  dominated_attack=851
[guards @ 39850 decisions] guards_ran=9542  threat_obs_computed=8838  threat_obs_nonzero=8838  priority_block_prior:demoted=8090  learned_preview=892  dominated_attack=857
[guards @ 39900 decisions] guards_ran=9592  threat_obs_computed=8884  threat_obs_nonzero=8884  priority_block_prior:demoted=8126  learned_preview=896  dominated_attack=862
[guards @ 39950 decisions] guards_ran=9642  threat_obs_computed=8932  threat_obs_nonzero=8932  priority_block_prior:demoted=8162  learned_preview=900  dominated_attack=866
[guards @ 40000 decisions] guards_ran=9692  threat_obs_computed=8978  threat_obs_nonzero=8978  priority_block_prior:demoted=8216  learned_preview=906  dominated_attack=872
[guards @ 40050 decisions] guards_ran=9742  threat_obs_computed=9026  threat_obs_nonzero=9026  priority_block_prior:demoted=8252  learned_preview=910  dominated_attack=877
[guards @ 40100 decisions] guards_ran=9792  threat_obs_computed=9075  threat_obs_nonzero=9075  priority_block_prior:demoted=8282  learned_preview=914  dominated_attack=883
[guards @ 40150 decisions] guards_ran=9842  threat_obs_computed=9122  threat_obs_nonzero=9122  priority_block_prior:demoted=8318  learned_preview=918  dominated_attack=890
[guards @ 40200 decisions] guards_ran=9892  threat_obs_computed=9168  threat_obs_nonzero=9168  priority_block_prior:demoted=8360  learned_preview=922  dominated_attack=894
[guards @ 40250 decisions] guards_ran=9942  threat_obs_computed=9216  threat_obs_nonzero=9216  priority_block_prior:demoted=8396  learned_preview=926  dominated_attack=899
[guards @ 40300 decisions] guards_ran=9992  threat_obs_computed=9261  threat_obs_nonzero=9261  priority_block_prior:demoted=8450  learned_preview=932  dominated_attack=902
[guards @ 40350 decisions] guards_ran=10042  threat_obs_computed=9308  threat_obs_nonzero=9308  priority_block_prior:demoted=8486  learned_preview=936  dominated_attack=905
[guards @ 40400 decisions] guards_ran=10092  threat_obs_computed=9354  threat_obs_nonzero=9354  priority_block_prior:demoted=8540  learned_preview=942  dominated_attack=909
[guards @ 40450 decisions] guards_ran=10142  threat_obs_computed=9401  threat_obs_nonzero=9401  priority_block_prior:demoted=8576  learned_preview=946  dominated_attack=918
[guards @ 40500 decisions] guards_ran=10192  threat_obs_computed=9447  threat_obs_nonzero=9447  priority_block_prior:demoted=8612  learned_preview=952  dominated_attack=925
[guards @ 40550 decisions] guards_ran=10242  threat_obs_computed=9492  threat_obs_nonzero=9492  priority_block_prior:demoted=8666  learned_preview=956  dominated_attack=930
[guards @ 40600 decisions] guards_ran=10292  threat_obs_computed=9539  threat_obs_nonzero=9539  priority_block_prior:demoted=8714  learned_preview=962  dominated_attack=936
[guards @ 40650 decisions] guards_ran=10342  threat_obs_computed=9586  threat_obs_nonzero=9586  priority_block_prior:demoted=8756  learned_preview=966  dominated_attack=940
[guards @ 40700 decisions] guards_ran=10392  threat_obs_computed=9633  threat_obs_nonzero=9633  priority_block_prior:demoted=8792  learned_preview=970  dominated_attack=945
[guards @ 40750 decisions] guards_ran=10442  threat_obs_computed=9679  threat_obs_nonzero=9679  priority_block_prior:demoted=8828  learned_preview=974  dominated_attack=951
[guards @ 40800 decisions] guards_ran=10492  threat_obs_computed=9727  threat_obs_nonzero=9727  priority_block_prior:demoted=8876  learned_preview=980  dominated_attack=952
[guards @ 40850 decisions] guards_ran=10542  threat_obs_computed=9773  threat_obs_nonzero=9773  priority_block_prior:demoted=8918  learned_preview=986  dominated_attack=955
[guards @ 40900 decisions] guards_ran=10592  threat_obs_computed=9820  threat_obs_nonzero=9820  priority_block_prior:demoted=8954  learned_preview=990  dominated_attack=958
[guards @ 40950 decisions] guards_ran=10642  threat_obs_computed=9868  threat_obs_nonzero=9868  priority_block_prior:demoted=8990  learned_preview=994  dominated_attack=966
[guards @ 41000 decisions] guards_ran=10692  threat_obs_computed=9915  threat_obs_nonzero=9915  priority_block_prior:demoted=9026  learned_preview=998  dominated_attack=973
[guards @ 41050 decisions] guards_ran=10742  threat_obs_computed=9961  threat_obs_nonzero=9961  priority_block_prior:demoted=9062  learned_preview=1000  dominated_attack=974
block hidden=True a_first=False: A 251.0/500; running A 49.9% [47.7, 52.1]
{
  "games": 2000,
  "a_wins": 998.0,
  "ties": 0,
  "a_win_rate": 0.499,
  "wilson_95": [
    0.4771095100620487,
    0.5208943241731523
  ],
  "guard_changed_actions_per_game": 0.005,
  "verdict": "inconclusive",
  "complete": true
}
[10-03 06:26:19] END rc=0
[10-03 06:26:19] START .venv/bin/python evaluation/run_guard_ab.py --guards threat_first2 --without-arm results_guard_ab_review_guards_0928 --output results_guard_ab_threat_first2
[10-03 07:09:20] END rc=0
[10-03 07:09:20] START .venv/bin/python evaluation/guard_ladder_gate.py go results_guard_ab_threat_first2 results_mirror_threat_first2 threat_first2
results_guard_ab_threat_first2: pooled +0.44pp [-0.39, +1.26], worst population -1.5pp
results_mirror_threat_first2: 49.9% [47.7, 52.1] over 2000 games
threat_first2 errors: 0 in 6204 games {}
GO
[10-03 07:09:20] END rc=0
[10-03 07:09:20] ROUND2_PASS threat_first2
[10-03 07:09:20] START .venv/bin/python evaluation/mirror_guard_ab.py --guard doomed_switch --games 2000 --output results_mirror_doomed_switch
/Users/phillipmantatsky/Desktop/pokemon showdown bot/vgc-bench/.venv/lib/python3.13/site-packages/torch/nn/functional.py:2452: UserWarning: The operator 'aten::embedding_renorm_' is not currently supported on the MPS backend and will fall back to run on the CPU. This may have performance implications. (Triggered internally at /Users/runner/work/pytorch/pytorch/aten/src/ATen/mps/MPSFallback.mm:34.)
  torch.embedding_renorm_(weight.detach(), input, max_norm, norm_type)
[guards @ 50 decisions] zero_damage:demoted=130  guards_ran=50  threat_obs_computed=43  threat_obs_nonzero=43  priority_block:demoted=35  learned_preview=10
[guards @ 100 decisions] zero_damage:demoted=170  guards_ran=100  threat_obs_computed=92  threat_obs_nonzero=92  priority_block:demoted=49  dominated_spread=19
[guards @ 150 decisions] zero_damage:demoted=234  guards_ran=150  threat_obs_computed=135  threat_obs_nonzero=135  priority_block:demoted=63  dominated_spread=27
[guards @ 200 decisions] zero_damage:demoted=312  guards_ran=200  threat_obs_computed=181  threat_obs_nonzero=181  priority_block:demoted=84  dominated_spread=32
[guards @ 250 decisions] zero_damage:demoted=390  guards_ran=250  threat_obs_computed=228  threat_obs_nonzero=228  priority_block:demoted=105  dominated_spread=39
[guards @ 300 decisions] zero_damage:demoted=442  guards_ran=300  threat_obs_computed=275  threat_obs_nonzero=275  priority_block:demoted=119  dominated_spread=47
[guards @ 350 decisions] zero_damage:demoted=520  guards_ran=350  threat_obs_computed=320  threat_obs_nonzero=320  priority_block:demoted=140  dominated_spread=54
[guards @ 400 decisions] zero_damage:demoted=572  guards_ran=400  threat_obs_computed=367  threat_obs_nonzero=367  priority_block:demoted=154  dominated_spread=62
[guards @ 450 decisions] zero_damage:demoted=624  guards_ran=450  threat_obs_computed=414  threat_obs_nonzero=414  priority_block:demoted=168  dominated_spread=67
[guards @ 500 decisions] zero_damage:demoted=702  guards_ran=500  threat_obs_computed=458  threat_obs_nonzero=458  priority_block:demoted=189  dominated_spread=73
[guards @ 550 decisions] zero_damage:demoted=780  guards_ran=550  threat_obs_computed=505  threat_obs_nonzero=505  priority_block:demoted=210  dominated_spread=79
[guards @ 600 decisions] zero_damage:demoted=846  guards_ran=600  threat_obs_computed=553  threat_obs_nonzero=553  priority_block:demoted=231  dominated_spread=89
[guards @ 650 decisions] zero_damage:demoted=910  guards_ran=650  threat_obs_computed=599  threat_obs_nonzero=599  priority_block:demoted=245  dominated_spread=91
[guards @ 700 decisions] zero_damage:demoted=988  guards_ran=700  threat_obs_computed=646  threat_obs_nonzero=646  priority_block:demoted=266  dominated_spread=98
[guards @ 750 decisions] zero_damage:demoted=1054  guards_ran=750  threat_obs_computed=693  threat_obs_nonzero=693  priority_block:demoted=287  dominated_spread=106
[guards @ 800 decisions] zero_damage:demoted=1118  guards_ran=800  threat_obs_computed=739  threat_obs_nonzero=739  priority_block:demoted=301  dominated_spread=110
[guards @ 850 decisions] zero_damage:demoted=1196  guards_ran=850  threat_obs_computed=785  threat_obs_nonzero=785  priority_block:demoted=322  dominated_spread=115
[guards @ 900 decisions] zero_damage:demoted=1248  guards_ran=900  threat_obs_computed=832  threat_obs_nonzero=832  priority_block:demoted=336  dominated_spread=123
[guards @ 950 decisions] zero_damage:demoted=1314  guards_ran=950  threat_obs_computed=878  threat_obs_nonzero=878  priority_block:demoted=357  dominated_spread=129
[guards @ 1000 decisions] zero_damage:demoted=1378  guards_ran=1000  threat_obs_computed=925  threat_obs_nonzero=925  priority_block:demoted=371  dominated_spread=135
[guards @ 1050 decisions] zero_damage:demoted=1444  guards_ran=1050  threat_obs_computed=970  threat_obs_nonzero=970  priority_block:demoted=392  dominated_spread=144
[guards @ 1100 decisions] zero_damage:demoted=1508  guards_ran=1100  threat_obs_computed=1016  threat_obs_nonzero=1016  priority_block:demoted=406  dominated_spread=148
[guards @ 1150 decisions] zero_damage:demoted=1588  guards_ran=1150  threat_obs_computed=1062  threat_obs_nonzero=1062  priority_block:demoted=434  dominated_spread=156
[guards @ 1200 decisions] zero_damage:demoted=1640  guards_ran=1200  threat_obs_computed=1108  threat_obs_nonzero=1108  priority_block:demoted=448  dominated_spread=163
[guards @ 1250 decisions] zero_damage:demoted=1692  guards_ran=1250  threat_obs_computed=1153  threat_obs_nonzero=1153  priority_block:demoted=462  dominated_spread=170
[guards @ 1300 decisions] zero_damage:demoted=1758  guards_ran=1300  threat_obs_computed=1200  threat_obs_nonzero=1200  priority_block:demoted=483  dominated_spread=180
[guards @ 1350 decisions] zero_damage:demoted=1822  guards_ran=1350  threat_obs_computed=1247  threat_obs_nonzero=1247  priority_block:demoted=497  dominated_spread=187
[guards @ 1400 decisions] zero_damage:demoted=1874  guards_ran=1400  threat_obs_computed=1294  threat_obs_nonzero=1294  priority_block:demoted=511  dominated_spread=194
[guards @ 1450 decisions] zero_damage:demoted=1926  guards_ran=1450  threat_obs_computed=1342  threat_obs_nonzero=1342  priority_block:demoted=525  dominated_spread=200
[guards @ 1500 decisions] zero_damage:demoted=1978  guards_ran=1500  threat_obs_computed=1390  threat_obs_nonzero=1390  priority_block:demoted=539  dominated_spread=205
[guards @ 1550 decisions] zero_damage:demoted=2056  guards_ran=1550  threat_obs_computed=1436  threat_obs_nonzero=1436  priority_block:demoted=560  dominated_spread=212
[guards @ 1600 decisions] zero_damage:demoted=2108  guards_ran=1600  threat_obs_computed=1481  threat_obs_nonzero=1481  priority_block:demoted=574  dominated_spread=218
[guards @ 1650 decisions] zero_damage:demoted=2160  guards_ran=1650  threat_obs_computed=1527  threat_obs_nonzero=1527  priority_block:demoted=588  dominated_spread=225
[guards @ 1700 decisions] zero_damage:demoted=2212  guards_ran=1700  threat_obs_computed=1575  threat_obs_nonzero=1575  priority_block:demoted=602  dominated_spread=235
[guards @ 1750 decisions] zero_damage:demoted=2264  guards_ran=1750  threat_obs_computed=1623  threat_obs_nonzero=1623  priority_block:demoted=616  dominated_spread=246
[guards @ 1800 decisions] zero_damage:demoted=2342  guards_ran=1800  threat_obs_computed=1669  threat_obs_nonzero=1669  priority_block:demoted=637  dominated_spread=255
[guards @ 1850 decisions] zero_damage:demoted=2420  guards_ran=1850  threat_obs_computed=1715  threat_obs_nonzero=1715  priority_block:demoted=658  dominated_spread=260
[guards @ 1900 decisions] zero_damage:demoted=2498  guards_ran=1900  threat_obs_computed=1760  threat_obs_nonzero=1760  priority_block:demoted=679  dominated_spread=266
[guards @ 1950 decisions] zero_damage:demoted=2550  guards_ran=1950  threat_obs_computed=1804  threat_obs_nonzero=1804  priority_block:demoted=693  dominated_spread=275
[guards @ 2000 decisions] zero_damage:demoted=2628  guards_ran=2000  threat_obs_computed=1851  threat_obs_nonzero=1851  priority_block:demoted=714  dominated_spread=281
[guards @ 2050 decisions] zero_damage:demoted=2706  guards_ran=2050  threat_obs_computed=1896  threat_obs_nonzero=1896  priority_block:demoted=735  dominated_spread=288
[guards @ 2100 decisions] zero_damage:demoted=2784  guards_ran=2100  threat_obs_computed=1940  threat_obs_nonzero=1940  priority_block:demoted=756  dominated_spread=295
[guards @ 2150 decisions] zero_damage:demoted=2836  guards_ran=2150  threat_obs_computed=1986  threat_obs_nonzero=1986  priority_block:demoted=770  dominated_spread=301
[guards @ 2200 decisions] zero_damage:demoted=2914  guards_ran=2200  threat_obs_computed=2031  threat_obs_nonzero=2031  priority_block:demoted=791  dominated_spread=310
[guards @ 2250 decisions] zero_damage:demoted=2966  guards_ran=2250  threat_obs_computed=2078  threat_obs_nonzero=2078  priority_block:demoted=805  dominated_spread=318
[guards @ 2300 decisions] zero_damage:demoted=3018  guards_ran=2300  threat_obs_computed=2124  threat_obs_nonzero=2124  priority_block:demoted=819  dominated_spread=325
[guards @ 2350 decisions] zero_damage:demoted=3084  guards_ran=2350  threat_obs_computed=2171  threat_obs_nonzero=2171  priority_block:demoted=840  dominated_spread=333
[guards @ 2400 decisions] zero_damage:demoted=3148  guards_ran=2400  threat_obs_computed=2216  threat_obs_nonzero=2216  priority_block:demoted=854  dominated_spread=344
[guards @ 2450 decisions] zero_damage:demoted=3200  guards_ran=2450  threat_obs_computed=2262  threat_obs_nonzero=2262  priority_block:demoted=868  dominated_spread=350
[guards @ 2500 decisions] zero_damage:demoted=3252  guards_ran=2500  threat_obs_computed=2309  threat_obs_nonzero=2309  priority_block:demoted=882  dominated_spread=357
[guards @ 2550 decisions] zero_damage:demoted=3330  guards_ran=2550  threat_obs_computed=2355  threat_obs_nonzero=2355  priority_block:demoted=903  dominated_spread=365
[guards @ 2600 decisions] zero_damage:demoted=3382  guards_ran=2600  threat_obs_computed=2402  threat_obs_nonzero=2402  priority_block:demoted=917  dominated_spread=371
[guards @ 2650 decisions] zero_damage:demoted=3448  guards_ran=2650  threat_obs_computed=2448  threat_obs_nonzero=2448  priority_block:demoted=938  dominated_spread=378
[guards @ 2700 decisions] zero_damage:demoted=3512  guards_ran=2700  threat_obs_computed=2495  threat_obs_nonzero=2495  priority_block:demoted=952  dominated_spread=381
[guards @ 2750 decisions] zero_damage:demoted=3590  guards_ran=2750  threat_obs_computed=2541  threat_obs_nonzero=2541  priority_block:demoted=973  dominated_spread=392
[guards @ 2800 decisions] zero_damage:demoted=3642  guards_ran=2800  threat_obs_computed=2586  threat_obs_nonzero=2586  priority_block:demoted=987  dominated_spread=395
[guards @ 2850 decisions] zero_damage:demoted=3694  guards_ran=2850  threat_obs_computed=2633  threat_obs_nonzero=2633  priority_block:demoted=1001  dominated_spread=400
[guards @ 2900 decisions] zero_damage:demoted=3760  guards_ran=2900  threat_obs_computed=2681  threat_obs_nonzero=2681  priority_block:demoted=1022  dominated_spread=406
[guards @ 2950 decisions] zero_damage:demoted=3824  guards_ran=2950  threat_obs_computed=2727  threat_obs_nonzero=2727  priority_block:demoted=1036  dominated_spread=411
[guards @ 3000 decisions] zero_damage:demoted=3902  guards_ran=3000  threat_obs_computed=2773  threat_obs_nonzero=2773  priority_block:demoted=1057  dominated_spread=419
[guards @ 3050 decisions] zero_damage:demoted=3954  guards_ran=3050  threat_obs_computed=2821  threat_obs_nonzero=2821  priority_block:demoted=1071  dominated_spread=424
[guards @ 3100 decisions] zero_damage:demoted=4006  guards_ran=3100  threat_obs_computed=2865  threat_obs_nonzero=2865  priority_block:demoted=1085  dominated_spread=429
[guards @ 3150 decisions] zero_damage:demoted=4072  guards_ran=3150  threat_obs_computed=2912  threat_obs_nonzero=2912  priority_block:demoted=1106  dominated_spread=435
[guards @ 3200 decisions] zero_damage:demoted=4136  guards_ran=3200  threat_obs_computed=2959  threat_obs_nonzero=2959  priority_block:demoted=1120  dominated_spread=442
[guards @ 3250 decisions] zero_damage:demoted=4188  guards_ran=3250  threat_obs_computed=3007  threat_obs_nonzero=3007  priority_block:demoted=1134  dominated_spread=449
[guards @ 3300 decisions] zero_damage:demoted=4240  guards_ran=3300  threat_obs_computed=3055  threat_obs_nonzero=3055  priority_block:demoted=1148  dominated_spread=457
[guards @ 3350 decisions] zero_damage:demoted=4306  guards_ran=3350  threat_obs_computed=3102  threat_obs_nonzero=3102  priority_block:demoted=1169  dominated_spread=463
[guards @ 3400 decisions] zero_damage:demoted=4370  guards_ran=3400  threat_obs_computed=3147  threat_obs_nonzero=3147  priority_block:demoted=1183  dominated_spread=469
[guards @ 3450 decisions] zero_damage:demoted=4462  guards_ran=3450  threat_obs_computed=3193  threat_obs_nonzero=3193  priority_block:demoted=1211  dominated_spread=478
[guards @ 3500 decisions] zero_damage:demoted=4526  guards_ran=3500  threat_obs_computed=3240  threat_obs_nonzero=3240  priority_block:demoted=1225  dominated_spread=484
[guards @ 3550 decisions] zero_damage:demoted=4578  guards_ran=3550  threat_obs_computed=3288  threat_obs_nonzero=3288  priority_block:demoted=1239  dominated_spread=488
[guards @ 3600 decisions] zero_damage:demoted=4630  guards_ran=3600  threat_obs_computed=3333  threat_obs_nonzero=3333  priority_block:demoted=1253  dominated_spread=497
[guards @ 3650 decisions] zero_damage:demoted=4710  guards_ran=3650  threat_obs_computed=3379  threat_obs_nonzero=3379  priority_block:demoted=1281  dominated_spread=502
[guards @ 3700 decisions] zero_damage:demoted=4762  guards_ran=3700  threat_obs_computed=3427  threat_obs_nonzero=3427  priority_block:demoted=1295  dominated_spread=508
[guards @ 3750 decisions] zero_damage:demoted=4840  guards_ran=3750  threat_obs_computed=3474  threat_obs_nonzero=3474  priority_block:demoted=1316  dominated_spread=515
[guards @ 3800 decisions] zero_damage:demoted=4892  guards_ran=3800  threat_obs_computed=3522  threat_obs_nonzero=3522  priority_block:demoted=1330  dominated_spread=523
[guards @ 3850 decisions] zero_damage:demoted=4958  guards_ran=3850  threat_obs_computed=3567  threat_obs_nonzero=3567  priority_block:demoted=1351  dominated_spread=535
[guards @ 3900 decisions] zero_damage:demoted=5022  guards_ran=3900  threat_obs_computed=3614  threat_obs_nonzero=3614  priority_block:demoted=1365  dominated_spread=542
[guards @ 3950 decisions] zero_damage:demoted=5126  guards_ran=3950  threat_obs_computed=3657  threat_obs_nonzero=3657  priority_block:demoted=1393  dominated_spread=548
[guards @ 4000 decisions] zero_damage:demoted=5204  guards_ran=4000  threat_obs_computed=3703  threat_obs_nonzero=3703  priority_block:demoted=1414  dominated_spread=556
[guards @ 4050 decisions] zero_damage:demoted=5256  guards_ran=4050  threat_obs_computed=3751  threat_obs_nonzero=3751  priority_block:demoted=1428  dominated_spread=562
[guards @ 4100 decisions] zero_damage:demoted=5308  guards_ran=4100  threat_obs_computed=3799  threat_obs_nonzero=3799  priority_block:demoted=1442  dominated_spread=571
[guards @ 4150 decisions] zero_damage:demoted=5360  guards_ran=4150  threat_obs_computed=3847  threat_obs_nonzero=3847  priority_block:demoted=1456  dominated_spread=580
[guards @ 4200 decisions] zero_damage:demoted=5412  guards_ran=4200  threat_obs_computed=3895  threat_obs_nonzero=3895  priority_block:demoted=1470  protect_spam:demoted=592
[guards @ 4250 decisions] zero_damage:demoted=5490  guards_ran=4250  threat_obs_computed=3942  threat_obs_nonzero=3942  priority_block:demoted=1491  protect_spam:demoted=600
[guards @ 4300 decisions] zero_damage:demoted=5556  guards_ran=4300  threat_obs_computed=3989  threat_obs_nonzero=3989  priority_block:demoted=1512  protect_spam:demoted=608
[guards @ 4350 decisions] zero_damage:demoted=5620  guards_ran=4350  threat_obs_computed=4035  threat_obs_nonzero=4035  priority_block:demoted=1526  protect_spam:demoted=615
[guards @ 4400 decisions] zero_damage:demoted=5698  guards_ran=4400  threat_obs_computed=4080  threat_obs_nonzero=4080  priority_block:demoted=1547  dominated_spread=621
[guards @ 4450 decisions] zero_damage:demoted=5750  guards_ran=4450  threat_obs_computed=4127  threat_obs_nonzero=4127  priority_block:demoted=1561  dominated_spread=629
[guards @ 4500 decisions] zero_damage:demoted=5828  guards_ran=4500  threat_obs_computed=4173  threat_obs_nonzero=4173  priority_block:demoted=1582  dominated_spread=634
[guards @ 4550 decisions] zero_damage:demoted=5880  guards_ran=4550  threat_obs_computed=4219  threat_obs_nonzero=4219  priority_block:demoted=1596  dominated_spread=646
[guards @ 4600 decisions] zero_damage:demoted=5958  guards_ran=4600  threat_obs_computed=4265  threat_obs_nonzero=4265  priority_block:demoted=1617  dominated_spread=654
[guards @ 4650 decisions] zero_damage:demoted=6010  guards_ran=4650  threat_obs_computed=4312  threat_obs_nonzero=4312  priority_block:demoted=1631  dominated_spread=659
[guards @ 4700 decisions] zero_damage:demoted=6088  guards_ran=4700  threat_obs_computed=4357  threat_obs_nonzero=4357  priority_block:demoted=1652  dominated_spread=668
[guards @ 4750 decisions] zero_damage:demoted=6140  guards_ran=4750  threat_obs_computed=4405  threat_obs_nonzero=4405  priority_block:demoted=1666  dominated_spread=676
[guards @ 4800 decisions] zero_damage:demoted=6218  guards_ran=4800  threat_obs_computed=4450  threat_obs_nonzero=4450  priority_block:demoted=1687  dominated_spread=683
[guards @ 4850 decisions] zero_damage:demoted=6270  guards_ran=4850  threat_obs_computed=4496  threat_obs_nonzero=4496  priority_block:demoted=1701  dominated_spread=689
[guards @ 4900 decisions] zero_damage:demoted=6322  guards_ran=4900  threat_obs_computed=4544  threat_obs_nonzero=4544  priority_block:demoted=1715  dominated_spread=697
[guards @ 4950 decisions] zero_damage:demoted=6374  guards_ran=4950  threat_obs_computed=4590  threat_obs_nonzero=4590  priority_block:demoted=1729  dominated_spread=705
[guards @ 5000 decisions] zero_damage:demoted=6452  guards_ran=5000  threat_obs_computed=4636  threat_obs_nonzero=4636  priority_block:demoted=1750  dominated_spread=707
[guards @ 5050 decisions] zero_damage:demoted=6530  guards_ran=5050  threat_obs_computed=4682  threat_obs_nonzero=4682  priority_block:demoted=1771  dominated_spread=720
[guards @ 5100 decisions] zero_damage:demoted=6608  guards_ran=5100  threat_obs_computed=4728  threat_obs_nonzero=4728  priority_block:demoted=1792  dominated_spread=724
[guards @ 5150 decisions] zero_damage:demoted=6660  guards_ran=5150  threat_obs_computed=4774  threat_obs_nonzero=4774  priority_block:demoted=1806  dominated_spread=731
[guards @ 5200 decisions] zero_damage:demoted=6712  guards_ran=5200  threat_obs_computed=4819  threat_obs_nonzero=4819  priority_block:demoted=1820  dominated_spread=734
[guards @ 5250 decisions] zero_damage:demoted=6764  guards_ran=5250  threat_obs_computed=4866  threat_obs_nonzero=4866  priority_block:demoted=1834  dominated_spread=742
[guards @ 5300 decisions] zero_damage:demoted=6816  guards_ran=5300  threat_obs_computed=4913  threat_obs_nonzero=4913  priority_block:demoted=1848  dominated_spread=750
[guards @ 5350 decisions] zero_damage:demoted=6868  guards_ran=5350  threat_obs_computed=4961  threat_obs_nonzero=4961  priority_block:demoted=1862  dominated_spread=756
[guards @ 5400 decisions] zero_damage:demoted=6920  guards_ran=5400  threat_obs_computed=5008  threat_obs_nonzero=5008  priority_block:demoted=1876  dominated_spread=763
[guards @ 5450 decisions] zero_damage:demoted=6972  guards_ran=5450  threat_obs_computed=5054  threat_obs_nonzero=5054  priority_block:demoted=1890  dominated_spread=769
[guards @ 5500 decisions] zero_damage:demoted=7050  guards_ran=5500  threat_obs_computed=5101  threat_obs_nonzero=5101  priority_block:demoted=1911  protect_spam:demoted=776
[guards @ 5550 decisions] zero_damage:demoted=7128  guards_ran=5550  threat_obs_computed=5147  threat_obs_nonzero=5147  priority_block:demoted=1932  dominated_spread=780
[guards @ 5600 decisions] zero_damage:demoted=7194  guards_ran=5600  threat_obs_computed=5193  threat_obs_nonzero=5193  priority_block:demoted=1953  dominated_spread=788
[guards @ 5650 decisions] zero_damage:demoted=7258  guards_ran=5650  threat_obs_computed=5239  threat_obs_nonzero=5239  priority_block:demoted=1967  protect_spam:demoted=800
[guards @ 5700 decisions] zero_damage:demoted=7336  guards_ran=5700  threat_obs_computed=5284  threat_obs_nonzero=5284  priority_block:demoted=1988  dominated_spread=804
[guards @ 5750 decisions] zero_damage:demoted=7388  guards_ran=5750  threat_obs_computed=5330  threat_obs_nonzero=5330  priority_block:demoted=2002  dominated_spread=808
[guards @ 5800 decisions] zero_damage:demoted=7466  guards_ran=5800  threat_obs_computed=5376  threat_obs_nonzero=5376  priority_block:demoted=2023  dominated_spread=818
[guards @ 5850 decisions] zero_damage:demoted=7518  guards_ran=5850  threat_obs_computed=5424  threat_obs_nonzero=5424  priority_block:demoted=2037  dominated_spread=823
[guards @ 5900 decisions] zero_damage:demoted=7596  guards_ran=5900  threat_obs_computed=5471  threat_obs_nonzero=5471  priority_block:demoted=2058  dominated_spread=832
[guards @ 5950 decisions] zero_damage:demoted=7648  guards_ran=5950  threat_obs_computed=5518  threat_obs_nonzero=5518  priority_block:demoted=2072  dominated_spread=840
[guards @ 6000 decisions] zero_damage:demoted=7700  guards_ran=6000  threat_obs_computed=5563  threat_obs_nonzero=5563  priority_block:demoted=2086  dominated_spread=846
[guards @ 6050 decisions] zero_damage:demoted=7766  guards_ran=6050  threat_obs_computed=5610  threat_obs_nonzero=5610  priority_block:demoted=2107  dominated_spread=851
[guards @ 6100 decisions] zero_damage:demoted=7830  guards_ran=6100  threat_obs_computed=5656  threat_obs_nonzero=5656  priority_block:demoted=2121  dominated_spread=857
[guards @ 6150 decisions] zero_damage:demoted=7922  guards_ran=6150  threat_obs_computed=5702  threat_obs_nonzero=5702  priority_block:demoted=2149  dominated_spread=867
[guards @ 6200 decisions] zero_damage:demoted=7986  guards_ran=6200  threat_obs_computed=5748  threat_obs_nonzero=5748  priority_block:demoted=2163  dominated_spread=878
[guards @ 6250 decisions] zero_damage:demoted=8038  guards_ran=6250  threat_obs_computed=5795  threat_obs_nonzero=5795  priority_block:demoted=2177  dominated_spread=887
[guards @ 6300 decisions] zero_damage:demoted=8078  guards_ran=6300  threat_obs_computed=5842  threat_obs_nonzero=5842  priority_block:demoted=2191  dominated_spread=891
[guards @ 6350 decisions] zero_damage:demoted=8116  guards_ran=6350  threat_obs_computed=5888  threat_obs_nonzero=5888  priority_block:demoted=2198  dominated_spread=895
[guards @ 6400 decisions] zero_damage:demoted=8182  guards_ran=6400  threat_obs_computed=5936  threat_obs_nonzero=5936  priority_block:demoted=2219  dominated_spread=900
[guards @ 6450 decisions] zero_damage:demoted=8246  guards_ran=6450  threat_obs_computed=5982  threat_obs_nonzero=5982  priority_block:demoted=2233  dominated_spread=906
[guards @ 6500 decisions] zero_damage:demoted=8324  guards_ran=6500  threat_obs_computed=6027  threat_obs_nonzero=6027  priority_block:demoted=2254  protect_spam:demoted=913
[guards @ 6550 decisions] zero_damage:demoted=8376  guards_ran=6550  threat_obs_computed=6075  threat_obs_nonzero=6075  priority_block:demoted=2268  protect_spam:demoted=926
[guards @ 6600 decisions] zero_damage:demoted=8454  guards_ran=6600  threat_obs_computed=6121  threat_obs_nonzero=6121  priority_block:demoted=2289  protect_spam:demoted=938
[guards @ 6650 decisions] zero_damage:demoted=8506  guards_ran=6650  threat_obs_computed=6169  threat_obs_nonzero=6169  priority_block:demoted=2303  protect_spam:demoted=943
[guards @ 6700 decisions] zero_damage:demoted=8558  guards_ran=6700  threat_obs_computed=6217  threat_obs_nonzero=6217  priority_block:demoted=2317  protect_spam:demoted=964
[guards @ 6750 decisions] zero_damage:demoted=8598  guards_ran=6750  threat_obs_computed=6266  threat_obs_nonzero=6266  priority_block:demoted=2331  protect_spam:demoted=974
[guards @ 6800 decisions] zero_damage:demoted=8662  guards_ran=6800  threat_obs_computed=6311  threat_obs_nonzero=6311  priority_block:demoted=2345  protect_spam:demoted=981
[guards @ 6850 decisions] zero_damage:demoted=8714  guards_ran=6850  threat_obs_computed=6357  threat_obs_nonzero=6357  priority_block:demoted=2359  protect_spam:demoted=983
[guards @ 6900 decisions] zero_damage:demoted=8780  guards_ran=6900  threat_obs_computed=6403  threat_obs_nonzero=6403  priority_block:demoted=2380  protect_spam:demoted=983
[guards @ 6950 decisions] zero_damage:demoted=8870  guards_ran=6950  threat_obs_computed=6447  threat_obs_nonzero=6447  priority_block:demoted=2401  protect_spam:demoted=983
[guards @ 7000 decisions] zero_damage:demoted=8922  guards_ran=7000  threat_obs_computed=6493  threat_obs_nonzero=6493  priority_block:demoted=2415  dominated_spread=983
[guards @ 7050 decisions] zero_damage:demoted=8974  guards_ran=7050  threat_obs_computed=6538  threat_obs_nonzero=6538  priority_block:demoted=2429  protect_spam:demoted=995
[guards @ 7100 decisions] zero_damage:demoted=9026  guards_ran=7100  threat_obs_computed=6586  threat_obs_nonzero=6586  priority_block:demoted=2443  protect_spam:demoted=1007
[guards @ 7150 decisions] zero_damage:demoted=9104  guards_ran=7150  threat_obs_computed=6633  threat_obs_nonzero=6633  priority_block:demoted=2464  protect_spam:demoted=1013
[guards @ 7200 decisions] zero_damage:demoted=9170  guards_ran=7200  threat_obs_computed=6679  threat_obs_nonzero=6679  priority_block:demoted=2485  protect_spam:demoted=1025
[guards @ 7250 decisions] zero_damage:demoted=9234  guards_ran=7250  threat_obs_computed=6724  threat_obs_nonzero=6724  priority_block:demoted=2499  protect_spam:demoted=1027
[guards @ 7300 decisions] zero_damage:demoted=9286  guards_ran=7300  threat_obs_computed=6771  threat_obs_nonzero=6771  priority_block:demoted=2513  protect_spam:demoted=1039
[guards @ 7350 decisions] zero_damage:demoted=9352  guards_ran=7350  threat_obs_computed=6819  threat_obs_nonzero=6819  priority_block:demoted=2534  protect_spam:demoted=1039
[guards @ 7400 decisions] zero_damage:demoted=9442  guards_ran=7400  threat_obs_computed=6863  threat_obs_nonzero=6863  priority_block:demoted=2555  protect_spam:demoted=1045
[guards @ 7450 decisions] zero_damage:demoted=9494  guards_ran=7450  threat_obs_computed=6910  threat_obs_nonzero=6910  priority_block:demoted=2569  protect_spam:demoted=1051
[guards @ 7500 decisions] zero_damage:demoted=9546  guards_ran=7500  threat_obs_computed=6957  threat_obs_nonzero=6957  priority_block:demoted=2583  protect_spam:demoted=1051
[guards @ 7550 decisions] zero_damage:demoted=9624  guards_ran=7550  threat_obs_computed=7003  threat_obs_nonzero=7003  priority_block:demoted=2604  dominated_spread=1053
[guards @ 7600 decisions] zero_damage:demoted=9650  guards_ran=7600  threat_obs_computed=7052  threat_obs_nonzero=7052  priority_block:demoted=2611  dominated_spread=1060
[guards @ 7650 decisions] zero_damage:demoted=9702  guards_ran=7650  threat_obs_computed=7098  threat_obs_nonzero=7098  priority_block:demoted=2625  dominated_spread=1064
[guards @ 7700 decisions] zero_damage:demoted=9780  guards_ran=7700  threat_obs_computed=7145  threat_obs_nonzero=7145  priority_block:demoted=2646  dominated_spread=1071
[guards @ 7750 decisions] zero_damage:demoted=9832  guards_ran=7750  threat_obs_computed=7192  threat_obs_nonzero=7192  priority_block:demoted=2660  protect_spam:demoted=1089
[guards @ 7800 decisions] zero_damage:demoted=9884  guards_ran=7800  threat_obs_computed=7240  threat_obs_nonzero=7240  priority_block:demoted=2674  protect_spam:demoted=1090
[guards @ 7850 decisions] zero_damage:demoted=9936  guards_ran=7850  threat_obs_computed=7286  threat_obs_nonzero=7286  priority_block:demoted=2688  dominated_spread=1091
[guards @ 7900 decisions] zero_damage:demoted=10002  guards_ran=7900  threat_obs_computed=7333  threat_obs_nonzero=7333  priority_block:demoted=2709  dominated_spread=1097
[guards @ 7950 decisions] zero_damage:demoted=10092  guards_ran=7950  threat_obs_computed=7378  threat_obs_nonzero=7378  priority_block:demoted=2730  dominated_spread=1104
[guards @ 8000 decisions] zero_damage:demoted=10144  guards_ran=8000  threat_obs_computed=7426  threat_obs_nonzero=7426  priority_block:demoted=2744  dominated_spread=1113
[guards @ 8050 decisions] zero_damage:demoted=10196  guards_ran=8050  threat_obs_computed=7473  threat_obs_nonzero=7473  priority_block:demoted=2758  dominated_spread=1127
[guards @ 8100 decisions] zero_damage:demoted=10248  guards_ran=8100  threat_obs_computed=7519  threat_obs_nonzero=7519  priority_block:demoted=2772  dominated_spread=1134
[guards @ 8150 decisions] zero_damage:demoted=10326  guards_ran=8150  threat_obs_computed=7565  threat_obs_nonzero=7565  priority_block:demoted=2793  dominated_spread=1141
[guards @ 8200 decisions] zero_damage:demoted=10378  guards_ran=8200  threat_obs_computed=7612  threat_obs_nonzero=7612  priority_block:demoted=2807  dominated_spread=1147
[guards @ 8250 decisions] zero_damage:demoted=10470  guards_ran=8250  threat_obs_computed=7658  threat_obs_nonzero=7658  priority_block:demoted=2835  dominated_spread=1153
[guards @ 8300 decisions] zero_damage:demoted=10534  guards_ran=8300  threat_obs_computed=7703  threat_obs_nonzero=7703  priority_block:demoted=2849  dominated_spread=1164
[guards @ 8350 decisions] zero_damage:demoted=10612  guards_ran=8350  threat_obs_computed=7748  threat_obs_nonzero=7748  priority_block:demoted=2870  dominated_spread=1172
[guards @ 8400 decisions] zero_damage:demoted=10678  guards_ran=8400  threat_obs_computed=7795  threat_obs_nonzero=7795  priority_block:demoted=2891  dominated_spread=1178
[guards @ 8450 decisions] zero_damage:demoted=10742  guards_ran=8450  threat_obs_computed=7842  threat_obs_nonzero=7842  priority_block:demoted=2905  dominated_spread=1184
[guards @ 8500 decisions] zero_damage:demoted=10820  guards_ran=8500  threat_obs_computed=7888  threat_obs_nonzero=7888  priority_block:demoted=2926  dominated_spread=1189
[guards @ 8550 decisions] zero_damage:demoted=10886  guards_ran=8550  threat_obs_computed=7935  threat_obs_nonzero=7935  priority_block:demoted=2947  dominated_spread=1194
[guards @ 8600 decisions] zero_damage:demoted=10950  guards_ran=8600  threat_obs_computed=7981  threat_obs_nonzero=7981  priority_block:demoted=2961  dominated_spread=1201
[guards @ 8650 decisions] zero_damage:demoted=11054  guards_ran=8650  threat_obs_computed=8027  threat_obs_nonzero=8027  priority_block:demoted=2989  dominated_spread=1211
[guards @ 8700 decisions] zero_damage:demoted=11106  guards_ran=8700  threat_obs_computed=8073  threat_obs_nonzero=8073  priority_block:demoted=3003  dominated_spread=1221
[guards @ 8750 decisions] zero_damage:demoted=11158  guards_ran=8750  threat_obs_computed=8120  threat_obs_nonzero=8120  priority_block:demoted=3017  protect_spam:demoted=1229
[guards @ 8800 decisions] zero_damage:demoted=11236  guards_ran=8800  threat_obs_computed=8167  threat_obs_nonzero=8167  priority_block:demoted=3038  protect_spam:demoted=1238
[guards @ 8850 decisions] zero_damage:demoted=11288  guards_ran=8850  threat_obs_computed=8213  threat_obs_nonzero=8213  priority_block:demoted=3052  protect_spam:demoted=1256
[guards @ 8900 decisions] zero_damage:demoted=11314  guards_ran=8900  threat_obs_computed=8259  threat_obs_nonzero=8259  priority_block:demoted=3059  protect_spam:demoted=1269
[guards @ 8950 decisions] zero_damage:demoted=11392  guards_ran=8950  threat_obs_computed=8305  threat_obs_nonzero=8305  priority_block:demoted=3080  protect_spam:demoted=1276
[guards @ 9000 decisions] zero_damage:demoted=11444  guards_ran=9000  threat_obs_computed=8350  threat_obs_nonzero=8350  priority_block:demoted=3094  protect_spam:demoted=1277
[guards @ 9050 decisions] zero_damage:demoted=11522  guards_ran=9050  threat_obs_computed=8394  threat_obs_nonzero=8394  priority_block:demoted=3115  protect_spam:demoted=1284
[guards @ 9100 decisions] zero_damage:demoted=11574  guards_ran=9100  threat_obs_computed=8440  threat_obs_nonzero=8440  priority_block:demoted=3129  protect_spam:demoted=1292
[guards @ 9150 decisions] zero_damage:demoted=11626  guards_ran=9150  threat_obs_computed=8488  threat_obs_nonzero=8488  priority_block:demoted=3143  protect_spam:demoted=1303
[guards @ 9200 decisions] zero_damage:demoted=11678  guards_ran=9200  threat_obs_computed=8535  threat_obs_nonzero=8535  priority_block:demoted=3157  protect_spam:demoted=1310
[guards @ 9250 decisions] zero_damage:demoted=11730  guards_ran=9250  threat_obs_computed=8582  threat_obs_nonzero=8582  priority_block:demoted=3171  protect_spam:demoted=1324
[guards @ 9300 decisions] zero_damage:demoted=11782  guards_ran=9300  threat_obs_computed=8628  threat_obs_nonzero=8628  priority_block:demoted=3185  protect_spam:demoted=1327
[guards @ 9350 decisions] zero_damage:demoted=11860  guards_ran=9350  threat_obs_computed=8675  threat_obs_nonzero=8675  priority_block:demoted=3206  protect_spam:demoted=1334
[guards @ 9400 decisions] zero_damage:demoted=11926  guards_ran=9400  threat_obs_computed=8723  threat_obs_nonzero=8723  priority_block:demoted=3227  protect_spam:demoted=1340
[guards @ 9450 decisions] zero_damage:demoted=12004  guards_ran=9450  threat_obs_computed=8768  threat_obs_nonzero=8768  priority_block:demoted=3248  protect_spam:demoted=1341
[guards @ 9500 decisions] zero_damage:demoted=12068  guards_ran=9500  threat_obs_computed=8814  threat_obs_nonzero=8814  priority_block:demoted=3262  protect_spam:demoted=1359
[guards @ 9550 decisions] zero_damage:demoted=12120  guards_ran=9550  threat_obs_computed=8861  threat_obs_nonzero=8861  priority_block:demoted=3276  protect_spam:demoted=1367
[guards @ 9600 decisions] zero_damage:demoted=12198  guards_ran=9600  threat_obs_computed=8907  threat_obs_nonzero=8907  priority_block:demoted=3297  protect_spam:demoted=1373
[guards @ 9650 decisions] zero_damage:demoted=12276  guards_ran=9650  threat_obs_computed=8954  threat_obs_nonzero=8954  priority_block:demoted=3318  protect_spam:demoted=1381
[guards @ 9700 decisions] zero_damage:demoted=12342  guards_ran=9700  threat_obs_computed=9001  threat_obs_nonzero=9001  priority_block:demoted=3339  protect_spam:demoted=1381
[guards @ 9750 decisions] zero_damage:demoted=12406  guards_ran=9750  threat_obs_computed=9046  threat_obs_nonzero=9046  priority_block:demoted=3353  protect_spam:demoted=1393
[guards @ 9800 decisions] zero_damage:demoted=12484  guards_ran=9800  threat_obs_computed=9090  threat_obs_nonzero=9090  priority_block:demoted=3374  protect_spam:demoted=1411
[guards @ 9850 decisions] zero_damage:demoted=12536  guards_ran=9850  threat_obs_computed=9138  threat_obs_nonzero=9138  priority_block:demoted=3388  protect_spam:demoted=1423
[guards @ 9900 decisions] zero_damage:demoted=12588  guards_ran=9900  threat_obs_computed=9186  threat_obs_nonzero=9186  priority_block:demoted=3402  protect_spam:demoted=1437
[guards @ 9950 decisions] zero_damage:demoted=12666  guards_ran=9950  threat_obs_computed=9230  threat_obs_nonzero=9230  priority_block:demoted=3423  protect_spam:demoted=1443
[guards @ 10000 decisions] zero_damage:demoted=12744  guards_ran=10000  threat_obs_computed=9276  threat_obs_nonzero=9276  priority_block:demoted=3444  protect_spam:demoted=1443
[guards @ 10050 decisions] zero_damage:demoted=12796  guards_ran=10050  threat_obs_computed=9321  threat_obs_nonzero=9321  priority_block:demoted=3458  protect_spam:demoted=1450
[guards @ 10100 decisions] zero_damage:demoted=12874  guards_ran=10100  threat_obs_computed=9367  threat_obs_nonzero=9367  priority_block:demoted=3479  protect_spam:demoted=1450
[guards @ 10150 decisions] zero_damage:demoted=12952  guards_ran=10150  threat_obs_computed=9414  threat_obs_nonzero=9414  priority_block:demoted=3500  protect_spam:demoted=1452
[guards @ 10200 decisions] zero_damage:demoted=13004  guards_ran=10200  threat_obs_computed=9460  threat_obs_nonzero=9460  priority_block:demoted=3514  protect_spam:demoted=1465
block hidden=False a_first=True: A 240.0/500; running A 48.0% [43.7, 52.4]
[guards @ 10250 decisions] zero_damage:demoted=92  priority_block:demoted=28  guards_ran=26  threat_obs_computed=23  threat_obs_nonzero=23  learned_preview=8
[guards @ 10300 decisions] zero_damage:demoted=144  guards_ran=76  threat_obs_computed=68  threat_obs_nonzero=68  priority_block:demoted=42  dominated_spread=15
[guards @ 10350 decisions] zero_damage:demoted=182  guards_ran=126  threat_obs_computed=116  threat_obs_nonzero=116  priority_block:demoted=49  protect_spam:demoted=33
[guards @ 10400 decisions] zero_damage:demoted=234  guards_ran=176  threat_obs_computed=163  threat_obs_nonzero=163  priority_block:demoted=63  protect_spam:demoted=40
[guards @ 10450 decisions] zero_damage:demoted=286  guards_ran=226  threat_obs_computed=210  threat_obs_nonzero=210  priority_block:demoted=77  protect_spam:demoted=47
[guards @ 10500 decisions] zero_damage:demoted=338  guards_ran=276  threat_obs_computed=258  threat_obs_nonzero=258  priority_block:demoted=91  protect_spam:demoted=62
[guards @ 10550 decisions] zero_damage:demoted=416  guards_ran=326  threat_obs_computed=304  threat_obs_nonzero=304  priority_block:demoted=112  dominated_weather_ball:demoted=72
[guards @ 10600 decisions] zero_damage:demoted=494  guards_ran=376  threat_obs_computed=351  threat_obs_nonzero=351  priority_block:demoted=133  dominated_weather_ball:demoted=72
[guards @ 10650 decisions] zero_damage:demoted=546  guards_ran=426  threat_obs_computed=397  threat_obs_nonzero=397  priority_block:demoted=147  protect_spam:demoted=83
[guards @ 10700 decisions] zero_damage:demoted=624  guards_ran=476  threat_obs_computed=444  threat_obs_nonzero=444  priority_block:demoted=168  protect_spam:demoted=86
[guards @ 10750 decisions] zero_damage:demoted=702  guards_ran=526  threat_obs_computed=489  threat_obs_nonzero=489  priority_block:demoted=189  protect_spam:demoted=98
[guards @ 10800 decisions] zero_damage:demoted=754  guards_ran=576  threat_obs_computed=535  threat_obs_nonzero=535  priority_block:demoted=203  protect_spam:demoted=98
[guards @ 10850 decisions] zero_damage:demoted=820  guards_ran=626  threat_obs_computed=583  threat_obs_nonzero=583  priority_block:demoted=224  protect_spam:demoted=104
[guards @ 10900 decisions] zero_damage:demoted=884  guards_ran=676  threat_obs_computed=628  threat_obs_nonzero=628  priority_block:demoted=238  protect_spam:demoted=118
[guards @ 10950 decisions] zero_damage:demoted=936  guards_ran=726  threat_obs_computed=676  threat_obs_nonzero=676  priority_block:demoted=252  protect_spam:demoted=124
[guards @ 11000 decisions] zero_damage:demoted=1002  guards_ran=776  threat_obs_computed=723  threat_obs_nonzero=723  priority_block:demoted=273  protect_spam:demoted=130
[guards @ 11050 decisions] zero_damage:demoted=1054  guards_ran=826  threat_obs_computed=771  threat_obs_nonzero=771  priority_block:demoted=287  protect_spam:demoted=136
[guards @ 11100 decisions] zero_damage:demoted=1118  guards_ran=876  threat_obs_computed=818  threat_obs_nonzero=818  priority_block:demoted=301  protect_spam:demoted=139
[guards @ 11150 decisions] zero_damage:demoted=1196  guards_ran=926  threat_obs_computed=864  threat_obs_nonzero=864  priority_block:demoted=322  protect_spam:demoted=159
[guards @ 11200 decisions] zero_damage:demoted=1248  guards_ran=976  threat_obs_computed=911  threat_obs_nonzero=911  priority_block:demoted=336  protect_spam:demoted=171
[guards @ 11250 decisions] zero_damage:demoted=1314  guards_ran=1026  threat_obs_computed=956  threat_obs_nonzero=956  priority_block:demoted=357  protect_spam:demoted=183
[guards @ 11300 decisions] zero_damage:demoted=1378  guards_ran=1076  threat_obs_computed=1002  threat_obs_nonzero=1002  priority_block:demoted=371  protect_spam:demoted=183
[guards @ 11350 decisions] zero_damage:demoted=1430  guards_ran=1126  threat_obs_computed=1048  threat_obs_nonzero=1048  priority_block:demoted=385  protect_spam:demoted=196
[guards @ 11400 decisions] zero_damage:demoted=1508  guards_ran=1176  threat_obs_computed=1095  threat_obs_nonzero=1095  priority_block:demoted=406  protect_spam:demoted=208
[guards @ 11450 decisions] zero_damage:demoted=1560  guards_ran=1226  threat_obs_computed=1143  threat_obs_nonzero=1143  priority_block:demoted=420  protect_spam:demoted=214
[guards @ 11500 decisions] zero_damage:demoted=1612  guards_ran=1276  threat_obs_computed=1190  threat_obs_nonzero=1190  priority_block:demoted=434  protect_spam:demoted=221
[guards @ 11550 decisions] zero_damage:demoted=1664  guards_ran=1326  threat_obs_computed=1235  threat_obs_nonzero=1235  priority_block:demoted=448  protect_spam:demoted=225
[guards @ 11600 decisions] zero_damage:demoted=1716  guards_ran=1376  threat_obs_computed=1281  threat_obs_nonzero=1281  priority_block:demoted=462  protect_spam:demoted=243
[guards @ 11650 decisions] zero_damage:demoted=1768  guards_ran=1426  threat_obs_computed=1329  threat_obs_nonzero=1329  priority_block:demoted=476  protect_spam:demoted=267
[guards @ 11700 decisions] zero_damage:demoted=1846  guards_ran=1476  threat_obs_computed=1374  threat_obs_nonzero=1374  priority_block:demoted=497  protect_spam:demoted=267
[guards @ 11750 decisions] zero_damage:demoted=1898  guards_ran=1526  threat_obs_computed=1421  threat_obs_nonzero=1421  priority_block:demoted=511  protect_spam:demoted=273
[guards @ 11800 decisions] zero_damage:demoted=1976  guards_ran=1576  threat_obs_computed=1466  threat_obs_nonzero=1466  priority_block:demoted=532  protect_spam:demoted=273
[guards @ 11850 decisions] zero_damage:demoted=2054  guards_ran=1626  threat_obs_computed=1511  threat_obs_nonzero=1511  priority_block:demoted=553  protect_spam:demoted=280
[guards @ 11900 decisions] zero_damage:demoted=2132  guards_ran=1676  threat_obs_computed=1556  threat_obs_nonzero=1556  priority_block:demoted=574  protect_spam:demoted=282
[guards @ 11950 decisions] zero_damage:demoted=2186  guards_ran=1726  threat_obs_computed=1604  threat_obs_nonzero=1604  priority_block:demoted=595  protect_spam:demoted=301
[guards @ 12000 decisions] zero_damage:demoted=2238  guards_ran=1776  threat_obs_computed=1652  threat_obs_nonzero=1652  priority_block:demoted=609  protect_spam:demoted=311
[guards @ 12050 decisions] zero_damage:demoted=2290  guards_ran=1826  threat_obs_computed=1698  threat_obs_nonzero=1698  priority_block:demoted=623  protect_spam:demoted=322
[guards @ 12100 decisions] zero_damage:demoted=2342  guards_ran=1876  threat_obs_computed=1745  threat_obs_nonzero=1745  priority_block:demoted=637  protect_spam:demoted=330
[guards @ 12150 decisions] zero_damage:demoted=2394  guards_ran=1926  threat_obs_computed=1791  threat_obs_nonzero=1791  priority_block:demoted=651  protect_spam:demoted=336
[guards @ 12200 decisions] zero_damage:demoted=2446  guards_ran=1976  threat_obs_computed=1838  threat_obs_nonzero=1838  priority_block:demoted=665  protect_spam:demoted=351
[guards @ 12250 decisions] zero_damage:demoted=2524  guards_ran=2026  threat_obs_computed=1884  threat_obs_nonzero=1884  priority_block:demoted=686  protect_spam:demoted=364
[guards @ 12300 decisions] zero_damage:demoted=2590  guards_ran=2076  threat_obs_computed=1931  threat_obs_nonzero=1931  priority_block:demoted=707  protect_spam:demoted=371
[guards @ 12350 decisions] zero_damage:demoted=2654  guards_ran=2126  threat_obs_computed=1978  threat_obs_nonzero=1978  priority_block:demoted=721  protect_spam:demoted=377
[guards @ 12400 decisions] zero_damage:demoted=2746  guards_ran=2176  threat_obs_computed=2025  threat_obs_nonzero=2025  priority_block:demoted=749  protect_spam:demoted=389
[guards @ 12450 decisions] zero_damage:demoted=2810  guards_ran=2226  threat_obs_computed=2072  threat_obs_nonzero=2072  priority_block:demoted=763  protect_spam:demoted=401
[guards @ 12500 decisions] zero_damage:demoted=2862  guards_ran=2276  threat_obs_computed=2119  threat_obs_nonzero=2119  priority_block:demoted=777  protect_spam:demoted=402
[guards @ 12550 decisions] zero_damage:demoted=2940  guards_ran=2326  threat_obs_computed=2163  threat_obs_nonzero=2163  priority_block:demoted=798  protect_spam:demoted=402
[guards @ 12600 decisions] zero_damage:demoted=2992  guards_ran=2376  threat_obs_computed=2210  threat_obs_nonzero=2210  priority_block:demoted=812  protect_spam:demoted=414
[guards @ 12650 decisions] zero_damage:demoted=3070  guards_ran=2426  threat_obs_computed=2255  threat_obs_nonzero=2255  priority_block:demoted=833  protect_spam:demoted=414
[guards @ 12700 decisions] zero_damage:demoted=3148  guards_ran=2476  threat_obs_computed=2301  threat_obs_nonzero=2301  priority_block:demoted=854  protect_spam:demoted=426
[guards @ 12750 decisions] zero_damage:demoted=3214  guards_ran=2526  threat_obs_computed=2349  threat_obs_nonzero=2349  priority_block:demoted=875  protect_spam:demoted=428
[guards @ 12800 decisions] zero_damage:demoted=3278  guards_ran=2576  threat_obs_computed=2396  threat_obs_nonzero=2396  priority_block:demoted=889  protect_spam:demoted=435
[guards @ 12850 decisions] zero_damage:demoted=3330  guards_ran=2626  threat_obs_computed=2442  threat_obs_nonzero=2442  priority_block:demoted=903  protect_spam:demoted=436
[guards @ 12900 decisions] zero_damage:demoted=3396  guards_ran=2676  threat_obs_computed=2487  threat_obs_nonzero=2487  priority_block:demoted=924  protect_spam:demoted=437
[guards @ 12950 decisions] zero_damage:demoted=3460  guards_ran=2726  threat_obs_computed=2534  threat_obs_nonzero=2534  priority_block:demoted=938  protect_spam:demoted=443
[guards @ 13000 decisions] zero_damage:demoted=3512  guards_ran=2776  threat_obs_computed=2580  threat_obs_nonzero=2580  priority_block:demoted=952  protect_spam:demoted=451
[guards @ 13050 decisions] zero_damage:demoted=3578  guards_ran=2826  threat_obs_computed=2628  threat_obs_nonzero=2628  priority_block:demoted=973  protect_spam:demoted=457
[guards @ 13100 decisions] zero_damage:demoted=3642  guards_ran=2876  threat_obs_computed=2675  threat_obs_nonzero=2675  priority_block:demoted=987  protect_spam:demoted=469
[guards @ 13150 decisions] zero_damage:demoted=3694  guards_ran=2926  threat_obs_computed=2723  threat_obs_nonzero=2723  priority_block:demoted=1001  protect_spam:demoted=469
[guards @ 13200 decisions] zero_damage:demoted=3772  guards_ran=2976  threat_obs_computed=2770  threat_obs_nonzero=2770  priority_block:demoted=1022  protect_spam:demoted=469
[guards @ 13250 decisions] zero_damage:demoted=3850  guards_ran=3026  threat_obs_computed=2817  threat_obs_nonzero=2817  priority_block:demoted=1043  protect_spam:demoted=476
[guards @ 13300 decisions] zero_damage:demoted=3928  guards_ran=3076  threat_obs_computed=2862  threat_obs_nonzero=2862  priority_block:demoted=1064  protect_spam:demoted=477
[guards @ 13350 decisions] zero_damage:demoted=3994  guards_ran=3126  threat_obs_computed=2910  threat_obs_nonzero=2910  priority_block:demoted=1085  protect_spam:demoted=489
[guards @ 13400 decisions] zero_damage:demoted=4032  guards_ran=3176  threat_obs_computed=2958  threat_obs_nonzero=2958  priority_block:demoted=1092  protect_spam:demoted=497
[guards @ 13450 decisions] zero_damage:demoted=4110  guards_ran=3226  threat_obs_computed=3004  threat_obs_nonzero=3004  priority_block:demoted=1113  protect_spam:demoted=504
[guards @ 13500 decisions] zero_damage:demoted=4188  guards_ran=3276  threat_obs_computed=3048  threat_obs_nonzero=3048  priority_block:demoted=1134  protect_spam:demoted=510
[guards @ 13550 decisions] zero_damage:demoted=4266  guards_ran=3326  threat_obs_computed=3093  threat_obs_nonzero=3093  priority_block:demoted=1155  protect_spam:demoted=511
[guards @ 13600 decisions] zero_damage:demoted=4346  guards_ran=3376  threat_obs_computed=3141  threat_obs_nonzero=3141  priority_block:demoted=1183  protect_spam:demoted=523
[guards @ 13650 decisions] zero_damage:demoted=4398  guards_ran=3426  threat_obs_computed=3189  threat_obs_nonzero=3189  priority_block:demoted=1197  protect_spam:demoted=537
[guards @ 13700 decisions] zero_damage:demoted=4450  guards_ran=3476  threat_obs_computed=3234  threat_obs_nonzero=3234  priority_block:demoted=1211  protect_spam:demoted=549
[guards @ 13750 decisions] zero_damage:demoted=4502  guards_ran=3526  threat_obs_computed=3281  threat_obs_nonzero=3281  priority_block:demoted=1225  protect_spam:demoted=555
[guards @ 13800 decisions] zero_damage:demoted=4554  guards_ran=3576  threat_obs_computed=3328  threat_obs_nonzero=3328  priority_block:demoted=1239  protect_spam:demoted=557
[guards @ 13850 decisions] zero_damage:demoted=4620  guards_ran=3626  threat_obs_computed=3375  threat_obs_nonzero=3375  priority_block:demoted=1260  protect_spam:demoted=557
[guards @ 13900 decisions] zero_damage:demoted=4684  guards_ran=3676  threat_obs_computed=3422  threat_obs_nonzero=3422  priority_block:demoted=1274  protect_spam:demoted=563
[guards @ 13950 decisions] zero_damage:demoted=4736  guards_ran=3726  threat_obs_computed=3470  threat_obs_nonzero=3470  priority_block:demoted=1288  protect_spam:demoted=578
[guards @ 14000 decisions] zero_damage:demoted=4788  guards_ran=3776  threat_obs_computed=3517  threat_obs_nonzero=3517  priority_block:demoted=1302  protect_spam:demoted=588
[guards @ 14050 decisions] zero_damage:demoted=4866  guards_ran=3826  threat_obs_computed=3564  threat_obs_nonzero=3564  priority_block:demoted=1323  protect_spam:demoted=601
[guards @ 14100 decisions] zero_damage:demoted=4918  guards_ran=3876  threat_obs_computed=3611  threat_obs_nonzero=3611  priority_block:demoted=1337  protect_spam:demoted=625
[guards @ 14150 decisions] zero_damage:demoted=4970  guards_ran=3926  threat_obs_computed=3656  threat_obs_nonzero=3656  priority_block:demoted=1351  protect_spam:demoted=632
[guards @ 14200 decisions] zero_damage:demoted=5048  guards_ran=3976  threat_obs_computed=3702  threat_obs_nonzero=3702  priority_block:demoted=1372  protect_spam:demoted=645
[guards @ 14250 decisions] zero_damage:demoted=5126  guards_ran=4026  threat_obs_computed=3749  threat_obs_nonzero=3749  priority_block:demoted=1393  protect_spam:demoted=663
[guards @ 14300 decisions] zero_damage:demoted=5178  guards_ran=4076  threat_obs_computed=3795  threat_obs_nonzero=3795  priority_block:demoted=1407  protect_spam:demoted=672
[guards @ 14350 decisions] zero_damage:demoted=5256  guards_ran=4126  threat_obs_computed=3842  threat_obs_nonzero=3842  priority_block:demoted=1428  protect_spam:demoted=672
[guards @ 14400 decisions] zero_damage:demoted=5308  guards_ran=4176  threat_obs_computed=3888  threat_obs_nonzero=3888  priority_block:demoted=1442  protect_spam:demoted=679
[guards @ 14450 decisions] zero_damage:demoted=5360  guards_ran=4226  threat_obs_computed=3935  threat_obs_nonzero=3935  priority_block:demoted=1456  protect_spam:demoted=687
[guards @ 14500 decisions] zero_damage:demoted=5438  guards_ran=4276  threat_obs_computed=3981  threat_obs_nonzero=3981  priority_block:demoted=1477  protect_spam:demoted=693
[guards @ 14550 decisions] zero_damage:demoted=5490  guards_ran=4326  threat_obs_computed=4028  threat_obs_nonzero=4028  priority_block:demoted=1491  protect_spam:demoted=700
[guards @ 14600 decisions] zero_damage:demoted=5568  guards_ran=4376  threat_obs_computed=4073  threat_obs_nonzero=4073  priority_block:demoted=1512  protect_spam:demoted=714
[guards @ 14650 decisions] zero_damage:demoted=5620  guards_ran=4426  threat_obs_computed=4120  threat_obs_nonzero=4120  priority_block:demoted=1526  protect_spam:demoted=721
[guards @ 14700 decisions] zero_damage:demoted=5672  guards_ran=4476  threat_obs_computed=4167  threat_obs_nonzero=4167  priority_block:demoted=1540  protect_spam:demoted=722
[guards @ 14750 decisions] zero_damage:demoted=5750  guards_ran=4526  threat_obs_computed=4214  threat_obs_nonzero=4214  priority_block:demoted=1561  protect_spam:demoted=729
[guards @ 14800 decisions] zero_damage:demoted=5816  guards_ran=4576  threat_obs_computed=4262  threat_obs_nonzero=4262  priority_block:demoted=1582  protect_spam:demoted=741
[guards @ 14850 decisions] zero_damage:demoted=5880  guards_ran=4626  threat_obs_computed=4308  threat_obs_nonzero=4308  priority_block:demoted=1596  protect_spam:demoted=754
[guards @ 14900 decisions] zero_damage:demoted=5932  guards_ran=4676  threat_obs_computed=4356  threat_obs_nonzero=4356  priority_block:demoted=1610  protect_spam:demoted=762
[guards @ 14950 decisions] zero_damage:demoted=6010  guards_ran=4726  threat_obs_computed=4403  threat_obs_nonzero=4403  priority_block:demoted=1631  protect_spam:demoted=763
[guards @ 15000 decisions] zero_damage:demoted=6088  guards_ran=4776  threat_obs_computed=4448  threat_obs_nonzero=4448  priority_block:demoted=1652  protect_spam:demoted=775
[guards @ 15050 decisions] zero_damage:demoted=6140  guards_ran=4826  threat_obs_computed=4494  threat_obs_nonzero=4494  priority_block:demoted=1666  protect_spam:demoted=787
[guards @ 15100 decisions] zero_damage:demoted=6218  guards_ran=4876  threat_obs_computed=4539  threat_obs_nonzero=4539  priority_block:demoted=1687  protect_spam:demoted=794
[guards @ 15150 decisions] zero_damage:demoted=6296  guards_ran=4926  threat_obs_computed=4584  threat_obs_nonzero=4584  priority_block:demoted=1708  protect_spam:demoted=794
[guards @ 15200 decisions] zero_damage:demoted=6348  guards_ran=4976  threat_obs_computed=4631  threat_obs_nonzero=4631  priority_block:demoted=1722  protect_spam:demoted=800
[guards @ 15250 decisions] zero_damage:demoted=6426  guards_ran=5026  threat_obs_computed=4677  threat_obs_nonzero=4677  priority_block:demoted=1743  protect_spam:demoted=807
[guards @ 15300 decisions] zero_damage:demoted=6478  guards_ran=5076  threat_obs_computed=4725  threat_obs_nonzero=4725  priority_block:demoted=1757  protect_spam:demoted=813
[guards @ 15350 decisions] zero_damage:demoted=6530  guards_ran=5126  threat_obs_computed=4773  threat_obs_nonzero=4773  priority_block:demoted=1771  protect_spam:demoted=838
[guards @ 15400 decisions] zero_damage:demoted=6596  guards_ran=5176  threat_obs_computed=4820  threat_obs_nonzero=4820  priority_block:demoted=1792  protect_spam:demoted=851
[guards @ 15450 decisions] zero_damage:demoted=6660  guards_ran=5226  threat_obs_computed=4866  threat_obs_nonzero=4866  priority_block:demoted=1806  protect_spam:demoted=853
[guards @ 15500 decisions] zero_damage:demoted=6712  guards_ran=5276  threat_obs_computed=4912  threat_obs_nonzero=4912  priority_block:demoted=1820  protect_spam:demoted=854
[guards @ 15550 decisions] zero_damage:demoted=6790  guards_ran=5326  threat_obs_computed=4957  threat_obs_nonzero=4957  priority_block:demoted=1841  protect_spam:demoted=861
[guards @ 15600 decisions] zero_damage:demoted=6868  guards_ran=5376  threat_obs_computed=5002  threat_obs_nonzero=5002  priority_block:demoted=1862  protect_spam:demoted=865
[guards @ 15650 decisions] zero_damage:demoted=6920  guards_ran=5426  threat_obs_computed=5049  threat_obs_nonzero=5049  priority_block:demoted=1876  protect_spam:demoted=869
[guards @ 15700 decisions] zero_damage:demoted=6972  guards_ran=5476  threat_obs_computed=5097  threat_obs_nonzero=5097  priority_block:demoted=1890  protect_spam:demoted=874
[guards @ 15750 decisions] zero_damage:demoted=7024  guards_ran=5526  threat_obs_computed=5144  threat_obs_nonzero=5144  priority_block:demoted=1904  protect_spam:demoted=876
[guards @ 15800 decisions] zero_damage:demoted=7102  guards_ran=5576  threat_obs_computed=5188  threat_obs_nonzero=5188  priority_block:demoted=1925  protect_spam:demoted=876
[guards @ 15850 decisions] zero_damage:demoted=7154  guards_ran=5626  threat_obs_computed=5236  threat_obs_nonzero=5236  priority_block:demoted=1939  protect_spam:demoted=876
[guards @ 15900 decisions] zero_damage:demoted=7206  guards_ran=5676  threat_obs_computed=5283  threat_obs_nonzero=5283  priority_block:demoted=1953  protect_spam:demoted=890
[guards @ 15950 decisions] zero_damage:demoted=7258  guards_ran=5726  threat_obs_computed=5331  threat_obs_nonzero=5331  priority_block:demoted=1967  protect_spam:demoted=902
[guards @ 16000 decisions] zero_damage:demoted=7310  guards_ran=5776  threat_obs_computed=5379  threat_obs_nonzero=5379  priority_block:demoted=1981  protect_spam:demoted=908
[guards @ 16050 decisions] zero_damage:demoted=7376  guards_ran=5826  threat_obs_computed=5426  threat_obs_nonzero=5426  priority_block:demoted=2002  protect_spam:demoted=927
[guards @ 16100 decisions] zero_damage:demoted=7440  guards_ran=5876  threat_obs_computed=5471  threat_obs_nonzero=5471  priority_block:demoted=2016  protect_spam:demoted=934
[guards @ 16150 decisions] zero_damage:demoted=7506  guards_ran=5926  threat_obs_computed=5517  threat_obs_nonzero=5517  priority_block:demoted=2037  protect_spam:demoted=934
[guards @ 16200 decisions] zero_damage:demoted=7570  guards_ran=5976  threat_obs_computed=5563  threat_obs_nonzero=5563  priority_block:demoted=2051  protect_spam:demoted=935
[guards @ 16250 decisions] zero_damage:demoted=7648  guards_ran=6026  threat_obs_computed=5610  threat_obs_nonzero=5610  priority_block:demoted=2072  protect_spam:demoted=947
[guards @ 16300 decisions] zero_damage:demoted=7726  guards_ran=6076  threat_obs_computed=5656  threat_obs_nonzero=5656  priority_block:demoted=2093  protect_spam:demoted=948
[guards @ 16350 decisions] zero_damage:demoted=7778  guards_ran=6126  threat_obs_computed=5703  threat_obs_nonzero=5703  priority_block:demoted=2107  protect_spam:demoted=955
[guards @ 16400 decisions] zero_damage:demoted=7830  guards_ran=6176  threat_obs_computed=5749  threat_obs_nonzero=5749  priority_block:demoted=2121  protect_spam:demoted=963
[guards @ 16450 decisions] zero_damage:demoted=7896  guards_ran=6226  threat_obs_computed=5795  threat_obs_nonzero=5795  priority_block:demoted=2142  protect_spam:demoted=965
[guards @ 16500 decisions] zero_damage:demoted=7960  guards_ran=6276  threat_obs_computed=5840  threat_obs_nonzero=5840  priority_block:demoted=2156  protect_spam:demoted=972
[guards @ 16550 decisions] zero_damage:demoted=8038  guards_ran=6326  threat_obs_computed=5887  threat_obs_nonzero=5887  priority_block:demoted=2177  protect_spam:demoted=986
[guards @ 16600 decisions] zero_damage:demoted=8116  guards_ran=6376  threat_obs_computed=5932  threat_obs_nonzero=5932  priority_block:demoted=2198  protect_spam:demoted=998
[guards @ 16650 decisions] zero_damage:demoted=8194  guards_ran=6426  threat_obs_computed=5979  threat_obs_nonzero=5979  priority_block:demoted=2219  protect_spam:demoted=999
[guards @ 16700 decisions] zero_damage:demoted=8234  guards_ran=6476  threat_obs_computed=6023  threat_obs_nonzero=6023  priority_block:demoted=2233  protect_spam:demoted=1006
[guards @ 16750 decisions] zero_damage:demoted=8272  guards_ran=6526  threat_obs_computed=6071  threat_obs_nonzero=6071  priority_block:demoted=2240  protect_spam:demoted=1018
[guards @ 16800 decisions] zero_damage:demoted=8324  guards_ran=6576  threat_obs_computed=6117  threat_obs_nonzero=6117  priority_block:demoted=2254  protect_spam:demoted=1030
[guards @ 16850 decisions] zero_damage:demoted=8390  guards_ran=6626  threat_obs_computed=6164  threat_obs_nonzero=6164  priority_block:demoted=2275  protect_spam:demoted=1031
[guards @ 16900 decisions] zero_damage:demoted=8454  guards_ran=6676  threat_obs_computed=6210  threat_obs_nonzero=6210  priority_block:demoted=2289  protect_spam:demoted=1032
[guards @ 16950 decisions] zero_damage:demoted=8506  guards_ran=6726  threat_obs_computed=6258  threat_obs_nonzero=6258  priority_block:demoted=2303  protect_spam:demoted=1039
[guards @ 17000 decisions] zero_damage:demoted=8584  guards_ran=6776  threat_obs_computed=6305  threat_obs_nonzero=6305  priority_block:demoted=2324  protect_spam:demoted=1052
[guards @ 17050 decisions] zero_damage:demoted=8636  guards_ran=6826  threat_obs_computed=6353  threat_obs_nonzero=6353  priority_block:demoted=2338  protect_spam:demoted=1061
[guards @ 17100 decisions] zero_damage:demoted=8688  guards_ran=6876  threat_obs_computed=6400  threat_obs_nonzero=6400  priority_block:demoted=2352  protect_spam:demoted=1074
[guards @ 17150 decisions] zero_damage:demoted=8740  guards_ran=6926  threat_obs_computed=6447  threat_obs_nonzero=6447  priority_block:demoted=2366  protect_spam:demoted=1074
[guards @ 17200 decisions] zero_damage:demoted=8806  guards_ran=6976  threat_obs_computed=6495  threat_obs_nonzero=6495  priority_block:demoted=2387  protect_spam:demoted=1087
[guards @ 17250 decisions] zero_damage:demoted=8870  guards_ran=7026  threat_obs_computed=6541  threat_obs_nonzero=6541  priority_block:demoted=2401  protect_spam:demoted=1090
[guards @ 17300 decisions] zero_damage:demoted=8922  guards_ran=7076  threat_obs_computed=6588  threat_obs_nonzero=6588  priority_block:demoted=2415  protect_spam:demoted=1090
[guards @ 17350 decisions] zero_damage:demoted=9000  guards_ran=7126  threat_obs_computed=6633  threat_obs_nonzero=6633  priority_block:demoted=2436  protect_spam:demoted=1091
[guards @ 17400 decisions] zero_damage:demoted=9078  guards_ran=7176  threat_obs_computed=6678  threat_obs_nonzero=6678  priority_block:demoted=2457  protect_spam:demoted=1092
[guards @ 17450 decisions] zero_damage:demoted=9130  guards_ran=7226  threat_obs_computed=6725  threat_obs_nonzero=6725  priority_block:demoted=2471  protect_spam:demoted=1111
[guards @ 17500 decisions] zero_damage:demoted=9170  guards_ran=7276  threat_obs_computed=6771  threat_obs_nonzero=6771  priority_block:demoted=2485  protect_spam:demoted=1127
[guards @ 17550 decisions] zero_damage:demoted=9248  guards_ran=7326  threat_obs_computed=6818  threat_obs_nonzero=6818  priority_block:demoted=2506  protect_spam:demoted=1140
[guards @ 17600 decisions] zero_damage:demoted=9312  guards_ran=7376  threat_obs_computed=6864  threat_obs_nonzero=6864  priority_block:demoted=2520  protect_spam:demoted=1152
[guards @ 17650 decisions] zero_damage:demoted=9378  guards_ran=7426  threat_obs_computed=6909  threat_obs_nonzero=6909  priority_block:demoted=2541  protect_spam:demoted=1170
[guards @ 17700 decisions] zero_damage:demoted=9442  guards_ran=7476  threat_obs_computed=6955  threat_obs_nonzero=6955  priority_block:demoted=2555  protect_spam:demoted=1170
[guards @ 17750 decisions] zero_damage:demoted=9520  guards_ran=7526  threat_obs_computed=6999  threat_obs_nonzero=6999  priority_block:demoted=2576  protect_spam:demoted=1170
[guards @ 17800 decisions] zero_damage:demoted=9572  guards_ran=7576  threat_obs_computed=7046  threat_obs_nonzero=7046  priority_block:demoted=2590  protect_spam:demoted=1177
[guards @ 17850 decisions] zero_damage:demoted=9624  guards_ran=7626  threat_obs_computed=7094  threat_obs_nonzero=7094  priority_block:demoted=2604  protect_spam:demoted=1183
[guards @ 17900 decisions] zero_damage:demoted=9676  guards_ran=7676  threat_obs_computed=7141  threat_obs_nonzero=7141  priority_block:demoted=2618  protect_spam:demoted=1196
[guards @ 17950 decisions] zero_damage:demoted=9728  guards_ran=7726  threat_obs_computed=7187  threat_obs_nonzero=7187  priority_block:demoted=2632  protect_spam:demoted=1207
[guards @ 18000 decisions] zero_damage:demoted=9806  guards_ran=7776  threat_obs_computed=7232  threat_obs_nonzero=7232  priority_block:demoted=2653  protect_spam:demoted=1216
[guards @ 18050 decisions] zero_damage:demoted=9884  guards_ran=7826  threat_obs_computed=7277  threat_obs_nonzero=7277  priority_block:demoted=2674  protect_spam:demoted=1216
[guards @ 18100 decisions] zero_damage:demoted=9924  guards_ran=7876  threat_obs_computed=7324  threat_obs_nonzero=7324  priority_block:demoted=2688  protect_spam:demoted=1234
[guards @ 18150 decisions] zero_damage:demoted=9988  guards_ran=7926  threat_obs_computed=7371  threat_obs_nonzero=7371  priority_block:demoted=2702  protect_spam:demoted=1234
[guards @ 18200 decisions] zero_damage:demoted=10040  guards_ran=7976  threat_obs_computed=7418  threat_obs_nonzero=7418  priority_block:demoted=2716  protect_spam:demoted=1236
[guards @ 18250 decisions] zero_damage:demoted=10118  guards_ran=8026  threat_obs_computed=7462  threat_obs_nonzero=7462  priority_block:demoted=2737  protect_spam:demoted=1242
[guards @ 18300 decisions] zero_damage:demoted=10196  guards_ran=8076  threat_obs_computed=7509  threat_obs_nonzero=7509  priority_block:demoted=2758  protect_spam:demoted=1242
[guards @ 18350 decisions] zero_damage:demoted=10274  guards_ran=8126  threat_obs_computed=7555  threat_obs_nonzero=7555  priority_block:demoted=2779  protect_spam:demoted=1248
[guards @ 18400 decisions] zero_damage:demoted=10326  guards_ran=8176  threat_obs_computed=7602  threat_obs_nonzero=7602  priority_block:demoted=2793  protect_spam:demoted=1248
[guards @ 18450 decisions] zero_damage:demoted=10404  guards_ran=8226  threat_obs_computed=7647  threat_obs_nonzero=7647  priority_block:demoted=2814  protect_spam:demoted=1261
[guards @ 18500 decisions] zero_damage:demoted=10456  guards_ran=8276  threat_obs_computed=7693  threat_obs_nonzero=7693  priority_block:demoted=2828  protect_spam:demoted=1269
[guards @ 18550 decisions] zero_damage:demoted=10508  guards_ran=8326  threat_obs_computed=7739  threat_obs_nonzero=7739  priority_block:demoted=2842  protect_spam:demoted=1274
[guards @ 18600 decisions] zero_damage:demoted=10560  guards_ran=8376  threat_obs_computed=7786  threat_obs_nonzero=7786  priority_block:demoted=2856  protect_spam:demoted=1281
[guards @ 18650 decisions] zero_damage:demoted=10612  guards_ran=8426  threat_obs_computed=7833  threat_obs_nonzero=7833  priority_block:demoted=2870  protect_spam:demoted=1282
[guards @ 18700 decisions] zero_damage:demoted=10664  guards_ran=8476  threat_obs_computed=7881  threat_obs_nonzero=7881  priority_block:demoted=2884  protect_spam:demoted=1289
[guards @ 18750 decisions] zero_damage:demoted=10730  guards_ran=8526  threat_obs_computed=7929  threat_obs_nonzero=7929  priority_block:demoted=2905  protect_spam:demoted=1296
[guards @ 18800 decisions] zero_damage:demoted=10808  guards_ran=8576  threat_obs_computed=7975  threat_obs_nonzero=7975  priority_block:demoted=2926  protect_spam:demoted=1297
[guards @ 18850 decisions] zero_damage:demoted=10860  guards_ran=8626  threat_obs_computed=8021  threat_obs_nonzero=8021  priority_block:demoted=2940  protect_spam:demoted=1304
[guards @ 18900 decisions] zero_damage:demoted=10898  guards_ran=8676  threat_obs_computed=8068  threat_obs_nonzero=8068  priority_block:demoted=2947  protect_spam:demoted=1310
[guards @ 18950 decisions] zero_damage:demoted=10950  guards_ran=8726  threat_obs_computed=8116  threat_obs_nonzero=8116  priority_block:demoted=2961  protect_spam:demoted=1317
[guards @ 19000 decisions] zero_damage:demoted=11002  guards_ran=8776  threat_obs_computed=8162  threat_obs_nonzero=8162  priority_block:demoted=2975  protect_spam:demoted=1325
[guards @ 19050 decisions] zero_damage:demoted=11080  guards_ran=8826  threat_obs_computed=8207  threat_obs_nonzero=8207  priority_block:demoted=2996  protect_spam:demoted=1332
[guards @ 19100 decisions] zero_damage:demoted=11134  guards_ran=8876  threat_obs_computed=8255  threat_obs_nonzero=8255  priority_block:demoted=3017  protect_spam:demoted=1338
[guards @ 19150 decisions] zero_damage:demoted=11200  guards_ran=8926  threat_obs_computed=8302  threat_obs_nonzero=8302  priority_block:demoted=3038  protect_spam:demoted=1338
[guards @ 19200 decisions] zero_damage:demoted=11264  guards_ran=8976  threat_obs_computed=8348  threat_obs_nonzero=8348  priority_block:demoted=3052  protect_spam:demoted=1350
[guards @ 19250 decisions] zero_damage:demoted=11316  guards_ran=9026  threat_obs_computed=8395  threat_obs_nonzero=8395  priority_block:demoted=3066  protect_spam:demoted=1359
[guards @ 19300 decisions] zero_damage:demoted=11368  guards_ran=9076  threat_obs_computed=8442  threat_obs_nonzero=8442  priority_block:demoted=3080  protect_spam:demoted=1371
[guards @ 19350 decisions] zero_damage:demoted=11446  guards_ran=9126  threat_obs_computed=8487  threat_obs_nonzero=8487  priority_block:demoted=3101  protect_spam:demoted=1389
[guards @ 19400 decisions] zero_damage:demoted=11498  guards_ran=9176  threat_obs_computed=8534  threat_obs_nonzero=8534  priority_block:demoted=3115  protect_spam:demoted=1407
[guards @ 19450 decisions] zero_damage:demoted=11550  guards_ran=9226  threat_obs_computed=8581  threat_obs_nonzero=8581  priority_block:demoted=3129  protect_spam:demoted=1409
[guards @ 19500 decisions] zero_damage:demoted=11628  guards_ran=9276  threat_obs_computed=8627  threat_obs_nonzero=8627  priority_block:demoted=3150  protect_spam:demoted=1410
[guards @ 19550 decisions] zero_damage:demoted=11694  guards_ran=9326  threat_obs_computed=8674  threat_obs_nonzero=8674  priority_block:demoted=3171  protect_spam:demoted=1416
[guards @ 19600 decisions] zero_damage:demoted=11772  guards_ran=9376  threat_obs_computed=8720  threat_obs_nonzero=8720  priority_block:demoted=3192  protect_spam:demoted=1428
[guards @ 19650 decisions] zero_damage:demoted=11862  guards_ran=9426  threat_obs_computed=8765  threat_obs_nonzero=8765  priority_block:demoted=3213  protect_spam:demoted=1435
[guards @ 19700 decisions] zero_damage:demoted=11914  guards_ran=9476  threat_obs_computed=8811  threat_obs_nonzero=8811  priority_block:demoted=3227  protect_spam:demoted=1447
[guards @ 19750 decisions] zero_damage:demoted=11966  guards_ran=9526  threat_obs_computed=8858  threat_obs_nonzero=8858  priority_block:demoted=3241  protect_spam:demoted=1447
[guards @ 19800 decisions] zero_damage:demoted=12018  guards_ran=9576  threat_obs_computed=8906  threat_obs_nonzero=8906  priority_block:demoted=3255  protect_spam:demoted=1458
[guards @ 19850 decisions] zero_damage:demoted=12070  guards_ran=9626  threat_obs_computed=8953  threat_obs_nonzero=8953  priority_block:demoted=3269  protect_spam:demoted=1475
[guards @ 19900 decisions] zero_damage:demoted=12110  guards_ran=9676  threat_obs_computed=9002  threat_obs_nonzero=9002  priority_block:demoted=3283  protect_spam:demoted=1486
[guards @ 19950 decisions] zero_damage:demoted=12174  guards_ran=9726  threat_obs_computed=9049  threat_obs_nonzero=9049  priority_block:demoted=3297  protect_spam:demoted=1492
[guards @ 20000 decisions] zero_damage:demoted=12252  guards_ran=9776  threat_obs_computed=9093  threat_obs_nonzero=9093  priority_block:demoted=3318  protect_spam:demoted=1504
[guards @ 20050 decisions] zero_damage:demoted=12304  guards_ran=9826  threat_obs_computed=9141  threat_obs_nonzero=9141  priority_block:demoted=3332  protect_spam:demoted=1510
[guards @ 20100 decisions] zero_damage:demoted=12382  guards_ran=9876  threat_obs_computed=9186  threat_obs_nonzero=9186  priority_block:demoted=3353  protect_spam:demoted=1519
[guards @ 20150 decisions] zero_damage:demoted=12460  guards_ran=9926  threat_obs_computed=9233  threat_obs_nonzero=9233  priority_block:demoted=3374  protect_spam:demoted=1519
[guards @ 20200 decisions] zero_damage:demoted=12538  guards_ran=9976  threat_obs_computed=9278  threat_obs_nonzero=9278  priority_block:demoted=3395  protect_spam:demoted=1526
[guards @ 20250 decisions] zero_damage:demoted=12630  guards_ran=10026  threat_obs_computed=9322  threat_obs_nonzero=9322  priority_block:demoted=3423  protect_spam:demoted=1526
[guards @ 20300 decisions] zero_damage:demoted=12668  guards_ran=10076  threat_obs_computed=9370  threat_obs_nonzero=9370  priority_block:demoted=3430  protect_spam:demoted=1526
[guards @ 20350 decisions] zero_damage:demoted=12746  guards_ran=10126  threat_obs_computed=9416  threat_obs_nonzero=9416  priority_block:demoted=3451  protect_spam:demoted=1539
[guards @ 20400 decisions] zero_damage:demoted=12798  guards_ran=10176  threat_obs_computed=9464  threat_obs_nonzero=9464  priority_block:demoted=3465  protect_spam:demoted=1546
[guards @ 20450 decisions] zero_damage:demoted=12850  guards_ran=10226  threat_obs_computed=9511  threat_obs_nonzero=9511  priority_block:demoted=3479  protect_spam:demoted=1558
[guards @ 20500 decisions] zero_damage:demoted=12902  guards_ran=10276  threat_obs_computed=9557  threat_obs_nonzero=9557  priority_block:demoted=3493  protect_spam:demoted=1571
[guards @ 20550 decisions] zero_damage:demoted=12954  guards_ran=10326  threat_obs_computed=9605  threat_obs_nonzero=9605  priority_block:demoted=3507  protect_spam:demoted=1585
[guards @ 20600 decisions] zero_damage:demoted=13006  guards_ran=10376  threat_obs_computed=9653  threat_obs_nonzero=9653  priority_block:demoted=3521  protect_spam:demoted=1598
block hidden=False a_first=False: A 253.0/500; running A 49.3% [46.2, 52.4]
[guards @ 20650 decisions] priority_block_prior:demoted=54  guards_ran=14  threat_obs_computed=11  threat_obs_nonzero=11  learned_preview=8  dominated_spread=1
[guards @ 20700 decisions] priority_block_prior:demoted=90  guards_ran=64  threat_obs_computed=56  threat_obs_nonzero=56  learned_preview=12  dominated_attack=6
[guards @ 20750 decisions] priority_block_prior:demoted=144  guards_ran=114  threat_obs_computed=101  threat_obs_nonzero=101  learned_preview=16  dominated_spread=8
[guards @ 20800 decisions] priority_block_prior:demoted=192  guards_ran=164  threat_obs_computed=147  threat_obs_nonzero=147  learned_preview=22  dominated_spread=13
[guards @ 20850 decisions] priority_block_prior:demoted=234  guards_ran=214  threat_obs_computed=190  threat_obs_nonzero=190  learned_preview=26  dominated_spread=18
[guards @ 20900 decisions] priority_block_prior:demoted=270  guards_ran=264  threat_obs_computed=237  threat_obs_nonzero=237  learned_preview=32  dominated_spread=20
[guards @ 20950 decisions] priority_block_prior:demoted=324  guards_ran=314  threat_obs_computed=283  threat_obs_nonzero=283  learned_preview=36  dominated_spread=26
[guards @ 21000 decisions] guards_ran=364  priority_block_prior:demoted=360  threat_obs_computed=330  threat_obs_nonzero=330  learned_preview=40  dominated_spread=30
[guards @ 21050 decisions] guards_ran=414  priority_block_prior:demoted=396  threat_obs_computed=377  threat_obs_nonzero=377  learned_preview=44  dominated_attack=38
[guards @ 21100 decisions] guards_ran=464  priority_block_prior:demoted=432  threat_obs_computed=423  threat_obs_nonzero=423  learned_preview=50  dominated_attack=43
[guards @ 21150 decisions] guards_ran=514  threat_obs_computed=469  threat_obs_nonzero=469  priority_block_prior:demoted=468  learned_preview=54  dominated_attack=48
[guards @ 21200 decisions] guards_ran=564  priority_block_prior:demoted=522  threat_obs_computed=512  threat_obs_nonzero=512  learned_preview=58  dominated_attack=53
[guards @ 21250 decisions] guards_ran=614  threat_obs_computed=559  threat_obs_nonzero=559  priority_block_prior:demoted=558  learned_preview=64  dominated_attack=59
[guards @ 21300 decisions] guards_ran=664  threat_obs_computed=607  threat_obs_nonzero=607  priority_block_prior:demoted=594  learned_preview=68  dominated_attack=60
[guards @ 21350 decisions] guards_ran=714  threat_obs_computed=654  threat_obs_nonzero=654  priority_block_prior:demoted=642  learned_preview=72  dominated_attack=63
[guards @ 21400 decisions] guards_ran=764  threat_obs_computed=700  threat_obs_nonzero=700  priority_block_prior:demoted=684  learned_preview=76  dominated_attack=66
[guards @ 21450 decisions] guards_ran=814  threat_obs_computed=746  threat_obs_nonzero=746  priority_block_prior:demoted=720  learned_preview=80  dominated_attack=70
[guards @ 21500 decisions] guards_ran=864  threat_obs_computed=792  threat_obs_nonzero=792  priority_block_prior:demoted=774  learned_preview=86  dominated_attack=75
[guards @ 21550 decisions] guards_ran=914  threat_obs_computed=838  threat_obs_nonzero=838  priority_block_prior:demoted=810  learned_preview=90  dominated_attack=77
[guards @ 21600 decisions] guards_ran=964  threat_obs_computed=885  threat_obs_nonzero=885  priority_block_prior:demoted=852  learned_preview=94  dominated_spread=79
[guards @ 21650 decisions] guards_ran=1014  threat_obs_computed=932  threat_obs_nonzero=932  priority_block_prior:demoted=888  learned_preview=100  dominated_spread=84
[guards @ 21700 decisions] guards_ran=1064  threat_obs_computed=978  threat_obs_nonzero=978  priority_block_prior:demoted=942  learned_preview=105  dominated_attack=90
[guards @ 21750 decisions] guards_ran=1114  threat_obs_computed=1023  threat_obs_nonzero=1023  priority_block_prior:demoted=996  learned_preview=110  dominated_attack=96
[guards @ 21800 decisions] guards_ran=1164  threat_obs_computed=1070  threat_obs_nonzero=1070  priority_block_prior:demoted=1032  learned_preview=114  dominated_spread=100
[guards @ 21850 decisions] guards_ran=1214  threat_obs_computed=1114  threat_obs_nonzero=1114  priority_block_prior:demoted=1068  learned_preview=118  dominated_spread=103
[guards @ 21900 decisions] guards_ran=1264  threat_obs_computed=1160  threat_obs_nonzero=1160  priority_block_prior:demoted=1110  learned_preview=122  dominated_attack=106
[guards @ 21950 decisions] guards_ran=1314  threat_obs_computed=1206  threat_obs_nonzero=1206  priority_block_prior:demoted=1158  learned_preview=128  dominated_attack=108
[guards @ 22000 decisions] guards_ran=1364  threat_obs_computed=1250  threat_obs_nonzero=1250  priority_block_prior:demoted=1200  learned_preview=132  dominated_attack=112
[guards @ 22050 decisions] guards_ran=1414  threat_obs_computed=1297  threat_obs_nonzero=1297  priority_block_prior:demoted=1248  learned_preview=138  dominated_attack=115
[guards @ 22100 decisions] guards_ran=1464  threat_obs_computed=1344  threat_obs_nonzero=1344  priority_block_prior:demoted=1290  learned_preview=142  dominated_attack=122
[guards @ 22150 decisions] guards_ran=1514  threat_obs_computed=1391  threat_obs_nonzero=1391  priority_block_prior:demoted=1326  learned_preview=146  dominated_attack=127
[guards @ 22200 decisions] guards_ran=1564  threat_obs_computed=1438  threat_obs_nonzero=1438  priority_block_prior:demoted=1362  learned_preview=150  dominated_attack=132
[guards @ 22250 decisions] guards_ran=1614  threat_obs_computed=1482  threat_obs_nonzero=1482  priority_block_prior:demoted=1416  learned_preview=156  dominated_attack=141
[guards @ 22300 decisions] guards_ran=1664  threat_obs_computed=1528  threat_obs_nonzero=1528  priority_block_prior:demoted=1452  learned_preview=162  dominated_attack=144
[guards @ 22350 decisions] guards_ran=1714  threat_obs_computed=1573  threat_obs_nonzero=1573  priority_block_prior:demoted=1500  learned_preview=166  dominated_attack=146
[guards @ 22400 decisions] guards_ran=1764  threat_obs_computed=1621  threat_obs_nonzero=1621  priority_block_prior:demoted=1524  learned_preview=170  dominated_attack=155
[guards @ 22450 decisions] guards_ran=1814  threat_obs_computed=1669  threat_obs_nonzero=1669  priority_block_prior:demoted=1566  learned_preview=174  dominated_attack=160
[guards @ 22500 decisions] guards_ran=1864  threat_obs_computed=1715  threat_obs_nonzero=1715  priority_block_prior:demoted=1620  learned_preview=178  dominated_attack=168
[guards @ 22550 decisions] guards_ran=1914  threat_obs_computed=1761  threat_obs_nonzero=1761  priority_block_prior:demoted=1656  learned_preview=182  dominated_attack=174
[guards @ 22600 decisions] guards_ran=1964  threat_obs_computed=1807  threat_obs_nonzero=1807  priority_block_prior:demoted=1692  learned_preview=188  dominated_attack=177
[guards @ 22650 decisions] guards_ran=2014  threat_obs_computed=1851  threat_obs_nonzero=1851  priority_block_prior:demoted=1746  learned_preview=192  dominated_attack=180
[guards @ 22700 decisions] guards_ran=2064  threat_obs_computed=1898  threat_obs_nonzero=1898  priority_block_prior:demoted=1782  learned_preview=196  dominated_attack=184
[guards @ 22750 decisions] guards_ran=2114  threat_obs_computed=1946  threat_obs_nonzero=1946  priority_block_prior:demoted=1818  learned_preview=202  dominated_attack=188
[guards @ 22800 decisions] guards_ran=2164  threat_obs_computed=1993  threat_obs_nonzero=1993  priority_block_prior:demoted=1854  learned_preview=206  dominated_attack=189
[guards @ 22850 decisions] guards_ran=2214  threat_obs_computed=2038  threat_obs_nonzero=2038  priority_block_prior:demoted=1908  learned_preview=210  dominated_attack=192
[guards @ 22900 decisions] guards_ran=2264  threat_obs_computed=2085  threat_obs_nonzero=2085  priority_block_prior:demoted=1944  learned_preview=214  dominated_attack=197
[guards @ 22950 decisions] guards_ran=2314  threat_obs_computed=2133  threat_obs_nonzero=2133  priority_block_prior:demoted=1992  learned_preview=220  dominated_attack=203
[guards @ 23000 decisions] guards_ran=2364  threat_obs_computed=2178  threat_obs_nonzero=2178  priority_block_prior:demoted=2034  learned_preview=224  dominated_attack=204
[guards @ 23050 decisions] guards_ran=2414  threat_obs_computed=2225  threat_obs_nonzero=2225  priority_block_prior:demoted=2070  learned_preview=230  dominated_attack=209
[guards @ 23100 decisions] guards_ran=2464  threat_obs_computed=2270  threat_obs_nonzero=2270  priority_block_prior:demoted=2124  learned_preview=234  dominated_attack=214
[guards @ 23150 decisions] guards_ran=2514  threat_obs_computed=2318  threat_obs_nonzero=2318  priority_block_prior:demoted=2160  learned_preview=238  dominated_attack=218
[guards @ 23200 decisions] guards_ran=2564  threat_obs_computed=2363  threat_obs_nonzero=2363  priority_block_prior:demoted=2196  learned_preview=244  dominated_attack=222
[guards @ 23250 decisions] guards_ran=2614  threat_obs_computed=2409  threat_obs_nonzero=2409  priority_block_prior:demoted=2250  learned_preview=248  dominated_attack=226
[guards @ 23300 decisions] guards_ran=2664  threat_obs_computed=2456  threat_obs_nonzero=2456  priority_block_prior:demoted=2286  learned_preview=252  dominated_attack=229
[guards @ 23350 decisions] guards_ran=2714  threat_obs_computed=2503  threat_obs_nonzero=2503  priority_block_prior:demoted=2322  learned_preview=256  dominated_attack=233
[guards @ 23400 decisions] guards_ran=2764  threat_obs_computed=2549  threat_obs_nonzero=2549  priority_block_prior:demoted=2358  learned_preview=262  dominated_attack=238
[guards @ 23450 decisions] guards_ran=2814  threat_obs_computed=2595  threat_obs_nonzero=2595  priority_block_prior:demoted=2406  learned_preview=266  dominated_attack=242
[guards @ 23500 decisions] guards_ran=2864  threat_obs_computed=2640  threat_obs_nonzero=2640  priority_block_prior:demoted=2448  learned_preview=270  dominated_attack=245
[guards @ 23550 decisions] guards_ran=2914  threat_obs_computed=2686  threat_obs_nonzero=2686  priority_block_prior:demoted=2484  learned_preview=274  dominated_attack=249
[guards @ 23600 decisions] guards_ran=2964  threat_obs_computed=2733  threat_obs_nonzero=2733  priority_block_prior:demoted=2520  learned_preview=280  dominated_attack=252
[guards @ 23650 decisions] guards_ran=3014  threat_obs_computed=2776  threat_obs_nonzero=2776  priority_block_prior:demoted=2574  learned_preview=284  dominated_attack=256
[guards @ 23700 decisions] guards_ran=3064  threat_obs_computed=2823  threat_obs_nonzero=2823  priority_block_prior:demoted=2610  learned_preview=288  dominated_attack=259
[guards @ 23750 decisions] guards_ran=3114  threat_obs_computed=2870  threat_obs_nonzero=2870  priority_block_prior:demoted=2646  learned_preview=292  dominated_attack=265
[guards @ 23800 decisions] guards_ran=3164  threat_obs_computed=2915  threat_obs_nonzero=2915  priority_block_prior:demoted=2694  learned_preview=298  dominated_attack=269
[guards @ 23850 decisions] guards_ran=3214  threat_obs_computed=2960  threat_obs_nonzero=2960  priority_block_prior:demoted=2736  learned_preview=302  dominated_attack=273
[guards @ 23900 decisions] guards_ran=3264  threat_obs_computed=3006  threat_obs_nonzero=3006  priority_block_prior:demoted=2790  learned_preview=310  dominated_attack=277
[guards @ 23950 decisions] guards_ran=3314  threat_obs_computed=3051  threat_obs_nonzero=3051  priority_block_prior:demoted=2826  learned_preview=312  dominated_attack=279
[guards @ 24000 decisions] guards_ran=3364  threat_obs_computed=3099  threat_obs_nonzero=3099  priority_block_prior:demoted=2862  learned_preview=316  dominated_attack=286
[guards @ 24050 decisions] guards_ran=3414  threat_obs_computed=3144  threat_obs_nonzero=3144  priority_block_prior:demoted=2916  learned_preview=322  dominated_attack=290
[guards @ 24100 decisions] guards_ran=3464  threat_obs_computed=3190  threat_obs_nonzero=3190  priority_block_prior:demoted=2952  learned_preview=326  dominated_attack=295
[guards @ 24150 decisions] guards_ran=3514  threat_obs_computed=3235  threat_obs_nonzero=3235  priority_block_prior:demoted=3006  learned_preview=332  dominated_attack=299
[guards @ 24200 decisions] guards_ran=3564  threat_obs_computed=3279  threat_obs_nonzero=3279  priority_block_prior:demoted=3042  learned_preview=336  dominated_attack=305
[guards @ 24250 decisions] guards_ran=3614  threat_obs_computed=3325  threat_obs_nonzero=3325  priority_block_prior:demoted=3096  learned_preview=342  dominated_attack=307
[guards @ 24300 decisions] guards_ran=3664  threat_obs_computed=3372  threat_obs_nonzero=3372  priority_block_prior:demoted=3132  learned_preview=346  dominated_attack=315
[guards @ 24350 decisions] guards_ran=3714  threat_obs_computed=3420  threat_obs_nonzero=3420  priority_block_prior:demoted=3180  learned_preview=352  dominated_attack=319
[guards @ 24400 decisions] guards_ran=3764  threat_obs_computed=3466  threat_obs_nonzero=3466  priority_block_prior:demoted=3222  learned_preview=356  dominated_attack=323
[guards @ 24450 decisions] guards_ran=3814  threat_obs_computed=3512  threat_obs_nonzero=3512  priority_block_prior:demoted=3258  learned_preview=360  dominated_attack=325
[guards @ 24500 decisions] guards_ran=3864  threat_obs_computed=3558  threat_obs_nonzero=3558  priority_block_prior:demoted=3312  learned_preview=366  dominated_attack=330
[guards @ 24550 decisions] guards_ran=3914  threat_obs_computed=3605  threat_obs_nonzero=3605  priority_block_prior:demoted=3348  learned_preview=370  dominated_attack=335
[guards @ 24600 decisions] guards_ran=3964  threat_obs_computed=3652  threat_obs_nonzero=3652  priority_block_prior:demoted=3366  learned_preview=374  dominated_attack=340
[guards @ 24650 decisions] guards_ran=4014  threat_obs_computed=3698  threat_obs_nonzero=3698  priority_block_prior:demoted=3420  learned_preview=378  dominated_attack=343
[guards @ 24700 decisions] guards_ran=4064  threat_obs_computed=3746  threat_obs_nonzero=3746  priority_block_prior:demoted=3456  learned_preview=382  dominated_attack=345
[guards @ 24750 decisions] guards_ran=4114  threat_obs_computed=3791  threat_obs_nonzero=3791  priority_block_prior:demoted=3504  learned_preview=388  dominated_attack=353
[guards @ 24800 decisions] guards_ran=4164  threat_obs_computed=3836  threat_obs_nonzero=3836  priority_block_prior:demoted=3546  learned_preview=392  dominated_attack=355
[guards @ 24850 decisions] guards_ran=4214  threat_obs_computed=3884  threat_obs_nonzero=3884  priority_block_prior:demoted=3582  learned_preview=396  dominated_attack=357
[guards @ 24900 decisions] guards_ran=4264  threat_obs_computed=3930  threat_obs_nonzero=3930  priority_block_prior:demoted=3636  learned_preview=402  dominated_attack=365
[guards @ 24950 decisions] guards_ran=4314  threat_obs_computed=3976  threat_obs_nonzero=3976  priority_block_prior:demoted=3672  learned_preview=406  dominated_attack=370
[guards @ 25000 decisions] guards_ran=4364  threat_obs_computed=4023  threat_obs_nonzero=4023  priority_block_prior:demoted=3720  learned_preview=412  dominated_attack=373
[guards @ 25050 decisions] guards_ran=4414  threat_obs_computed=4067  threat_obs_nonzero=4067  priority_block_prior:demoted=3762  learned_preview=418  dominated_attack=376
[guards @ 25100 decisions] guards_ran=4464  threat_obs_computed=4114  threat_obs_nonzero=4114  priority_block_prior:demoted=3798  learned_preview=422  dominated_attack=381
[guards @ 25150 decisions] guards_ran=4514  threat_obs_computed=4160  threat_obs_nonzero=4160  priority_block_prior:demoted=3852  learned_preview=426  dominated_attack=384
[guards @ 25200 decisions] guards_ran=4564  threat_obs_computed=4207  threat_obs_nonzero=4207  priority_block_prior:demoted=3870  learned_preview=430  dominated_attack=390
[guards @ 25250 decisions] guards_ran=4614  threat_obs_computed=4253  threat_obs_nonzero=4253  priority_block_prior:demoted=3924  learned_preview=434  dominated_attack=395
[guards @ 25300 decisions] guards_ran=4664  threat_obs_computed=4298  threat_obs_nonzero=4298  priority_block_prior:demoted=3972  learned_preview=440  dominated_attack=399
[guards @ 25350 decisions] guards_ran=4714  threat_obs_computed=4344  threat_obs_nonzero=4344  priority_block_prior:demoted=4014  learned_preview=444  dominated_attack=401
[guards @ 25400 decisions] guards_ran=4764  threat_obs_computed=4391  threat_obs_nonzero=4391  priority_block_prior:demoted=4050  learned_preview=448  dominated_attack=407
[guards @ 25450 decisions] guards_ran=4814  threat_obs_computed=4436  threat_obs_nonzero=4436  priority_block_prior:demoted=4104  learned_preview=454  dominated_attack=410
[guards @ 25500 decisions] guards_ran=4864  threat_obs_computed=4482  threat_obs_nonzero=4482  priority_block_prior:demoted=4146  learned_preview=458  dominated_attack=413
[guards @ 25550 decisions] guards_ran=4914  threat_obs_computed=4529  threat_obs_nonzero=4529  priority_block_prior:demoted=4182  learned_preview=464  dominated_attack=420
[guards @ 25600 decisions] guards_ran=4964  threat_obs_computed=4575  threat_obs_nonzero=4575  priority_block_prior:demoted=4230  learned_preview=468  dominated_attack=423
[guards @ 25650 decisions] guards_ran=5014  threat_obs_computed=4622  threat_obs_nonzero=4622  priority_block_prior:demoted=4272  learned_preview=472  dominated_attack=427
[guards @ 25700 decisions] guards_ran=5064  threat_obs_computed=4670  threat_obs_nonzero=4670  priority_block_prior:demoted=4308  learned_preview=478  dominated_attack=433
[guards @ 25750 decisions] guards_ran=5114  threat_obs_computed=4717  threat_obs_nonzero=4717  priority_block_prior:demoted=4344  learned_preview=480  dominated_attack=435
[guards @ 25800 decisions] guards_ran=5164  threat_obs_computed=4764  threat_obs_nonzero=4764  priority_block_prior:demoted=4380  learned_preview=484  dominated_attack=442
[guards @ 25850 decisions] guards_ran=5214  threat_obs_computed=4811  threat_obs_nonzero=4811  priority_block_prior:demoted=4416  learned_preview=490  dominated_attack=450
[guards @ 25900 decisions] guards_ran=5264  threat_obs_computed=4856  threat_obs_nonzero=4856  priority_block_prior:demoted=4470  learned_preview=494  dominated_attack=453
[guards @ 25950 decisions] guards_ran=5314  threat_obs_computed=4901  threat_obs_nonzero=4901  priority_block_prior:demoted=4518  learned_preview=500  dominated_attack=456
[guards @ 26000 decisions] guards_ran=5364  threat_obs_computed=4946  threat_obs_nonzero=4946  priority_block_prior:demoted=4560  learned_preview=504  dominated_attack=458
[guards @ 26050 decisions] guards_ran=5414  threat_obs_computed=4994  threat_obs_nonzero=4994  priority_block_prior:demoted=4596  learned_preview=510  dominated_attack=464
[guards @ 26100 decisions] guards_ran=5464  threat_obs_computed=5041  threat_obs_nonzero=5041  priority_block_prior:demoted=4632  learned_preview=514  dominated_attack=469
[guards @ 26150 decisions] guards_ran=5514  threat_obs_computed=5088  threat_obs_nonzero=5088  priority_block_prior:demoted=4686  learned_preview=518  dominated_attack=473
[guards @ 26200 decisions] guards_ran=5564  threat_obs_computed=5135  threat_obs_nonzero=5135  priority_block_prior:demoted=4722  learned_preview=522  dominated_attack=479
[guards @ 26250 decisions] guards_ran=5614  threat_obs_computed=5183  threat_obs_nonzero=5183  priority_block_prior:demoted=4758  learned_preview=526  dominated_attack=489
[guards @ 26300 decisions] guards_ran=5664  threat_obs_computed=5229  threat_obs_nonzero=5229  priority_block_prior:demoted=4794  learned_preview=530  dominated_attack=495
[guards @ 26350 decisions] guards_ran=5714  threat_obs_computed=5275  threat_obs_nonzero=5275  priority_block_prior:demoted=4848  learned_preview=536  dominated_attack=495
[guards @ 26400 decisions] guards_ran=5764  threat_obs_computed=5320  threat_obs_nonzero=5320  priority_block_prior:demoted=4884  learned_preview=540  dominated_attack=499
[guards @ 26450 decisions] guards_ran=5814  threat_obs_computed=5368  threat_obs_nonzero=5368  priority_block_prior:demoted=4932  learned_preview=546  dominated_attack=501
[guards @ 26500 decisions] guards_ran=5864  threat_obs_computed=5414  threat_obs_nonzero=5414  priority_block_prior:demoted=4974  learned_preview=550  dominated_attack=507
[guards @ 26550 decisions] guards_ran=5914  threat_obs_computed=5461  threat_obs_nonzero=5461  priority_block_prior:demoted=5010  learned_preview=554  dominated_attack=510
[guards @ 26600 decisions] guards_ran=5964  threat_obs_computed=5509  threat_obs_nonzero=5509  priority_block_prior:demoted=5046  learned_preview=558  dominated_attack=511
[guards @ 26650 decisions] guards_ran=6014  threat_obs_computed=5555  threat_obs_nonzero=5555  priority_block_prior:demoted=5082  learned_preview=562  dominated_attack=515
[guards @ 26700 decisions] guards_ran=6064  threat_obs_computed=5600  threat_obs_nonzero=5600  priority_block_prior:demoted=5118  learned_preview=566  dominated_attack=519
[guards @ 26750 decisions] guards_ran=6114  threat_obs_computed=5646  threat_obs_nonzero=5646  priority_block_prior:demoted=5154  learned_preview=572  dominated_attack=525
[guards @ 26800 decisions] guards_ran=6164  threat_obs_computed=5691  threat_obs_nonzero=5691  priority_block_prior:demoted=5208  learned_preview=576  dominated_attack=531
[guards @ 26850 decisions] guards_ran=6214  threat_obs_computed=5739  threat_obs_nonzero=5739  priority_block_prior:demoted=5244  learned_preview=580  dominated_attack=536
[guards @ 26900 decisions] guards_ran=6264  threat_obs_computed=5787  threat_obs_nonzero=5787  priority_block_prior:demoted=5280  learned_preview=584  dominated_attack=543
[guards @ 26950 decisions] guards_ran=6314  threat_obs_computed=5833  threat_obs_nonzero=5833  priority_block_prior:demoted=5316  learned_preview=588  dominated_attack=545
[guards @ 27000 decisions] guards_ran=6364  threat_obs_computed=5880  threat_obs_nonzero=5880  priority_block_prior:demoted=5352  learned_preview=592  dominated_attack=548
[guards @ 27050 decisions] guards_ran=6414  threat_obs_computed=5925  threat_obs_nonzero=5925  priority_block_prior:demoted=5406  learned_preview=598  dominated_attack=550
[guards @ 27100 decisions] guards_ran=6464  threat_obs_computed=5972  threat_obs_nonzero=5972  priority_block_prior:demoted=5442  learned_preview=604  dominated_attack=552
[guards @ 27150 decisions] guards_ran=6514  threat_obs_computed=6016  threat_obs_nonzero=6016  priority_block_prior:demoted=5496  learned_preview=608  dominated_attack=553
[guards @ 27200 decisions] guards_ran=6564  threat_obs_computed=6063  threat_obs_nonzero=6063  priority_block_prior:demoted=5532  learned_preview=612  dominated_attack=557
[guards @ 27250 decisions] guards_ran=6614  threat_obs_computed=6109  threat_obs_nonzero=6109  priority_block_prior:demoted=5568  learned_preview=616  dominated_attack=565
[guards @ 27300 decisions] guards_ran=6664  threat_obs_computed=6156  threat_obs_nonzero=6156  priority_block_prior:demoted=5616  learned_preview=622  dominated_attack=570
[guards @ 27350 decisions] guards_ran=6714  threat_obs_computed=6202  threat_obs_nonzero=6202  priority_block_prior:demoted=5658  learned_preview=626  dominated_attack=572
[guards @ 27400 decisions] guards_ran=6764  threat_obs_computed=6246  threat_obs_nonzero=6246  priority_block_prior:demoted=5706  learned_preview=632  dominated_attack=572
[guards @ 27450 decisions] guards_ran=6814  threat_obs_computed=6291  threat_obs_nonzero=6291  priority_block_prior:demoted=5748  learned_preview=636  dominated_attack=577
[guards @ 27500 decisions] guards_ran=6864  threat_obs_computed=6338  threat_obs_nonzero=6338  priority_block_prior:demoted=5796  learned_preview=642  dominated_attack=584
[guards @ 27550 decisions] guards_ran=6914  threat_obs_computed=6384  threat_obs_nonzero=6384  priority_block_prior:demoted=5838  learned_preview=646  dominated_attack=589
[guards @ 27600 decisions] guards_ran=6964  threat_obs_computed=6429  threat_obs_nonzero=6429  priority_block_prior:demoted=5874  learned_preview=652  dominated_attack=590
[guards @ 27650 decisions] guards_ran=7014  threat_obs_computed=6475  threat_obs_nonzero=6475  priority_block_prior:demoted=5928  learned_preview=656  dominated_attack=594
[guards @ 27700 decisions] guards_ran=7064  threat_obs_computed=6520  threat_obs_nonzero=6520  priority_block_prior:demoted=5964  learned_preview=660  dominated_attack=601
[guards @ 27750 decisions] guards_ran=7114  threat_obs_computed=6566  threat_obs_nonzero=6566  priority_block_prior:demoted=6000  learned_preview=666  dominated_attack=603
[guards @ 27800 decisions] guards_ran=7164  threat_obs_computed=6612  threat_obs_nonzero=6612  priority_block_prior:demoted=6054  learned_preview=670  dominated_attack=606
[guards @ 27850 decisions] guards_ran=7214  threat_obs_computed=6659  threat_obs_nonzero=6659  priority_block_prior:demoted=6090  learned_preview=676  dominated_attack=610
[guards @ 27900 decisions] guards_ran=7264  threat_obs_computed=6705  threat_obs_nonzero=6705  priority_block_prior:demoted=6126  learned_preview=680  dominated_attack=612
[guards @ 27950 decisions] guards_ran=7314  threat_obs_computed=6749  threat_obs_nonzero=6749  priority_block_prior:demoted=6180  learned_preview=686  dominated_attack=614
[guards @ 28000 decisions] guards_ran=7364  threat_obs_computed=6796  threat_obs_nonzero=6796  priority_block_prior:demoted=6228  learned_preview=690  dominated_attack=619
[guards @ 28050 decisions] guards_ran=7414  threat_obs_computed=6843  threat_obs_nonzero=6843  priority_block_prior:demoted=6270  learned_preview=696  dominated_attack=629
[guards @ 28100 decisions] guards_ran=7464  threat_obs_computed=6889  threat_obs_nonzero=6889  priority_block_prior:demoted=6306  learned_preview=700  dominated_attack=634
[guards @ 28150 decisions] guards_ran=7514  threat_obs_computed=6934  threat_obs_nonzero=6934  priority_block_prior:demoted=6360  learned_preview=704  dominated_attack=639
[guards @ 28200 decisions] guards_ran=7564  threat_obs_computed=6979  threat_obs_nonzero=6979  priority_block_prior:demoted=6396  learned_preview=710  dominated_attack=642
[guards @ 28250 decisions] guards_ran=7614  threat_obs_computed=7024  threat_obs_nonzero=7024  priority_block_prior:demoted=6450  learned_preview=714  dominated_attack=647
[guards @ 28300 decisions] guards_ran=7664  threat_obs_computed=7072  threat_obs_nonzero=7072  priority_block_prior:demoted=6468  learned_preview=718  dominated_attack=650
[guards @ 28350 decisions] guards_ran=7714  threat_obs_computed=7119  threat_obs_nonzero=7119  priority_block_prior:demoted=6522  learned_preview=722  dominated_attack=652
[guards @ 28400 decisions] guards_ran=7764  threat_obs_computed=7164  threat_obs_nonzero=7164  priority_block_prior:demoted=6558  learned_preview=728  dominated_attack=655
[guards @ 28450 decisions] guards_ran=7814  threat_obs_computed=7210  threat_obs_nonzero=7210  priority_block_prior:demoted=6606  learned_preview=732  dominated_attack=660
[guards @ 28500 decisions] guards_ran=7864  threat_obs_computed=7256  threat_obs_nonzero=7256  priority_block_prior:demoted=6648  learned_preview=736  dominated_attack=663
[guards @ 28550 decisions] guards_ran=7914  threat_obs_computed=7302  threat_obs_nonzero=7302  priority_block_prior:demoted=6702  learned_preview=742  dominated_attack=664
[guards @ 28600 decisions] guards_ran=7964  threat_obs_computed=7350  threat_obs_nonzero=7350  priority_block_prior:demoted=6732  learned_preview=746  dominated_attack=669
[guards @ 28650 decisions] guards_ran=8014  threat_obs_computed=7397  threat_obs_nonzero=7397  priority_block_prior:demoted=6768  learned_preview=750  dominated_attack=672
[guards @ 28700 decisions] guards_ran=8064  threat_obs_computed=7444  threat_obs_nonzero=7444  priority_block_prior:demoted=6810  learned_preview=754  dominated_attack=680
[guards @ 28750 decisions] guards_ran=8114  threat_obs_computed=7488  threat_obs_nonzero=7488  priority_block_prior:demoted=6864  learned_preview=760  dominated_attack=682
[guards @ 28800 decisions] guards_ran=8164  threat_obs_computed=7535  threat_obs_nonzero=7535  priority_block_prior:demoted=6900  learned_preview=764  dominated_attack=686
[guards @ 28850 decisions] guards_ran=8214  threat_obs_computed=7581  threat_obs_nonzero=7581  priority_block_prior:demoted=6954  learned_preview=770  dominated_attack=691
[guards @ 28900 decisions] guards_ran=8264  threat_obs_computed=7628  threat_obs_nonzero=7628  priority_block_prior:demoted=6990  learned_preview=776  dominated_attack=694
[guards @ 28950 decisions] guards_ran=8314  threat_obs_computed=7675  threat_obs_nonzero=7675  priority_block_prior:demoted=7026  learned_preview=780  dominated_attack=700
[guards @ 29000 decisions] guards_ran=8364  threat_obs_computed=7722  threat_obs_nonzero=7722  priority_block_prior:demoted=7062  learned_preview=784  dominated_attack=705
[guards @ 29050 decisions] guards_ran=8414  threat_obs_computed=7770  threat_obs_nonzero=7770  priority_block_prior:demoted=7098  learned_preview=786  dominated_attack=709
[guards @ 29100 decisions] guards_ran=8464  threat_obs_computed=7817  threat_obs_nonzero=7817  priority_block_prior:demoted=7134  learned_preview=790  dominated_attack=711
[guards @ 29150 decisions] guards_ran=8514  threat_obs_computed=7864  threat_obs_nonzero=7864  priority_block_prior:demoted=7170  learned_preview=796  dominated_attack=717
[guards @ 29200 decisions] guards_ran=8564  threat_obs_computed=7911  threat_obs_nonzero=7911  priority_block_prior:demoted=7226  learned_preview=800  dominated_attack=722
[guards @ 29250 decisions] guards_ran=8614  threat_obs_computed=7958  threat_obs_nonzero=7958  priority_block_prior:demoted=7268  learned_preview=804  dominated_attack=730
[guards @ 29300 decisions] guards_ran=8664  threat_obs_computed=8004  threat_obs_nonzero=8004  priority_block_prior:demoted=7304  learned_preview=810  dominated_attack=737
[guards @ 29350 decisions] guards_ran=8714  threat_obs_computed=8052  threat_obs_nonzero=8052  priority_block_prior:demoted=7340  learned_preview=814  dominated_attack=747
[guards @ 29400 decisions] guards_ran=8764  threat_obs_computed=8098  threat_obs_nonzero=8098  priority_block_prior:demoted=7376  learned_preview=818  dominated_attack=751
[guards @ 29450 decisions] guards_ran=8814  threat_obs_computed=8144  threat_obs_nonzero=8144  priority_block_prior:demoted=7430  learned_preview=822  dominated_attack=754
[guards @ 29500 decisions] guards_ran=8864  threat_obs_computed=8191  threat_obs_nonzero=8191  priority_block_prior:demoted=7466  learned_preview=826  dominated_attack=758
[guards @ 29550 decisions] guards_ran=8914  threat_obs_computed=8237  threat_obs_nonzero=8237  priority_block_prior:demoted=7502  learned_preview=832  dominated_attack=761
[guards @ 29600 decisions] guards_ran=8964  threat_obs_computed=8281  threat_obs_nonzero=8281  priority_block_prior:demoted=7556  learned_preview=836  dominated_attack=765
[guards @ 29650 decisions] guards_ran=9014  threat_obs_computed=8326  threat_obs_nonzero=8326  priority_block_prior:demoted=7592  learned_preview=842  dominated_attack=772
[guards @ 29700 decisions] guards_ran=9064  threat_obs_computed=8373  threat_obs_nonzero=8373  priority_block_prior:demoted=7628  learned_preview=846  dominated_attack=776
[guards @ 29750 decisions] guards_ran=9114  threat_obs_computed=8418  threat_obs_nonzero=8418  priority_block_prior:demoted=7682  learned_preview=850  dominated_attack=779
[guards @ 29800 decisions] guards_ran=9164  threat_obs_computed=8466  threat_obs_nonzero=8466  priority_block_prior:demoted=7718  learned_preview=854  dominated_attack=787
[guards @ 29850 decisions] guards_ran=9214  threat_obs_computed=8512  threat_obs_nonzero=8512  priority_block_prior:demoted=7754  learned_preview=860  dominated_attack=791
[guards @ 29900 decisions] guards_ran=9264  threat_obs_computed=8559  threat_obs_nonzero=8559  priority_block_prior:demoted=7790  learned_preview=864  dominated_attack=796
[guards @ 29950 decisions] guards_ran=9314  threat_obs_computed=8607  threat_obs_nonzero=8607  priority_block_prior:demoted=7850  learned_preview=870  dominated_attack=803
[guards @ 30000 decisions] guards_ran=9364  threat_obs_computed=8652  threat_obs_nonzero=8652  priority_block_prior:demoted=7904  learned_preview=874  dominated_attack=808
[guards @ 30050 decisions] guards_ran=9414  threat_obs_computed=8700  threat_obs_nonzero=8700  priority_block_prior:demoted=7940  learned_preview=878  dominated_attack=813
[guards @ 30100 decisions] guards_ran=9464  threat_obs_computed=8745  threat_obs_nonzero=8745  priority_block_prior:demoted=7994  learned_preview=884  dominated_attack=816
[guards @ 30150 decisions] guards_ran=9514  threat_obs_computed=8792  threat_obs_nonzero=8792  priority_block_prior:demoted=8030  learned_preview=888  dominated_attack=822
[guards @ 30200 decisions] guards_ran=9564  threat_obs_computed=8839  threat_obs_nonzero=8839  priority_block_prior:demoted=8066  learned_preview=892  dominated_attack=824
[guards @ 30250 decisions] guards_ran=9614  threat_obs_computed=8884  threat_obs_nonzero=8884  priority_block_prior:demoted=8114  learned_preview=898  dominated_attack=826
[guards @ 30300 decisions] guards_ran=9664  threat_obs_computed=8929  threat_obs_nonzero=8929  priority_block_prior:demoted=8156  learned_preview=902  dominated_attack=829
[guards @ 30350 decisions] guards_ran=9714  threat_obs_computed=8975  threat_obs_nonzero=8975  priority_block_prior:demoted=8204  learned_preview=908  dominated_attack=837
[guards @ 30400 decisions] guards_ran=9764  threat_obs_computed=9022  threat_obs_nonzero=9022  priority_block_prior:demoted=8246  learned_preview=912  dominated_attack=842
[guards @ 30450 decisions] guards_ran=9814  threat_obs_computed=9068  threat_obs_nonzero=9068  priority_block_prior:demoted=8282  learned_preview=916  dominated_attack=851
[guards @ 30500 decisions] guards_ran=9864  threat_obs_computed=9116  threat_obs_nonzero=9116  priority_block_prior:demoted=8324  learned_preview=920  dominated_attack=855
[guards @ 30550 decisions] guards_ran=9914  threat_obs_computed=9163  threat_obs_nonzero=9163  priority_block_prior:demoted=8372  learned_preview=926  dominated_attack=862
[guards @ 30600 decisions] guards_ran=9964  threat_obs_computed=9209  threat_obs_nonzero=9209  priority_block_prior:demoted=8408  learned_preview=930  dominated_attack=871
[guards @ 30650 decisions] guards_ran=10014  threat_obs_computed=9254  threat_obs_nonzero=9254  priority_block_prior:demoted=8458  learned_preview=936  dominated_attack=872
[guards @ 30700 decisions] guards_ran=10064  threat_obs_computed=9300  threat_obs_nonzero=9300  priority_block_prior:demoted=8494  learned_preview=938  dominated_attack=875
[guards @ 30750 decisions] guards_ran=10114  threat_obs_computed=9346  threat_obs_nonzero=9346  priority_block_prior:demoted=8542  learned_preview=944  dominated_attack=879
[guards @ 30800 decisions] guards_ran=10164  threat_obs_computed=9390  threat_obs_nonzero=9390  priority_block_prior:demoted=8584  learned_preview=948  dominated_attack=881
[guards @ 30850 decisions] guards_ran=10214  threat_obs_computed=9438  threat_obs_nonzero=9438  priority_block_prior:demoted=8602  learned_preview=952  dominated_attack=884
[guards @ 30900 decisions] guards_ran=10264  threat_obs_computed=9483  threat_obs_nonzero=9483  priority_block_prior:demoted=8656  learned_preview=956  dominated_attack=886
[guards @ 30950 decisions] guards_ran=10314  threat_obs_computed=9528  threat_obs_nonzero=9528  priority_block_prior:demoted=8692  learned_preview=960  dominated_attack=888
[guards @ 31000 decisions] guards_ran=10364  threat_obs_computed=9575  threat_obs_nonzero=9575  priority_block_prior:demoted=8728  learned_preview=966  dominated_attack=893
[guards @ 31050 decisions] guards_ran=10414  threat_obs_computed=9620  threat_obs_nonzero=9620  priority_block_prior:demoted=8782  learned_preview=970  dominated_attack=898
[guards @ 31100 decisions] guards_ran=10464  threat_obs_computed=9668  threat_obs_nonzero=9668  priority_block_prior:demoted=8830  learned_preview=976  dominated_attack=905
[guards @ 31150 decisions] guards_ran=10514  threat_obs_computed=9714  threat_obs_nonzero=9714  priority_block_prior:demoted=8884  learned_preview=980  dominated_attack=911
[guards @ 31200 decisions] guards_ran=10564  threat_obs_computed=9759  threat_obs_nonzero=9759  priority_block_prior:demoted=8920  learned_preview=986  dominated_attack=917
[guards @ 31250 decisions] guards_ran=10614  threat_obs_computed=9802  threat_obs_nonzero=9802  priority_block_prior:demoted=8974  learned_preview=990  dominated_attack=921
[guards @ 31300 decisions] guards_ran=10664  threat_obs_computed=9848  threat_obs_nonzero=9848  priority_block_prior:demoted=9010  learned_preview=994  dominated_attack=924
[guards @ 31350 decisions] guards_ran=10714  threat_obs_computed=9895  threat_obs_nonzero=9895  priority_block_prior:demoted=9064  learned_preview=1000  dominated_attack=929
[guards @ 31400 decisions] guards_ran=10764  threat_obs_computed=9944  threat_obs_nonzero=9944  priority_block_prior:demoted=9070  learned_preview=1000  dominated_attack=934
block hidden=True a_first=True: A 243.0/500; running A 49.1% [46.5, 51.6]
[guards @ 31450 decisions] priority_block_prior:demoted=84  guards_ran=45  threat_obs_computed=41  threat_obs_nonzero=41  learned_preview=10  dominated_spread=3
[guards @ 31500 decisions] priority_block_prior:demoted=108  guards_ran=95  threat_obs_computed=87  threat_obs_nonzero=87  learned_preview=14  dominated_attack=10
[guards @ 31550 decisions] priority_block_prior:demoted=162  guards_ran=145  threat_obs_computed=132  threat_obs_nonzero=132  learned_preview=18  dominated_attack=15
[guards @ 31600 decisions] priority_block_prior:demoted=216  guards_ran=195  threat_obs_computed=178  threat_obs_nonzero=178  learned_preview=24  dominated_attack=18
[guards @ 31650 decisions] priority_block_prior:demoted=260  guards_ran=245  threat_obs_computed=225  threat_obs_nonzero=225  learned_preview=28  protect_spam:demoted=24
[guards @ 31700 decisions] priority_block_prior:demoted=308  guards_ran=295  threat_obs_computed=273  threat_obs_nonzero=273  protect_spam:demoted=36  learned_preview=34
[guards @ 31750 decisions] priority_block_prior:demoted=350  guards_ran=345  threat_obs_computed=318  threat_obs_nonzero=318  learned_preview=38  protect_spam:demoted=36
[guards @ 31800 decisions] guards_ran=395  priority_block_prior:demoted=386  threat_obs_computed=365  threat_obs_nonzero=365  protect_spam:demoted=43  learned_preview=42
[guards @ 31850 decisions] guards_ran=445  priority_block_prior:demoted=422  threat_obs_computed=412  threat_obs_nonzero=412  protect_spam:demoted=50  learned_preview=46
[guards @ 31900 decisions] guards_ran=495  priority_block_prior:demoted=476  threat_obs_computed=457  threat_obs_nonzero=457  learned_preview=52  protect_spam:demoted=50
[guards @ 31950 decisions] guards_ran=545  priority_block_prior:demoted=520  threat_obs_computed=503  threat_obs_nonzero=503  learned_preview=56  protect_spam:demoted=50
[guards @ 32000 decisions] guards_ran=595  priority_block_prior:demoted=556  threat_obs_computed=549  threat_obs_nonzero=549  learned_preview=62  dominated_attack=51
[guards @ 32050 decisions] guards_ran=645  threat_obs_computed=595  threat_obs_nonzero=595  priority_block_prior:demoted=592  learned_preview=66  protect_spam:demoted=60
[guards @ 32100 decisions] guards_ran=695  threat_obs_computed=643  threat_obs_nonzero=643  priority_block_prior:demoted=628  learned_preview=68  dominated_attack=62
[guards @ 32150 decisions] guards_ran=745  threat_obs_computed=688  threat_obs_nonzero=688  priority_block_prior:demoted=664  learned_preview=74  dominated_attack=66
[guards @ 32200 decisions] guards_ran=795  threat_obs_computed=733  threat_obs_nonzero=733  priority_block_prior:demoted=718  learned_preview=78  dominated_attack=70
[guards @ 32250 decisions] guards_ran=845  threat_obs_computed=779  threat_obs_nonzero=779  priority_block_prior:demoted=766  learned_preview=84  dominated_attack=76
[guards @ 32300 decisions] guards_ran=895  threat_obs_computed=826  threat_obs_nonzero=826  priority_block_prior:demoted=820  learned_preview=90  dominated_attack=78
[guards @ 32350 decisions] guards_ran=945  threat_obs_computed=872  threat_obs_nonzero=872  priority_block_prior:demoted=862  learned_preview=94  dominated_attack=84
[guards @ 32400 decisions] guards_ran=995  threat_obs_computed=919  threat_obs_nonzero=919  priority_block_prior:demoted=898  learned_preview=98  dominated_attack=92
[guards @ 32450 decisions] guards_ran=1045  threat_obs_computed=966  threat_obs_nonzero=966  priority_block_prior:demoted=934  learned_preview=102  dominated_attack=97
[guards @ 32500 decisions] guards_ran=1095  threat_obs_computed=1013  threat_obs_nonzero=1013  priority_block_prior:demoted=970  learned_preview=106  dominated_attack=99
[guards @ 32550 decisions] guards_ran=1145  threat_obs_computed=1057  threat_obs_nonzero=1057  priority_block_prior:demoted=1024  learned_preview=112  dominated_attack=102
[guards @ 32600 decisions] guards_ran=1195  threat_obs_computed=1103  threat_obs_nonzero=1103  priority_block_prior:demoted=1060  learned_preview=116  dominated_attack=109
[guards @ 32650 decisions] guards_ran=1245  threat_obs_computed=1151  threat_obs_nonzero=1151  priority_block_prior:demoted=1096  learned_preview=120  dominated_attack=114
[guards @ 32700 decisions] guards_ran=1295  threat_obs_computed=1198  threat_obs_nonzero=1198  priority_block_prior:demoted=1132  learned_preview=124  dominated_attack=120
[guards @ 32750 decisions] guards_ran=1345  threat_obs_computed=1246  threat_obs_nonzero=1246  priority_block_prior:demoted=1168  learned_preview=128  dominated_attack=124
[guards @ 32800 decisions] guards_ran=1395  threat_obs_computed=1292  threat_obs_nonzero=1292  priority_block_prior:demoted=1216  learned_preview=134  dominated_attack=126
[guards @ 32850 decisions] guards_ran=1445  threat_obs_computed=1338  threat_obs_nonzero=1338  priority_block_prior:demoted=1240  learned_preview=138  dominated_attack=131
[guards @ 32900 decisions] guards_ran=1495  threat_obs_computed=1386  threat_obs_nonzero=1386  priority_block_prior:demoted=1276  learned_preview=142  dominated_attack=137
[guards @ 32950 decisions] guards_ran=1545  threat_obs_computed=1432  threat_obs_nonzero=1432  priority_block_prior:demoted=1324  learned_preview=146  dominated_attack=141
[guards @ 33000 decisions] guards_ran=1595  threat_obs_computed=1478  threat_obs_nonzero=1478  priority_block_prior:demoted=1366  learned_preview=150  dominated_attack=142
[guards @ 33050 decisions] guards_ran=1645  threat_obs_computed=1525  threat_obs_nonzero=1525  priority_block_prior:demoted=1402  learned_preview=156  dominated_attack=147
[guards @ 33100 decisions] guards_ran=1695  threat_obs_computed=1569  threat_obs_nonzero=1569  priority_block_prior:demoted=1438  learned_preview=160  dominated_attack=157
[guards @ 33150 decisions] guards_ran=1745  threat_obs_computed=1613  threat_obs_nonzero=1613  priority_block_prior:demoted=1492  learned_preview=164  dominated_attack=160
[guards @ 33200 decisions] guards_ran=1795  threat_obs_computed=1660  threat_obs_nonzero=1660  priority_block_prior:demoted=1540  learned_preview=170  dominated_attack=160
[guards @ 33250 decisions] guards_ran=1845  threat_obs_computed=1706  threat_obs_nonzero=1706  priority_block_prior:demoted=1582  learned_preview=174  dominated_attack=164
[guards @ 33300 decisions] guards_ran=1895  threat_obs_computed=1751  threat_obs_nonzero=1751  priority_block_prior:demoted=1618  learned_preview=178  dominated_attack=166
[guards @ 33350 decisions] guards_ran=1945  threat_obs_computed=1797  threat_obs_nonzero=1797  priority_block_prior:demoted=1672  learned_preview=184  dominated_attack=172
[guards @ 33400 decisions] guards_ran=1995  threat_obs_computed=1845  threat_obs_nonzero=1845  priority_block_prior:demoted=1708  learned_preview=190  dominated_attack=175
[guards @ 33450 decisions] guards_ran=2045  threat_obs_computed=1892  threat_obs_nonzero=1892  priority_block_prior:demoted=1756  learned_preview=194  dominated_attack=178
[guards @ 33500 decisions] guards_ran=2095  threat_obs_computed=1935  threat_obs_nonzero=1935  priority_block_prior:demoted=1798  learned_preview=198  dominated_attack=181
[guards @ 33550 decisions] guards_ran=2145  threat_obs_computed=1980  threat_obs_nonzero=1980  priority_block_prior:demoted=1846  learned_preview=204  dominated_attack=183
[guards @ 33600 decisions] guards_ran=2195  threat_obs_computed=2027  threat_obs_nonzero=2027  priority_block_prior:demoted=1894  learned_preview=208  dominated_attack=186
[guards @ 33650 decisions] guards_ran=2245  threat_obs_computed=2075  threat_obs_nonzero=2075  priority_block_prior:demoted=1930  learned_preview=212  dominated_attack=192
[guards @ 33700 decisions] guards_ran=2295  threat_obs_computed=2121  threat_obs_nonzero=2121  priority_block_prior:demoted=1966  learned_preview=216  dominated_attack=194
[guards @ 33750 decisions] guards_ran=2345  threat_obs_computed=2168  threat_obs_nonzero=2168  priority_block_prior:demoted=2002  learned_preview=222  dominated_attack=194
[guards @ 33800 decisions] guards_ran=2395  threat_obs_computed=2214  threat_obs_nonzero=2214  priority_block_prior:demoted=2056  learned_preview=226  dominated_attack=202
[guards @ 33850 decisions] guards_ran=2445  threat_obs_computed=2260  threat_obs_nonzero=2260  priority_block_prior:demoted=2092  learned_preview=230  dominated_attack=205
[guards @ 33900 decisions] guards_ran=2495  threat_obs_computed=2306  threat_obs_nonzero=2306  priority_block_prior:demoted=2146  learned_preview=236  dominated_attack=212
[guards @ 33950 decisions] guards_ran=2545  threat_obs_computed=2353  threat_obs_nonzero=2353  priority_block_prior:demoted=2182  learned_preview=240  dominated_attack=217
[guards @ 34000 decisions] guards_ran=2595  threat_obs_computed=2400  threat_obs_nonzero=2400  priority_block_prior:demoted=2218  learned_preview=244  dominated_attack=224
[guards @ 34050 decisions] guards_ran=2645  threat_obs_computed=2447  threat_obs_nonzero=2447  priority_block_prior:demoted=2254  learned_preview=250  dominated_attack=230
[guards @ 34100 decisions] guards_ran=2695  threat_obs_computed=2495  threat_obs_nonzero=2495  priority_block_prior:demoted=2290  learned_preview=252  dominated_attack=235
[guards @ 34150 decisions] guards_ran=2745  threat_obs_computed=2541  threat_obs_nonzero=2541  priority_block_prior:demoted=2344  learned_preview=258  dominated_attack=239
[guards @ 34200 decisions] guards_ran=2795  threat_obs_computed=2588  threat_obs_nonzero=2588  priority_block_prior:demoted=2380  learned_preview=264  dominated_attack=249
[guards @ 34250 decisions] guards_ran=2845  threat_obs_computed=2632  threat_obs_nonzero=2632  priority_block_prior:demoted=2434  learned_preview=268  dominated_attack=258
[guards @ 34300 decisions] guards_ran=2895  threat_obs_computed=2679  threat_obs_nonzero=2679  priority_block_prior:demoted=2470  learned_preview=272  dominated_attack=267
[guards @ 34350 decisions] guards_ran=2945  threat_obs_computed=2727  threat_obs_nonzero=2727  priority_block_prior:demoted=2506  learned_preview=276  dominated_attack=274
[guards @ 34400 decisions] guards_ran=2995  threat_obs_computed=2774  threat_obs_nonzero=2774  priority_block_prior:demoted=2542  learned_preview=282  dominated_attack=281
[guards @ 34450 decisions] guards_ran=3045  threat_obs_computed=2822  threat_obs_nonzero=2822  priority_block_prior:demoted=2590  dominated_attack=292  dominated_attack:promoted:demoted=292
[guards @ 34500 decisions] guards_ran=3095  threat_obs_computed=2867  threat_obs_nonzero=2867  priority_block_prior:demoted=2632  dominated_attack=298  dominated_attack:promoted:demoted=298
[guards @ 34550 decisions] guards_ran=3145  threat_obs_computed=2913  threat_obs_nonzero=2913  priority_block_prior:demoted=2668  dominated_attack=303  dominated_attack:promoted:demoted=303
[guards @ 34600 decisions] guards_ran=3195  threat_obs_computed=2958  threat_obs_nonzero=2958  priority_block_prior:demoted=2722  dominated_attack=307  dominated_attack:promoted:demoted=307
[guards @ 34650 decisions] guards_ran=3245  threat_obs_computed=3005  threat_obs_nonzero=3005  priority_block_prior:demoted=2758  dominated_attack=310  dominated_attack:promoted:demoted=310
[guards @ 34700 decisions] guards_ran=3295  threat_obs_computed=3052  threat_obs_nonzero=3052  priority_block_prior:demoted=2794  dominated_attack=316  dominated_attack:promoted:demoted=316
[guards @ 34750 decisions] guards_ran=3345  threat_obs_computed=3099  threat_obs_nonzero=3099  priority_block_prior:demoted=2830  dominated_attack=319  dominated_attack:promoted:demoted=319
[guards @ 34800 decisions] guards_ran=3395  threat_obs_computed=3145  threat_obs_nonzero=3145  priority_block_prior:demoted=2878  dominated_attack=322  dominated_attack:promoted:demoted=322
[guards @ 34850 decisions] guards_ran=3445  threat_obs_computed=3192  threat_obs_nonzero=3192  priority_block_prior:demoted=2920  dominated_attack=328  dominated_attack:promoted:demoted=328
[guards @ 34900 decisions] guards_ran=3495  threat_obs_computed=3237  threat_obs_nonzero=3237  priority_block_prior:demoted=2968  dominated_attack=331  dominated_attack:promoted:demoted=331
[guards @ 34950 decisions] guards_ran=3545  threat_obs_computed=3281  threat_obs_nonzero=3281  priority_block_prior:demoted=3010  dominated_attack=334  dominated_attack:promoted:demoted=334
[guards @ 35000 decisions] guards_ran=3595  threat_obs_computed=3326  threat_obs_nonzero=3326  priority_block_prior:demoted=3064  learned_preview=338  dominated_attack=338
[guards @ 35050 decisions] guards_ran=3645  threat_obs_computed=3373  threat_obs_nonzero=3373  priority_block_prior:demoted=3100  learned_preview=342  dominated_attack=340
[guards @ 35100 decisions] guards_ran=3695  threat_obs_computed=3420  threat_obs_nonzero=3420  priority_block_prior:demoted=3136  learned_preview=346  dominated_attack=344
[guards @ 35150 decisions] guards_ran=3745  threat_obs_computed=3468  threat_obs_nonzero=3468  priority_block_prior:demoted=3184  learned_preview=352  dominated_attack=344
[guards @ 35200 decisions] guards_ran=3795  threat_obs_computed=3513  threat_obs_nonzero=3513  priority_block_prior:demoted=3220  learned_preview=356  dominated_attack=348
[guards @ 35250 decisions] guards_ran=3845  threat_obs_computed=3559  threat_obs_nonzero=3559  priority_block_prior:demoted=3262  learned_preview=360  dominated_attack=351
[guards @ 35300 decisions] guards_ran=3895  threat_obs_computed=3604  threat_obs_nonzero=3604  priority_block_prior:demoted=3298  learned_preview=366  dominated_attack=355
[guards @ 35350 decisions] guards_ran=3945  threat_obs_computed=3650  threat_obs_nonzero=3650  priority_block_prior:demoted=3334  learned_preview=370  dominated_attack=359
[guards @ 35400 decisions] guards_ran=3995  threat_obs_computed=3696  threat_obs_nonzero=3696  priority_block_prior:demoted=3388  learned_preview=374  dominated_attack=361
[guards @ 35450 decisions] guards_ran=4045  threat_obs_computed=3744  threat_obs_nonzero=3744  priority_block_prior:demoted=3424  learned_preview=380  dominated_attack=368
[guards @ 35500 decisions] guards_ran=4095  threat_obs_computed=3791  threat_obs_nonzero=3791  priority_block_prior:demoted=3478  learned_preview=384  dominated_attack=372
[guards @ 35550 decisions] guards_ran=4145  threat_obs_computed=3837  threat_obs_nonzero=3837  priority_block_prior:demoted=3514  learned_preview=388  dominated_attack=375
[guards @ 35600 decisions] guards_ran=4195  threat_obs_computed=3881  threat_obs_nonzero=3881  priority_block_prior:demoted=3550  learned_preview=394  dominated_attack=377
[guards @ 35650 decisions] guards_ran=4245  threat_obs_computed=3928  threat_obs_nonzero=3928  priority_block_prior:demoted=3598  learned_preview=398  dominated_attack=384
[guards @ 35700 decisions] guards_ran=4295  threat_obs_computed=3972  threat_obs_nonzero=3972  priority_block_prior:demoted=3640  learned_preview=402  dominated_attack=388
[guards @ 35750 decisions] guards_ran=4345  threat_obs_computed=4018  threat_obs_nonzero=4018  priority_block_prior:demoted=3694  learned_preview=408  dominated_attack=391
[guards @ 35800 decisions] guards_ran=4395  threat_obs_computed=4066  threat_obs_nonzero=4066  priority_block_prior:demoted=3730  learned_preview=414  dominated_attack=395
[guards @ 35850 decisions] guards_ran=4445  threat_obs_computed=4112  threat_obs_nonzero=4112  priority_block_prior:demoted=3784  learned_preview=418  dominated_attack=401
[guards @ 35900 decisions] guards_ran=4495  threat_obs_computed=4158  threat_obs_nonzero=4158  priority_block_prior:demoted=3820  learned_preview=422  dominated_attack=407
[guards @ 35950 decisions] guards_ran=4545  threat_obs_computed=4204  threat_obs_nonzero=4204  priority_block_prior:demoted=3868  learned_preview=428  dominated_attack=411
[guards @ 36000 decisions] guards_ran=4595  threat_obs_computed=4250  threat_obs_nonzero=4250  priority_block_prior:demoted=3910  learned_preview=432  dominated_attack=413
[guards @ 36050 decisions] guards_ran=4645  threat_obs_computed=4298  threat_obs_nonzero=4298  priority_block_prior:demoted=3946  learned_preview=436  dominated_attack=419
[guards @ 36100 decisions] guards_ran=4695  threat_obs_computed=4344  threat_obs_nonzero=4344  priority_block_prior:demoted=3994  learned_preview=442  dominated_attack=423
[guards @ 36150 decisions] guards_ran=4745  threat_obs_computed=4389  threat_obs_nonzero=4389  priority_block_prior:demoted=4036  learned_preview=446  dominated_attack=428
[guards @ 36200 decisions] guards_ran=4795  threat_obs_computed=4436  threat_obs_nonzero=4436  priority_block_prior:demoted=4072  learned_preview=450  dominated_attack=434
[guards @ 36250 decisions] guards_ran=4845  threat_obs_computed=4484  threat_obs_nonzero=4484  priority_block_prior:demoted=4108  learned_preview=454  dominated_attack=440
[guards @ 36300 decisions] guards_ran=4895  threat_obs_computed=4530  threat_obs_nonzero=4530  priority_block_prior:demoted=4162  learned_preview=460  dominated_attack=444
[guards @ 36350 decisions] guards_ran=4945  threat_obs_computed=4577  threat_obs_nonzero=4577  priority_block_prior:demoted=4198  learned_preview=464  dominated_attack=448
[guards @ 36400 decisions] guards_ran=4995  threat_obs_computed=4625  threat_obs_nonzero=4625  priority_block_prior:demoted=4228  learned_preview=468  dominated_attack=450
[guards @ 36450 decisions] guards_ran=5045  threat_obs_computed=4670  threat_obs_nonzero=4670  priority_block_prior:demoted=4270  learned_preview=472  dominated_attack=457
[guards @ 36500 decisions] guards_ran=5095  threat_obs_computed=4714  threat_obs_nonzero=4714  priority_block_prior:demoted=4306  learned_preview=478  dominated_attack=463
[guards @ 36550 decisions] guards_ran=5145  threat_obs_computed=4760  threat_obs_nonzero=4760  priority_block_prior:demoted=4360  learned_preview=482  dominated_attack=465
[guards @ 36600 decisions] guards_ran=5195  threat_obs_computed=4806  threat_obs_nonzero=4806  priority_block_prior:demoted=4396  learned_preview=488  dominated_attack=466
[guards @ 36650 decisions] guards_ran=5245  threat_obs_computed=4850  threat_obs_nonzero=4850  priority_block_prior:demoted=4450  learned_preview=492  dominated_attack=469
[guards @ 36700 decisions] guards_ran=5295  threat_obs_computed=4896  threat_obs_nonzero=4896  priority_block_prior:demoted=4486  learned_preview=496  dominated_attack=477
[guards @ 36750 decisions] guards_ran=5345  threat_obs_computed=4942  threat_obs_nonzero=4942  priority_block_prior:demoted=4534  learned_preview=502  dominated_attack=479
[guards @ 36800 decisions] guards_ran=5395  threat_obs_computed=4987  threat_obs_nonzero=4987  priority_block_prior:demoted=4576  learned_preview=506  dominated_attack=483
[guards @ 36850 decisions] guards_ran=5445  threat_obs_computed=5033  threat_obs_nonzero=5033  priority_block_prior:demoted=4612  learned_preview=512  dominated_attack=486
[guards @ 36900 decisions] guards_ran=5495  threat_obs_computed=5076  threat_obs_nonzero=5076  priority_block_prior:demoted=4666  learned_preview=516  dominated_attack=490
[guards @ 36950 decisions] guards_ran=5545  threat_obs_computed=5124  threat_obs_nonzero=5124  priority_block_prior:demoted=4702  learned_preview=522  dominated_attack=495
[guards @ 37000 decisions] guards_ran=5595  threat_obs_computed=5167  threat_obs_nonzero=5167  priority_block_prior:demoted=4756  learned_preview=526  dominated_attack=497
[guards @ 37050 decisions] guards_ran=5645  threat_obs_computed=5212  threat_obs_nonzero=5212  priority_block_prior:demoted=4810  learned_preview=532  dominated_attack=500
[guards @ 37100 decisions] guards_ran=5695  threat_obs_computed=5261  threat_obs_nonzero=5261  priority_block_prior:demoted=4840  learned_preview=536  dominated_attack=502
[guards @ 37150 decisions] guards_ran=5745  threat_obs_computed=5307  threat_obs_nonzero=5307  priority_block_prior:demoted=4864  learned_preview=540  dominated_attack=505
[guards @ 37200 decisions] guards_ran=5795  threat_obs_computed=5353  threat_obs_nonzero=5353  priority_block_prior:demoted=4918  learned_preview=544  dominated_attack=508
[guards @ 37250 decisions] guards_ran=5845  threat_obs_computed=5399  threat_obs_nonzero=5399  priority_block_prior:demoted=4954  learned_preview=550  dominated_attack=515
[guards @ 37300 decisions] guards_ran=5895  threat_obs_computed=5442  threat_obs_nonzero=5442  priority_block_prior:demoted=5008  learned_preview=554  dominated_attack=522
[guards @ 37350 decisions] guards_ran=5945  threat_obs_computed=5489  threat_obs_nonzero=5489  priority_block_prior:demoted=5062  learned_preview=560  dominated_attack=525
[guards @ 37400 decisions] guards_ran=5995  threat_obs_computed=5534  threat_obs_nonzero=5534  priority_block_prior:demoted=5104  learned_preview=564  dominated_attack=532
[guards @ 37450 decisions] guards_ran=6045  threat_obs_computed=5581  threat_obs_nonzero=5581  priority_block_prior:demoted=5140  learned_preview=568  dominated_attack=543
[guards @ 37500 decisions] guards_ran=6095  threat_obs_computed=5627  threat_obs_nonzero=5627  priority_block_prior:demoted=5176  learned_preview=572  dominated_attack=547
[guards @ 37550 decisions] guards_ran=6145  threat_obs_computed=5671  threat_obs_nonzero=5671  priority_block_prior:demoted=5230  learned_preview=578  dominated_attack=551
[guards @ 37600 decisions] guards_ran=6195  threat_obs_computed=5717  threat_obs_nonzero=5717  priority_block_prior:demoted=5266  learned_preview=584  dominated_attack=554
[guards @ 37650 decisions] guards_ran=6245  threat_obs_computed=5762  threat_obs_nonzero=5762  priority_block_prior:demoted=5320  learned_preview=590  dominated_attack=558
[guards @ 37700 decisions] guards_ran=6295  threat_obs_computed=5807  threat_obs_nonzero=5807  priority_block_prior:demoted=5374  learned_preview=594  dominated_attack=559
[guards @ 37750 decisions] guards_ran=6345  threat_obs_computed=5853  threat_obs_nonzero=5853  priority_block_prior:demoted=5404  learned_preview=598  dominated_attack=566
[guards @ 37800 decisions] guards_ran=6395  threat_obs_computed=5899  threat_obs_nonzero=5899  priority_block_prior:demoted=5446  learned_preview=604  dominated_attack=570
[guards @ 37850 decisions] guards_ran=6445  threat_obs_computed=5945  threat_obs_nonzero=5945  priority_block_prior:demoted=5500  learned_preview=608  dominated_attack=573
[guards @ 37900 decisions] guards_ran=6495  threat_obs_computed=5990  threat_obs_nonzero=5990  priority_block_prior:demoted=5536  learned_preview=612  dominated_attack=577
[guards @ 37950 decisions] guards_ran=6545  threat_obs_computed=6037  threat_obs_nonzero=6037  priority_block_prior:demoted=5572  learned_preview=616  dominated_attack=583
[guards @ 38000 decisions] guards_ran=6595  threat_obs_computed=6085  threat_obs_nonzero=6085  priority_block_prior:demoted=5608  learned_preview=620  dominated_attack=588
[guards @ 38050 decisions] guards_ran=6645  threat_obs_computed=6132  threat_obs_nonzero=6132  priority_block_prior:demoted=5644  learned_preview=626  dominated_attack=596
[guards @ 38100 decisions] guards_ran=6695  threat_obs_computed=6179  threat_obs_nonzero=6179  priority_block_prior:demoted=5698  learned_preview=630  dominated_attack=600
[guards @ 38150 decisions] guards_ran=6745  threat_obs_computed=6226  threat_obs_nonzero=6226  priority_block_prior:demoted=5734  learned_preview=634  dominated_attack=603
[guards @ 38200 decisions] guards_ran=6795  threat_obs_computed=6273  threat_obs_nonzero=6273  priority_block_prior:demoted=5770  learned_preview=638  dominated_attack=607
[guards @ 38250 decisions] guards_ran=6845  threat_obs_computed=6320  threat_obs_nonzero=6320  priority_block_prior:demoted=5806  learned_preview=642  dominated_attack=609
[guards @ 38300 decisions] guards_ran=6895  threat_obs_computed=6367  threat_obs_nonzero=6367  priority_block_prior:demoted=5842  learned_preview=646  dominated_attack=611
[guards @ 38350 decisions] guards_ran=6945  threat_obs_computed=6412  threat_obs_nonzero=6412  priority_block_prior:demoted=5896  learned_preview=652  dominated_attack=618
[guards @ 38400 decisions] guards_ran=6995  threat_obs_computed=6459  threat_obs_nonzero=6459  priority_block_prior:demoted=5932  learned_preview=656  dominated_attack=625
[guards @ 38450 decisions] guards_ran=7045  threat_obs_computed=6505  threat_obs_nonzero=6505  priority_block_prior:demoted=5968  learned_preview=662  dominated_attack=627
[guards @ 38500 decisions] guards_ran=7095  threat_obs_computed=6551  threat_obs_nonzero=6551  priority_block_prior:demoted=6022  learned_preview=667  dominated_attack=633
[guards @ 38550 decisions] guards_ran=7145  threat_obs_computed=6595  threat_obs_nonzero=6595  priority_block_prior:demoted=6070  learned_preview=673  dominated_attack=638
[guards @ 38600 decisions] guards_ran=7195  threat_obs_computed=6642  threat_obs_nonzero=6642  priority_block_prior:demoted=6124  learned_preview=678  dominated_attack=642
[guards @ 38650 decisions] guards_ran=7245  threat_obs_computed=6687  threat_obs_nonzero=6687  priority_block_prior:demoted=6148  learned_preview=680  dominated_attack=648
[guards @ 38700 decisions] guards_ran=7295  threat_obs_computed=6734  threat_obs_nonzero=6734  priority_block_prior:demoted=6184  learned_preview=684  dominated_attack=652
[guards @ 38750 decisions] guards_ran=7345  threat_obs_computed=6782  threat_obs_nonzero=6782  priority_block_prior:demoted=6220  learned_preview=688  dominated_attack=656
[guards @ 38800 decisions] guards_ran=7395  threat_obs_computed=6829  threat_obs_nonzero=6829  priority_block_prior:demoted=6256  learned_preview=692  dominated_attack=660
[guards @ 38850 decisions] guards_ran=7445  threat_obs_computed=6875  threat_obs_nonzero=6875  priority_block_prior:demoted=6310  learned_preview=698  dominated_attack=662
[guards @ 38900 decisions] guards_ran=7495  threat_obs_computed=6921  threat_obs_nonzero=6921  priority_block_prior:demoted=6346  learned_preview=702  dominated_attack=668
[guards @ 38950 decisions] guards_ran=7545  threat_obs_computed=6966  threat_obs_nonzero=6966  priority_block_prior:demoted=6400  learned_preview=708  dominated_attack=674
[guards @ 39000 decisions] guards_ran=7595  threat_obs_computed=7012  threat_obs_nonzero=7012  priority_block_prior:demoted=6436  learned_preview=714  dominated_attack=679
[guards @ 39050 decisions] guards_ran=7645  threat_obs_computed=7057  threat_obs_nonzero=7057  priority_block_prior:demoted=6490  learned_preview=718  dominated_attack=681
[guards @ 39100 decisions] guards_ran=7695  threat_obs_computed=7104  threat_obs_nonzero=7104  priority_block_prior:demoted=6538  learned_preview=724  dominated_attack=684
[guards @ 39150 decisions] guards_ran=7745  threat_obs_computed=7151  threat_obs_nonzero=7151  priority_block_prior:demoted=6580  learned_preview=728  dominated_attack=688
[guards @ 39200 decisions] guards_ran=7795  threat_obs_computed=7197  threat_obs_nonzero=7197  priority_block_prior:demoted=6616  learned_preview=732  dominated_attack=692
[guards @ 39250 decisions] guards_ran=7845  threat_obs_computed=7243  threat_obs_nonzero=7243  priority_block_prior:demoted=6652  learned_preview=736  dominated_attack=695
[guards @ 39300 decisions] guards_ran=7895  threat_obs_computed=7290  threat_obs_nonzero=7290  priority_block_prior:demoted=6688  learned_preview=740  dominated_attack=699
[guards @ 39350 decisions] guards_ran=7945  threat_obs_computed=7338  threat_obs_nonzero=7338  priority_block_prior:demoted=6724  learned_preview=744  dominated_attack=705
[guards @ 39400 decisions] guards_ran=7995  threat_obs_computed=7385  threat_obs_nonzero=7385  priority_block_prior:demoted=6760  learned_preview=750  dominated_attack=706
[guards @ 39450 decisions] guards_ran=8045  threat_obs_computed=7431  threat_obs_nonzero=7431  priority_block_prior:demoted=6814  learned_preview=754  dominated_attack=713
[guards @ 39500 decisions] guards_ran=8095  threat_obs_computed=7477  threat_obs_nonzero=7477  priority_block_prior:demoted=6850  learned_preview=758  dominated_attack=719
[guards @ 39550 decisions] guards_ran=8145  threat_obs_computed=7524  threat_obs_nonzero=7524  priority_block_prior:demoted=6898  learned_preview=764  dominated_attack=723
[guards @ 39600 decisions] guards_ran=8195  threat_obs_computed=7567  threat_obs_nonzero=7567  priority_block_prior:demoted=6940  learned_preview=768  dominated_attack=731
[guards @ 39650 decisions] guards_ran=8245  threat_obs_computed=7614  threat_obs_nonzero=7614  priority_block_prior:demoted=6976  learned_preview=772  dominated_attack=738
[guards @ 39700 decisions] guards_ran=8295  threat_obs_computed=7658  threat_obs_nonzero=7658  priority_block_prior:demoted=7012  learned_preview=776  dominated_attack=744
[guards @ 39750 decisions] guards_ran=8345  threat_obs_computed=7704  threat_obs_nonzero=7704  priority_block_prior:demoted=7066  learned_preview=782  dominated_attack=747
[guards @ 39800 decisions] guards_ran=8395  threat_obs_computed=7751  threat_obs_nonzero=7751  priority_block_prior:demoted=7102  learned_preview=786  dominated_attack=750
[guards @ 39850 decisions] guards_ran=8445  threat_obs_computed=7799  threat_obs_nonzero=7799  priority_block_prior:demoted=7138  learned_preview=790  dominated_attack=755
[guards @ 39900 decisions] guards_ran=8495  threat_obs_computed=7847  threat_obs_nonzero=7847  priority_block_prior:demoted=7156  learned_preview=794  dominated_attack=759
[guards @ 39950 decisions] guards_ran=8545  threat_obs_computed=7894  threat_obs_nonzero=7894  priority_block_prior:demoted=7210  learned_preview=798  dominated_attack=766
[guards @ 40000 decisions] guards_ran=8595  threat_obs_computed=7941  threat_obs_nonzero=7941  priority_block_prior:demoted=7246  learned_preview=802  dominated_attack=772
[guards @ 40050 decisions] guards_ran=8645  threat_obs_computed=7988  threat_obs_nonzero=7988  priority_block_prior:demoted=7282  learned_preview=806  dominated_attack=776
[guards @ 40100 decisions] guards_ran=8695  threat_obs_computed=8034  threat_obs_nonzero=8034  priority_block_prior:demoted=7330  learned_preview=812  dominated_attack=779
[guards @ 40150 decisions] guards_ran=8745  threat_obs_computed=8079  threat_obs_nonzero=8079  priority_block_prior:demoted=7372  learned_preview=816  dominated_attack=783
[guards @ 40200 decisions] guards_ran=8795  threat_obs_computed=8124  threat_obs_nonzero=8124  priority_block_prior:demoted=7426  learned_preview=822  dominated_attack=787
[guards @ 40250 decisions] guards_ran=8845  threat_obs_computed=8170  threat_obs_nonzero=8170  priority_block_prior:demoted=7462  learned_preview=826  dominated_attack=793
[guards @ 40300 decisions] guards_ran=8895  threat_obs_computed=8217  threat_obs_nonzero=8217  priority_block_prior:demoted=7498  learned_preview=830  dominated_attack=796
[guards @ 40350 decisions] guards_ran=8945  threat_obs_computed=8265  threat_obs_nonzero=8265  priority_block_prior:demoted=7546  learned_preview=836  dominated_attack=805
[guards @ 40400 decisions] guards_ran=8995  threat_obs_computed=8311  threat_obs_nonzero=8311  priority_block_prior:demoted=7588  learned_preview=840  dominated_attack=810
[guards @ 40450 decisions] guards_ran=9045  threat_obs_computed=8358  threat_obs_nonzero=8358  priority_block_prior:demoted=7624  learned_preview=844  dominated_attack=815
[guards @ 40500 decisions] guards_ran=9095  threat_obs_computed=8405  threat_obs_nonzero=8405  priority_block_prior:demoted=7660  learned_preview=848  dominated_attack=819
[guards @ 40550 decisions] guards_ran=9145  threat_obs_computed=8451  threat_obs_nonzero=8451  priority_block_prior:demoted=7696  learned_preview=852  dominated_attack=821
[guards @ 40600 decisions] guards_ran=9195  threat_obs_computed=8497  threat_obs_nonzero=8497  priority_block_prior:demoted=7732  learned_preview=858  dominated_attack=825
[guards @ 40650 decisions] guards_ran=9245  threat_obs_computed=8543  threat_obs_nonzero=8543  priority_block_prior:demoted=7786  learned_preview=862  dominated_attack=828
[guards @ 40700 decisions] guards_ran=9295  threat_obs_computed=8588  threat_obs_nonzero=8588  priority_block_prior:demoted=7822  learned_preview=868  dominated_attack=828
[guards @ 40750 decisions] guards_ran=9345  threat_obs_computed=8636  threat_obs_nonzero=8636  priority_block_prior:demoted=7870  learned_preview=872  dominated_attack=837
[guards @ 40800 decisions] guards_ran=9395  threat_obs_computed=8681  threat_obs_nonzero=8681  priority_block_prior:demoted=7912  learned_preview=876  dominated_attack=844
[guards @ 40850 decisions] guards_ran=9445  threat_obs_computed=8727  threat_obs_nonzero=8727  priority_block_prior:demoted=7948  learned_preview=882  dominated_attack=847
[guards @ 40900 decisions] guards_ran=9495  threat_obs_computed=8772  threat_obs_nonzero=8772  priority_block_prior:demoted=8002  learned_preview=886  dominated_attack=851
[guards @ 40950 decisions] guards_ran=9545  threat_obs_computed=8817  threat_obs_nonzero=8817  priority_block_prior:demoted=8056  learned_preview=892  dominated_attack=856
[guards @ 41000 decisions] guards_ran=9595  threat_obs_computed=8864  threat_obs_nonzero=8864  priority_block_prior:demoted=8092  learned_preview=896  dominated_attack=863
[guards @ 41050 decisions] guards_ran=9645  threat_obs_computed=8909  threat_obs_nonzero=8909  priority_block_prior:demoted=8128  learned_preview=900  dominated_attack=869
[guards @ 41100 decisions] guards_ran=9695  threat_obs_computed=8955  threat_obs_nonzero=8955  priority_block_prior:demoted=8164  learned_preview=904  dominated_attack=873
[guards @ 41150 decisions] guards_ran=9745  threat_obs_computed=9002  threat_obs_nonzero=9002  priority_block_prior:demoted=8212  learned_preview=910  dominated_attack=878
[guards @ 41200 decisions] guards_ran=9795  threat_obs_computed=9048  threat_obs_nonzero=9048  priority_block_prior:demoted=8254  learned_preview=914  dominated_attack=882
[guards @ 41250 decisions] guards_ran=9845  threat_obs_computed=9092  threat_obs_nonzero=9092  priority_block_prior:demoted=8308  learned_preview=920  dominated_attack=886
[guards @ 41300 decisions] guards_ran=9895  threat_obs_computed=9139  threat_obs_nonzero=9139  priority_block_prior:demoted=8344  learned_preview=924  dominated_attack=890
[guards @ 41350 decisions] guards_ran=9945  threat_obs_computed=9185  threat_obs_nonzero=9185  priority_block_prior:demoted=8392  learned_preview=930  dominated_attack=892
[guards @ 41400 decisions] guards_ran=9995  threat_obs_computed=9231  threat_obs_nonzero=9231  priority_block_prior:demoted=8434  learned_preview=934  dominated_attack=899
[guards @ 41450 decisions] guards_ran=10045  threat_obs_computed=9276  threat_obs_nonzero=9276  priority_block_prior:demoted=8470  learned_preview=938  dominated_attack=902
[guards @ 41500 decisions] guards_ran=10095  threat_obs_computed=9323  threat_obs_nonzero=9323  priority_block_prior:demoted=8506  learned_preview=944  dominated_attack=904
[guards @ 41550 decisions] guards_ran=10145  threat_obs_computed=9369  threat_obs_nonzero=9369  priority_block_prior:demoted=8560  learned_preview=948  dominated_attack=909
[guards @ 41600 decisions] guards_ran=10195  threat_obs_computed=9414  threat_obs_nonzero=9414  priority_block_prior:demoted=8596  learned_preview=952  dominated_attack=911
[guards @ 41650 decisions] guards_ran=10245  threat_obs_computed=9461  threat_obs_nonzero=9461  priority_block_prior:demoted=8644  learned_preview=958  dominated_attack=914
[guards @ 41700 decisions] guards_ran=10295  threat_obs_computed=9508  threat_obs_nonzero=9508  priority_block_prior:demoted=8668  learned_preview=962  dominated_attack=919
[guards @ 41750 decisions] guards_ran=10345  threat_obs_computed=9555  threat_obs_nonzero=9555  priority_block_prior:demoted=8704  learned_preview=966  dominated_attack=925
[guards @ 41800 decisions] guards_ran=10395  threat_obs_computed=9601  threat_obs_nonzero=9601  priority_block_prior:demoted=8740  learned_preview=968  dominated_attack=928
[guards @ 41850 decisions] guards_ran=10445  threat_obs_computed=9649  threat_obs_nonzero=9649  priority_block_prior:demoted=8776  learned_preview=974  dominated_attack=931
[guards @ 41900 decisions] guards_ran=10495  threat_obs_computed=9697  threat_obs_nonzero=9697  priority_block_prior:demoted=8812  learned_preview=978  dominated_attack=933
[guards @ 41950 decisions] guards_ran=10545  threat_obs_computed=9743  threat_obs_nonzero=9743  priority_block_prior:demoted=8860  learned_preview=982  dominated_attack=938
[guards @ 42000 decisions] guards_ran=10595  threat_obs_computed=9788  threat_obs_nonzero=9788  priority_block_prior:demoted=8902  learned_preview=986  dominated_attack=941
[guards @ 42050 decisions] guards_ran=10645  threat_obs_computed=9836  threat_obs_nonzero=9836  priority_block_prior:demoted=8938  learned_preview=990  dominated_attack=945
[guards @ 42100 decisions] guards_ran=10695  threat_obs_computed=9882  threat_obs_nonzero=9882  priority_block_prior:demoted=8986  learned_preview=996  dominated_attack=949
[guards @ 42150 decisions] guards_ran=10745  threat_obs_computed=9929  threat_obs_nonzero=9929  priority_block_prior:demoted=9028  learned_preview=1000  dominated_attack=956
[guards @ 42200 decisions] guards_ran=10795  threat_obs_computed=9977  threat_obs_nonzero=9977  priority_block_prior:demoted=9028  learned_preview=1000  dominated_attack=964
block hidden=True a_first=False: A 251.0/500; running A 49.4% [47.2, 51.5]
{
  "games": 2000,
  "a_wins": 987.0,
  "ties": 0,
  "a_win_rate": 0.4935,
  "wilson_95": [
    0.4716218569513031,
    0.5154030655775036
  ],
  "guard_changed_actions_per_game": 0.5275,
  "verdict": "inconclusive",
  "complete": true
}
[10-03 07:39:45] END rc=0
[10-03 07:39:45] START .venv/bin/python evaluation/run_guard_ab.py --guards doomed_switch --without-arm results_guard_ab_review_guards_0928 --output results_guard_ab_doomed_switch
[10-03 08:24:02] END rc=0
[10-03 08:24:02] START .venv/bin/python evaluation/guard_ladder_gate.py go results_guard_ab_doomed_switch results_mirror_doomed_switch doomed_switch
results_guard_ab_doomed_switch: pooled -2.97pp [-4.37, -1.74], worst population -5.0pp
results_mirror_doomed_switch: 49.4% [47.2, 51.5] over 2000 games
doomed_switch errors: 0 in 6204 games {}
HOLD: battery: pooled upper bound < 0 (worse than the deployed bot); battery: a population at -5.0pp (< -3pp)
[10-03 08:24:02] END rc=3
[10-03 08:24:02] ROUND2_HOLD doomed_switch
[10-03 08:24:05] ROUND2_COMPLETE
