[10-03 18:02:18] REVIEW1003_START
[10-03 18:02:20] START .venv/bin/python evaluation/mirror_guard_ab.py --guard wasted_fake_out,throat_chop_main_threat,hp_move_after_hits --games 2000 --output results_mirror_review1003
/Users/phillipmantatsky/Desktop/pokemon showdown bot/vgc-bench/.venv/lib/python3.13/site-packages/torch/nn/functional.py:2452: UserWarning: The operator 'aten::embedding_renorm_' is not currently supported on the MPS backend and will fall back to run on the CPU. This may have performance implications. (Triggered internally at /Users/runner/work/pytorch/pytorch/aten/src/ATen/mps/MPSFallback.mm:34.)
  torch.embedding_renorm_(weight.detach(), input, max_norm, norm_type)
[guards @ 50 decisions] zero_damage:demoted=208  priority_block:demoted=56  guards_ran=50  threat_obs_computed=42  threat_obs_nonzero=42  learned_preview=16
[guards @ 100 decisions] zero_damage:demoted=208  guards_ran=100  threat_obs_computed=91  threat_obs_nonzero=91  priority_block:demoted=56  dominated_spread=18
[guards @ 150 decisions] zero_damage:demoted=208  guards_ran=150  threat_obs_computed=138  threat_obs_nonzero=138  priority_block:demoted=56  dominated_spread=24
[guards @ 200 decisions] zero_damage:demoted=300  guards_ran=200  threat_obs_computed=184  threat_obs_nonzero=184  priority_block:demoted=84  dominated_spread=26
[guards @ 250 decisions] zero_damage:demoted=364  guards_ran=250  threat_obs_computed=231  threat_obs_nonzero=231  priority_block:demoted=98  dominated_spread=35
[guards @ 300 decisions] zero_damage:demoted=430  guards_ran=300  threat_obs_computed=278  threat_obs_nonzero=278  priority_block:demoted=119  dominated_spread=45
[guards @ 350 decisions] zero_damage:demoted=494  guards_ran=350  threat_obs_computed=324  threat_obs_nonzero=324  priority_block:demoted=133  dominated_spread=50
[guards @ 400 decisions] zero_damage:demoted=546  guards_ran=400  threat_obs_computed=371  threat_obs_nonzero=371  priority_block:demoted=147  dominated_spread=57
[guards @ 450 decisions] zero_damage:demoted=624  guards_ran=450  threat_obs_computed=416  threat_obs_nonzero=416  priority_block:demoted=168  dominated_spread=65
[guards @ 500 decisions] zero_damage:demoted=702  guards_ran=500  threat_obs_computed=463  threat_obs_nonzero=463  priority_block:demoted=189  dominated_spread=72
[guards @ 550 decisions] zero_damage:demoted=768  guards_ran=550  threat_obs_computed=511  threat_obs_nonzero=511  priority_block:demoted=210  dominated_spread=79
[guards @ 600 decisions] zero_damage:demoted=832  guards_ran=600  threat_obs_computed=557  threat_obs_nonzero=557  priority_block:demoted=224  dominated_spread=82
[guards @ 650 decisions] zero_damage:demoted=910  guards_ran=650  threat_obs_computed=604  threat_obs_nonzero=604  priority_block:demoted=245  dominated_spread=90
[guards @ 700 decisions] zero_damage:demoted=962  guards_ran=700  threat_obs_computed=650  threat_obs_nonzero=650  priority_block:demoted=259  dominated_spread=92
[guards @ 750 decisions] zero_damage:demoted=1040  guards_ran=750  threat_obs_computed=693  threat_obs_nonzero=693  priority_block:demoted=280  dominated_spread=98
[guards @ 800 decisions] zero_damage:demoted=1118  guards_ran=800  threat_obs_computed=740  threat_obs_nonzero=740  priority_block:demoted=301  dominated_spread=102
[guards @ 850 decisions] zero_damage:demoted=1196  guards_ran=850  threat_obs_computed=785  threat_obs_nonzero=785  priority_block:demoted=322  dominated_spread=112
[guards @ 900 decisions] zero_damage:demoted=1248  guards_ran=900  threat_obs_computed=833  threat_obs_nonzero=833  priority_block:demoted=336  dominated_spread=118
[guards @ 950 decisions] zero_damage:demoted=1314  guards_ran=950  threat_obs_computed=880  threat_obs_nonzero=880  priority_block:demoted=357  dominated_spread=127
[guards @ 1000 decisions] zero_damage:demoted=1378  guards_ran=1000  threat_obs_computed=924  threat_obs_nonzero=924  priority_block:demoted=371  dominated_spread=130
[guards @ 1050 decisions] zero_damage:demoted=1456  guards_ran=1050  threat_obs_computed=970  threat_obs_nonzero=970  priority_block:demoted=392  dominated_spread=136
[guards @ 1100 decisions] zero_damage:demoted=1522  guards_ran=1100  threat_obs_computed=1013  threat_obs_nonzero=1013  priority_block:demoted=413  dominated_spread=142
[guards @ 1150 decisions] zero_damage:demoted=1586  guards_ran=1150  threat_obs_computed=1059  threat_obs_nonzero=1059  priority_block:demoted=427  dominated_spread=148
[guards @ 1200 decisions] zero_damage:demoted=1638  guards_ran=1200  threat_obs_computed=1105  threat_obs_nonzero=1105  priority_block:demoted=441  dominated_spread=154
[guards @ 1250 decisions] zero_damage:demoted=1716  guards_ran=1250  threat_obs_computed=1151  threat_obs_nonzero=1151  priority_block:demoted=462  dominated_spread=160
[guards @ 1300 decisions] zero_damage:demoted=1742  guards_ran=1300  threat_obs_computed=1198  threat_obs_nonzero=1198  priority_block:demoted=469  dominated_spread=166
[guards @ 1350 decisions] zero_damage:demoted=1820  guards_ran=1350  threat_obs_computed=1244  threat_obs_nonzero=1244  priority_block:demoted=490  dominated_spread=171
[guards @ 1400 decisions] zero_damage:demoted=1898  guards_ran=1400  threat_obs_computed=1291  threat_obs_nonzero=1291  priority_block:demoted=511  dominated_spread=178
[guards @ 1450 decisions] zero_damage:demoted=1976  guards_ran=1450  threat_obs_computed=1337  threat_obs_nonzero=1337  priority_block:demoted=532  dominated_spread=183
[guards @ 1500 decisions] zero_damage:demoted=2028  guards_ran=1500  threat_obs_computed=1383  threat_obs_nonzero=1383  priority_block:demoted=546  dominated_spread=188
[guards @ 1550 decisions] zero_damage:demoted=2106  guards_ran=1550  threat_obs_computed=1428  threat_obs_nonzero=1428  priority_block:demoted=567  dominated_spread=192
[guards @ 1600 decisions] zero_damage:demoted=2158  guards_ran=1600  threat_obs_computed=1475  threat_obs_nonzero=1475  priority_block:demoted=581  dominated_spread=197
[guards @ 1650 decisions] zero_damage:demoted=2210  guards_ran=1650  threat_obs_computed=1523  threat_obs_nonzero=1523  priority_block:demoted=595  dominated_spread=203
[guards @ 1700 decisions] zero_damage:demoted=2288  guards_ran=1700  threat_obs_computed=1569  threat_obs_nonzero=1569  priority_block:demoted=616  dominated_spread=211
[guards @ 1750 decisions] zero_damage:demoted=2372  guards_ran=1750  threat_obs_computed=1612  threat_obs_nonzero=1612  priority_block:demoted=643  dominated_spread=215
[guards @ 1800 decisions] zero_damage:demoted=2438  guards_ran=1800  threat_obs_computed=1658  threat_obs_nonzero=1658  priority_block:demoted=664  dominated_spread=221
[guards @ 1850 decisions] zero_damage:demoted=2502  guards_ran=1850  threat_obs_computed=1704  threat_obs_nonzero=1704  priority_block:demoted=678  dominated_spread=225
[guards @ 1900 decisions] zero_damage:demoted=2554  guards_ran=1900  threat_obs_computed=1752  threat_obs_nonzero=1752  priority_block:demoted=692  dominated_spread=230
[guards @ 1950 decisions] zero_damage:demoted=2632  guards_ran=1950  threat_obs_computed=1798  threat_obs_nonzero=1798  priority_block:demoted=713  dominated_spread=239
[guards @ 2000 decisions] zero_damage:demoted=2684  guards_ran=2000  threat_obs_computed=1844  threat_obs_nonzero=1844  priority_block:demoted=727  dominated_spread=245
[guards @ 2050 decisions] zero_damage:demoted=2736  guards_ran=2050  threat_obs_computed=1891  threat_obs_nonzero=1891  priority_block:demoted=741  dominated_spread=250
[guards @ 2100 decisions] zero_damage:demoted=2828  guards_ran=2100  threat_obs_computed=1935  threat_obs_nonzero=1935  priority_block:demoted=769  dominated_spread=259
[guards @ 2150 decisions] zero_damage:demoted=2866  guards_ran=2150  threat_obs_computed=1982  threat_obs_nonzero=1982  priority_block:demoted=776  dominated_spread=262
[guards @ 2200 decisions] zero_damage:demoted=2944  guards_ran=2200  threat_obs_computed=2028  threat_obs_nonzero=2028  priority_block:demoted=797  dominated_spread=270
[guards @ 2250 decisions] zero_damage:demoted=2998  guards_ran=2250  threat_obs_computed=2075  threat_obs_nonzero=2075  priority_block:demoted=818  dominated_spread=273
[guards @ 2300 decisions] zero_damage:demoted=3076  guards_ran=2300  threat_obs_computed=2120  threat_obs_nonzero=2120  priority_block:demoted=839  dominated_spread=279
[guards @ 2350 decisions] zero_damage:demoted=3128  guards_ran=2350  threat_obs_computed=2167  threat_obs_nonzero=2167  priority_block:demoted=853  dominated_spread=285
[guards @ 2400 decisions] zero_damage:demoted=3206  guards_ran=2400  threat_obs_computed=2213  threat_obs_nonzero=2213  priority_block:demoted=874  dominated_spread=290
[guards @ 2450 decisions] zero_damage:demoted=3272  guards_ran=2450  threat_obs_computed=2259  threat_obs_nonzero=2259  priority_block:demoted=895  dominated_spread=296
[guards @ 2500 decisions] zero_damage:demoted=3336  guards_ran=2500  threat_obs_computed=2305  threat_obs_nonzero=2305  priority_block:demoted=909  dominated_spread=301
[guards @ 2550 decisions] zero_damage:demoted=3402  guards_ran=2550  threat_obs_computed=2353  threat_obs_nonzero=2353  priority_block:demoted=930  dominated_spread=303
[guards @ 2600 decisions] zero_damage:demoted=3466  guards_ran=2600  threat_obs_computed=2399  threat_obs_nonzero=2399  priority_block:demoted=944  dominated_spread=309
[guards @ 2650 decisions] zero_damage:demoted=3544  guards_ran=2650  threat_obs_computed=2446  threat_obs_nonzero=2446  priority_block:demoted=965  dominated_spread=316
[guards @ 2700 decisions] zero_damage:demoted=3596  guards_ran=2700  threat_obs_computed=2492  threat_obs_nonzero=2492  priority_block:demoted=979  dominated_spread=322
[guards @ 2750 decisions] zero_damage:demoted=3662  guards_ran=2750  threat_obs_computed=2539  threat_obs_nonzero=2539  priority_block:demoted=1000  dominated_spread=327
[guards @ 2800 decisions] zero_damage:demoted=3740  guards_ran=2800  threat_obs_computed=2586  threat_obs_nonzero=2586  priority_block:demoted=1021  dominated_spread=334
[guards @ 2850 decisions] zero_damage:demoted=3804  guards_ran=2850  threat_obs_computed=2632  threat_obs_nonzero=2632  priority_block:demoted=1035  dominated_spread=337
[guards @ 2900 decisions] zero_damage:demoted=3882  guards_ran=2900  threat_obs_computed=2677  threat_obs_nonzero=2677  priority_block:demoted=1056  dominated_spread=341
[guards @ 2950 decisions] zero_damage:demoted=3960  guards_ran=2950  threat_obs_computed=2722  threat_obs_nonzero=2722  priority_block:demoted=1077  dominated_spread=347
[guards @ 3000 decisions] zero_damage:demoted=4012  guards_ran=3000  threat_obs_computed=2768  threat_obs_nonzero=2768  priority_block:demoted=1091  dominated_spread=352
[guards @ 3050 decisions] zero_damage:demoted=4090  guards_ran=3050  threat_obs_computed=2814  threat_obs_nonzero=2814  priority_block:demoted=1112  dominated_spread=357
[guards @ 3100 decisions] zero_damage:demoted=4142  guards_ran=3100  threat_obs_computed=2862  threat_obs_nonzero=2862  priority_block:demoted=1126  dominated_spread=360
[guards @ 3150 decisions] zero_damage:demoted=4220  guards_ran=3150  threat_obs_computed=2908  threat_obs_nonzero=2908  priority_block:demoted=1147  dominated_spread=370
[guards @ 3200 decisions] zero_damage:demoted=4286  guards_ran=3200  threat_obs_computed=2955  threat_obs_nonzero=2955  priority_block:demoted=1168  dominated_spread=376
[guards @ 3250 decisions] zero_damage:demoted=4324  guards_ran=3250  threat_obs_computed=3002  threat_obs_nonzero=3002  priority_block:demoted=1175  dominated_spread=380
[guards @ 3300 decisions] zero_damage:demoted=4402  guards_ran=3300  threat_obs_computed=3049  threat_obs_nonzero=3049  priority_block:demoted=1196  dominated_spread=384
[guards @ 3350 decisions] zero_damage:demoted=4454  guards_ran=3350  threat_obs_computed=3095  threat_obs_nonzero=3095  priority_block:demoted=1210  dominated_spread=389
[guards @ 3400 decisions] zero_damage:demoted=4532  guards_ran=3400  threat_obs_computed=3140  threat_obs_nonzero=3140  priority_block:demoted=1231  dominated_spread=394
[guards @ 3450 decisions] zero_damage:demoted=4584  guards_ran=3450  threat_obs_computed=3187  threat_obs_nonzero=3187  priority_block:demoted=1245  dominated_spread=400
[guards @ 3500 decisions] zero_damage:demoted=4662  guards_ran=3500  threat_obs_computed=3233  threat_obs_nonzero=3233  priority_block:demoted=1266  dominated_spread=408
[guards @ 3550 decisions] zero_damage:demoted=4740  guards_ran=3550  threat_obs_computed=3279  threat_obs_nonzero=3279  priority_block:demoted=1287  dominated_spread=414
[guards @ 3600 decisions] zero_damage:demoted=4792  guards_ran=3600  threat_obs_computed=3325  threat_obs_nonzero=3325  priority_block:demoted=1301  dominated_spread=423
[guards @ 3650 decisions] zero_damage:demoted=4844  guards_ran=3650  threat_obs_computed=3371  threat_obs_nonzero=3371  priority_block:demoted=1315  dominated_spread=428
[guards @ 3700 decisions] zero_damage:demoted=4922  guards_ran=3700  threat_obs_computed=3417  threat_obs_nonzero=3417  priority_block:demoted=1336  dominated_spread=433
[guards @ 3750 decisions] zero_damage:demoted=4974  guards_ran=3750  threat_obs_computed=3463  threat_obs_nonzero=3463  priority_block:demoted=1350  dominated_spread=439
[guards @ 3800 decisions] zero_damage:demoted=5040  guards_ran=3800  threat_obs_computed=3509  threat_obs_nonzero=3509  priority_block:demoted=1371  dominated_spread=444
[guards @ 3850 decisions] zero_damage:demoted=5104  guards_ran=3850  threat_obs_computed=3555  threat_obs_nonzero=3555  priority_block:demoted=1385  dominated_spread=451
[guards @ 3900 decisions] zero_damage:demoted=5196  guards_ran=3900  threat_obs_computed=3599  threat_obs_nonzero=3599  priority_block:demoted=1413  dominated_spread=460
[guards @ 3950 decisions] zero_damage:demoted=5234  guards_ran=3950  threat_obs_computed=3644  threat_obs_nonzero=3644  priority_block:demoted=1420  dominated_spread=476
[guards @ 4000 decisions] zero_damage:demoted=5286  guards_ran=4000  threat_obs_computed=3692  threat_obs_nonzero=3692  priority_block:demoted=1434  dominated_spread=479
[guards @ 4050 decisions] zero_damage:demoted=5364  guards_ran=4050  threat_obs_computed=3739  threat_obs_nonzero=3739  priority_block:demoted=1455  dominated_spread=489
[guards @ 4100 decisions] zero_damage:demoted=5442  guards_ran=4100  threat_obs_computed=3784  threat_obs_nonzero=3784  priority_block:demoted=1476  dominated_spread=499
[guards @ 4150 decisions] zero_damage:demoted=5520  guards_ran=4150  threat_obs_computed=3829  threat_obs_nonzero=3829  priority_block:demoted=1497  dominated_spread=503
[guards @ 4200 decisions] zero_damage:demoted=5588  guards_ran=4200  threat_obs_computed=3876  threat_obs_nonzero=3876  priority_block:demoted=1525  dominated_spread=510
[guards @ 4250 decisions] zero_damage:demoted=5666  guards_ran=4250  threat_obs_computed=3919  threat_obs_nonzero=3919  priority_block:demoted=1546  dominated_spread=516
[guards @ 4300 decisions] zero_damage:demoted=5756  guards_ran=4300  threat_obs_computed=3964  threat_obs_nonzero=3964  priority_block:demoted=1567  dominated_spread=519
[guards @ 4350 decisions] zero_damage:demoted=5808  guards_ran=4350  threat_obs_computed=4011  threat_obs_nonzero=4011  priority_block:demoted=1581  dominated_spread=525
[guards @ 4400 decisions] zero_damage:demoted=5886  guards_ran=4400  threat_obs_computed=4057  threat_obs_nonzero=4057  priority_block:demoted=1602  dominated_spread=528
[guards @ 4450 decisions] zero_damage:demoted=5964  guards_ran=4450  threat_obs_computed=4103  threat_obs_nonzero=4103  priority_block:demoted=1623  dominated_spread=533
[guards @ 4500 decisions] zero_damage:demoted=6030  guards_ran=4500  threat_obs_computed=4148  threat_obs_nonzero=4148  priority_block:demoted=1644  dominated_spread=538
[guards @ 4550 decisions] zero_damage:demoted=6094  guards_ran=4550  threat_obs_computed=4195  threat_obs_nonzero=4195  priority_block:demoted=1658  dominated_spread=550
[guards @ 4600 decisions] zero_damage:demoted=6172  guards_ran=4600  threat_obs_computed=4239  threat_obs_nonzero=4239  priority_block:demoted=1679  dominated_spread=555
[guards @ 4650 decisions] zero_damage:demoted=6224  guards_ran=4650  threat_obs_computed=4286  threat_obs_nonzero=4286  priority_block:demoted=1693  dominated_spread=558
[guards @ 4700 decisions] zero_damage:demoted=6302  guards_ran=4700  threat_obs_computed=4333  threat_obs_nonzero=4333  priority_block:demoted=1714  dominated_spread=565
[guards @ 4750 decisions] zero_damage:demoted=6354  guards_ran=4750  threat_obs_computed=4381  threat_obs_nonzero=4381  priority_block:demoted=1728  dominated_spread=568
[guards @ 4800 decisions] zero_damage:demoted=6432  guards_ran=4800  threat_obs_computed=4428  threat_obs_nonzero=4428  priority_block:demoted=1749  dominated_spread=574
[guards @ 4850 decisions] zero_damage:demoted=6510  guards_ran=4850  threat_obs_computed=4473  threat_obs_nonzero=4473  priority_block:demoted=1770  dominated_spread=580
[guards @ 4900 decisions] zero_damage:demoted=6562  guards_ran=4900  threat_obs_computed=4518  threat_obs_nonzero=4518  priority_block:demoted=1784  dominated_spread=585
[guards @ 4950 decisions] zero_damage:demoted=6614  guards_ran=4950  threat_obs_computed=4562  threat_obs_nonzero=4562  priority_block:demoted=1798  dominated_spread=588
[guards @ 5000 decisions] zero_damage:demoted=6718  guards_ran=5000  threat_obs_computed=4606  threat_obs_nonzero=4606  priority_block:demoted=1826  dominated_spread=590
[guards @ 5050 decisions] zero_damage:demoted=6796  guards_ran=5050  threat_obs_computed=4653  threat_obs_nonzero=4653  priority_block:demoted=1847  dominated_spread=594
[guards @ 5100 decisions] zero_damage:demoted=6874  guards_ran=5100  threat_obs_computed=4699  threat_obs_nonzero=4699  priority_block:demoted=1868  dominated_spread=602
[guards @ 5150 decisions] zero_damage:demoted=6926  guards_ran=5150  threat_obs_computed=4747  threat_obs_nonzero=4747  priority_block:demoted=1882  dominated_spread=610
[guards @ 5200 decisions] zero_damage:demoted=7004  guards_ran=5200  threat_obs_computed=4792  threat_obs_nonzero=4792  priority_block:demoted=1903  dominated_spread=618
[guards @ 5250 decisions] zero_damage:demoted=7082  guards_ran=5250  threat_obs_computed=4839  threat_obs_nonzero=4839  priority_block:demoted=1924  dominated_spread=623
[guards @ 5300 decisions] zero_damage:demoted=7160  guards_ran=5300  threat_obs_computed=4885  threat_obs_nonzero=4885  priority_block:demoted=1945  dominated_spread=628
[guards @ 5350 decisions] zero_damage:demoted=7226  guards_ran=5350  threat_obs_computed=4933  threat_obs_nonzero=4933  priority_block:demoted=1966  dominated_spread=641
[guards @ 5400 decisions] zero_damage:demoted=7304  guards_ran=5400  threat_obs_computed=4976  threat_obs_nonzero=4976  priority_block:demoted=1987  dominated_spread=648
[guards @ 5450 decisions] zero_damage:demoted=7394  guards_ran=5450  threat_obs_computed=5021  threat_obs_nonzero=5021  priority_block:demoted=2008  dominated_spread=655
[guards @ 5500 decisions] zero_damage:demoted=7472  guards_ran=5500  threat_obs_computed=5066  threat_obs_nonzero=5066  priority_block:demoted=2029  dominated_spread=661
[guards @ 5550 decisions] zero_damage:demoted=7524  guards_ran=5550  threat_obs_computed=5114  threat_obs_nonzero=5114  priority_block:demoted=2043  dominated_spread=669
[guards @ 5600 decisions] zero_damage:demoted=7576  guards_ran=5600  threat_obs_computed=5159  threat_obs_nonzero=5159  priority_block:demoted=2057  dominated_spread=672
[guards @ 5650 decisions] zero_damage:demoted=7628  guards_ran=5650  threat_obs_computed=5207  threat_obs_nonzero=5207  priority_block:demoted=2071  dominated_spread=676
[guards @ 5700 decisions] zero_damage:demoted=7680  guards_ran=5700  threat_obs_computed=5253  threat_obs_nonzero=5253  priority_block:demoted=2085  dominated_spread=682
[guards @ 5750 decisions] zero_damage:demoted=7758  guards_ran=5750  threat_obs_computed=5300  threat_obs_nonzero=5300  priority_block:demoted=2106  dominated_spread=689
[guards @ 5800 decisions] zero_damage:demoted=7836  guards_ran=5800  threat_obs_computed=5347  threat_obs_nonzero=5347  priority_block:demoted=2127  dominated_spread=696
[guards @ 5850 decisions] zero_damage:demoted=7914  guards_ran=5850  threat_obs_computed=5392  threat_obs_nonzero=5392  priority_block:demoted=2148  dominated_spread=702
[guards @ 5900 decisions] zero_damage:demoted=7992  guards_ran=5900  threat_obs_computed=5437  threat_obs_nonzero=5437  priority_block:demoted=2169  dominated_spread=708
[guards @ 5950 decisions] zero_damage:demoted=8044  guards_ran=5950  threat_obs_computed=5484  threat_obs_nonzero=5484  priority_block:demoted=2183  dominated_spread=713
[guards @ 6000 decisions] zero_damage:demoted=8096  guards_ran=6000  threat_obs_computed=5532  threat_obs_nonzero=5532  priority_block:demoted=2197  dominated_spread=719
[guards @ 6050 decisions] zero_damage:demoted=8174  guards_ran=6050  threat_obs_computed=5578  threat_obs_nonzero=5578  priority_block:demoted=2218  dominated_spread=723
[guards @ 6100 decisions] zero_damage:demoted=8200  guards_ran=6100  threat_obs_computed=5627  threat_obs_nonzero=5627  priority_block:demoted=2225  dominated_spread=726
[guards @ 6150 decisions] zero_damage:demoted=8278  guards_ran=6150  threat_obs_computed=5672  threat_obs_nonzero=5672  priority_block:demoted=2246  dominated_spread=730
[guards @ 6200 decisions] zero_damage:demoted=8356  guards_ran=6200  threat_obs_computed=5716  threat_obs_nonzero=5716  priority_block:demoted=2267  dominated_spread=732
[guards @ 6250 decisions] zero_damage:demoted=8434  guards_ran=6250  threat_obs_computed=5763  threat_obs_nonzero=5763  priority_block:demoted=2288  dominated_spread=742
[guards @ 6300 decisions] zero_damage:demoted=8512  guards_ran=6300  threat_obs_computed=5810  threat_obs_nonzero=5810  priority_block:demoted=2309  dominated_spread=747
[guards @ 6350 decisions] zero_damage:demoted=8564  guards_ran=6350  threat_obs_computed=5856  threat_obs_nonzero=5856  priority_block:demoted=2323  dominated_spread=753
[guards @ 6400 decisions] zero_damage:demoted=8642  guards_ran=6400  threat_obs_computed=5901  threat_obs_nonzero=5901  priority_block:demoted=2344  dominated_spread=756
[guards @ 6450 decisions] zero_damage:demoted=8694  guards_ran=6450  threat_obs_computed=5948  threat_obs_nonzero=5948  priority_block:demoted=2358  dominated_spread=766
[guards @ 6500 decisions] zero_damage:demoted=8772  guards_ran=6500  threat_obs_computed=5993  threat_obs_nonzero=5993  priority_block:demoted=2379  dominated_spread=773
[guards @ 6550 decisions] zero_damage:demoted=8850  guards_ran=6550  threat_obs_computed=6036  threat_obs_nonzero=6036  priority_block:demoted=2400  dominated_spread=776
[guards @ 6600 decisions] zero_damage:demoted=8902  guards_ran=6600  threat_obs_computed=6084  threat_obs_nonzero=6084  priority_block:demoted=2414  dominated_spread=782
[guards @ 6650 decisions] zero_damage:demoted=8954  guards_ran=6650  threat_obs_computed=6130  threat_obs_nonzero=6130  priority_block:demoted=2428  dominated_spread=791
[guards @ 6700 decisions] zero_damage:demoted=9006  guards_ran=6700  threat_obs_computed=6174  threat_obs_nonzero=6174  priority_block:demoted=2442  dominated_spread=797
[guards @ 6750 decisions] zero_damage:demoted=9072  guards_ran=6750  threat_obs_computed=6217  threat_obs_nonzero=6217  priority_block:demoted=2463  dominated_spread=803
[guards @ 6800 decisions] zero_damage:demoted=9136  guards_ran=6800  threat_obs_computed=6263  threat_obs_nonzero=6263  priority_block:demoted=2477  dominated_spread=810
[guards @ 6850 decisions] zero_damage:demoted=9214  guards_ran=6850  threat_obs_computed=6308  threat_obs_nonzero=6308  priority_block:demoted=2498  dominated_spread=817
[guards @ 6900 decisions] zero_damage:demoted=9266  guards_ran=6900  threat_obs_computed=6355  threat_obs_nonzero=6355  priority_block:demoted=2512  dominated_spread=821
[guards @ 6950 decisions] zero_damage:demoted=9344  guards_ran=6950  threat_obs_computed=6402  threat_obs_nonzero=6402  priority_block:demoted=2533  dominated_spread=826
[guards @ 7000 decisions] zero_damage:demoted=9417  guards_ran=7000  threat_obs_computed=6449  threat_obs_nonzero=6449  priority_block:demoted=2561  dominated_spread=830
[guards @ 7050 decisions] zero_damage:demoted=9481  guards_ran=7050  threat_obs_computed=6495  threat_obs_nonzero=6495  priority_block:demoted=2575  dominated_spread=838
[guards @ 7100 decisions] zero_damage:demoted=9533  guards_ran=7100  threat_obs_computed=6542  threat_obs_nonzero=6542  priority_block:demoted=2589  dominated_spread=842
[guards @ 7150 decisions] zero_damage:demoted=9611  guards_ran=7150  threat_obs_computed=6587  threat_obs_nonzero=6587  priority_block:demoted=2610  dominated_spread=850
[guards @ 7200 decisions] zero_damage:demoted=9689  guards_ran=7200  threat_obs_computed=6632  threat_obs_nonzero=6632  priority_block:demoted=2631  dominated_spread=856
[guards @ 7250 decisions] zero_damage:demoted=9741  guards_ran=7250  threat_obs_computed=6679  threat_obs_nonzero=6679  priority_block:demoted=2645  dominated_spread=866
[guards @ 7300 decisions] zero_damage:demoted=9819  guards_ran=7300  threat_obs_computed=6725  threat_obs_nonzero=6725  priority_block:demoted=2666  dominated_spread=869
[guards @ 7350 decisions] zero_damage:demoted=9871  guards_ran=7350  threat_obs_computed=6772  threat_obs_nonzero=6772  priority_block:demoted=2680  dominated_spread=874
[guards @ 7400 decisions] zero_damage:demoted=9923  guards_ran=7400  threat_obs_computed=6819  threat_obs_nonzero=6819  priority_block:demoted=2694  dominated_spread=880
[guards @ 7450 decisions] zero_damage:demoted=10001  guards_ran=7450  threat_obs_computed=6864  threat_obs_nonzero=6864  priority_block:demoted=2715  dominated_spread=886
[guards @ 7500 decisions] zero_damage:demoted=10053  guards_ran=7500  threat_obs_computed=6911  threat_obs_nonzero=6911  priority_block:demoted=2729  dominated_spread=896
[guards @ 7550 decisions] zero_damage:demoted=10119  guards_ran=7550  threat_obs_computed=6956  threat_obs_nonzero=6956  priority_block:demoted=2750  dominated_spread=901
[guards @ 7600 decisions] zero_damage:demoted=10183  guards_ran=7600  threat_obs_computed=7002  threat_obs_nonzero=7002  priority_block:demoted=2764  dominated_spread=907
[guards @ 7650 decisions] zero_damage:demoted=10261  guards_ran=7650  threat_obs_computed=7049  threat_obs_nonzero=7049  priority_block:demoted=2785  dominated_spread=912
[guards @ 7700 decisions] zero_damage:demoted=10339  guards_ran=7700  threat_obs_computed=7093  threat_obs_nonzero=7093  priority_block:demoted=2806  dominated_spread=918
[guards @ 7750 decisions] zero_damage:demoted=10391  guards_ran=7750  threat_obs_computed=7139  threat_obs_nonzero=7139  priority_block:demoted=2820  dominated_spread=923
[guards @ 7800 decisions] zero_damage:demoted=10443  guards_ran=7800  threat_obs_computed=7185  threat_obs_nonzero=7185  priority_block:demoted=2834  dominated_spread=930
[guards @ 7850 decisions] zero_damage:demoted=10495  guards_ran=7850  threat_obs_computed=7233  threat_obs_nonzero=7233  priority_block:demoted=2848  dominated_spread=938
[guards @ 7900 decisions] zero_damage:demoted=10573  guards_ran=7900  threat_obs_computed=7280  threat_obs_nonzero=7280  priority_block:demoted=2869  dominated_spread=949
[guards @ 7950 decisions] zero_damage:demoted=10651  guards_ran=7950  threat_obs_computed=7327  threat_obs_nonzero=7327  priority_block:demoted=2890  dominated_spread=957
[guards @ 8000 decisions] zero_damage:demoted=10736  guards_ran=8000  threat_obs_computed=7374  threat_obs_nonzero=7374  priority_block:demoted=2918  dominated_spread=968
[guards @ 8050 decisions] zero_damage:demoted=10788  guards_ran=8050  threat_obs_computed=7421  threat_obs_nonzero=7421  priority_block:demoted=2932  dominated_spread=973
[guards @ 8100 decisions] zero_damage:demoted=10854  guards_ran=8100  threat_obs_computed=7466  threat_obs_nonzero=7466  priority_block:demoted=2953  dominated_spread=979
[guards @ 8150 decisions] zero_damage:demoted=10906  guards_ran=8150  threat_obs_computed=7513  threat_obs_nonzero=7513  priority_block:demoted=2967  dominated_spread=983
[guards @ 8200 decisions] zero_damage:demoted=10970  guards_ran=8200  threat_obs_computed=7560  threat_obs_nonzero=7560  priority_block:demoted=2981  dominated_spread=989
[guards @ 8250 decisions] zero_damage:demoted=11022  guards_ran=8250  threat_obs_computed=7608  threat_obs_nonzero=7608  priority_block:demoted=2995  dominated_spread=993
[guards @ 8300 decisions] zero_damage:demoted=11100  guards_ran=8300  threat_obs_computed=7655  threat_obs_nonzero=7655  priority_block:demoted=3016  dominated_spread=998
[guards @ 8350 decisions] zero_damage:demoted=11178  guards_ran=8350  threat_obs_computed=7700  threat_obs_nonzero=7700  priority_block:demoted=3037  dominated_spread=1006
[guards @ 8400 decisions] zero_damage:demoted=11256  guards_ran=8400  threat_obs_computed=7744  threat_obs_nonzero=7744  priority_block:demoted=3058  dominated_spread=1012
[guards @ 8450 decisions] zero_damage:demoted=11334  guards_ran=8450  threat_obs_computed=7790  threat_obs_nonzero=7790  priority_block:demoted=3079  dominated_spread=1018
[guards @ 8500 decisions] zero_damage:demoted=11386  guards_ran=8500  threat_obs_computed=7838  threat_obs_nonzero=7838  priority_block:demoted=3093  dominated_spread=1025
[guards @ 8550 decisions] zero_damage:demoted=11464  guards_ran=8550  threat_obs_computed=7884  threat_obs_nonzero=7884  priority_block:demoted=3114  dominated_spread=1029
[guards @ 8600 decisions] zero_damage:demoted=11542  guards_ran=8600  threat_obs_computed=7927  threat_obs_nonzero=7927  priority_block:demoted=3135  dominated_spread=1034
[guards @ 8650 decisions] zero_damage:demoted=11594  guards_ran=8650  threat_obs_computed=7975  threat_obs_nonzero=7975  priority_block:demoted=3149  dominated_spread=1041
[guards @ 8700 decisions] zero_damage:demoted=11672  guards_ran=8700  threat_obs_computed=8021  threat_obs_nonzero=8021  priority_block:demoted=3170  dominated_spread=1049
[guards @ 8750 decisions] zero_damage:demoted=11738  guards_ran=8750  threat_obs_computed=8067  threat_obs_nonzero=8067  priority_block:demoted=3191  dominated_spread=1057
[guards @ 8800 decisions] zero_damage:demoted=11828  guards_ran=8800  threat_obs_computed=8111  threat_obs_nonzero=8111  priority_block:demoted=3212  dominated_spread=1063
[guards @ 8850 decisions] zero_damage:demoted=11880  guards_ran=8850  threat_obs_computed=8159  threat_obs_nonzero=8159  priority_block:demoted=3226  dominated_spread=1071
[guards @ 8900 decisions] zero_damage:demoted=11920  guards_ran=8900  threat_obs_computed=8208  threat_obs_nonzero=8208  priority_block:demoted=3240  dominated_spread=1075
[guards @ 8950 decisions] zero_damage:demoted=11984  guards_ran=8950  threat_obs_computed=8255  threat_obs_nonzero=8255  priority_block:demoted=3254  dominated_spread=1083
[guards @ 9000 decisions] zero_damage:demoted=12062  guards_ran=9000  threat_obs_computed=8298  threat_obs_nonzero=8298  priority_block:demoted=3275  dominated_spread=1087
[guards @ 9050 decisions] zero_damage:demoted=12140  guards_ran=9050  threat_obs_computed=8345  threat_obs_nonzero=8345  priority_block:demoted=3296  dominated_spread=1091
[guards @ 9100 decisions] zero_damage:demoted=12192  guards_ran=9100  threat_obs_computed=8393  threat_obs_nonzero=8393  priority_block:demoted=3310  dominated_spread=1098
[guards @ 9150 decisions] zero_damage:demoted=12244  guards_ran=9150  threat_obs_computed=8440  threat_obs_nonzero=8440  priority_block:demoted=3324  dominated_spread=1108
[guards @ 9200 decisions] zero_damage:demoted=12310  guards_ran=9200  threat_obs_computed=8485  threat_obs_nonzero=8485  priority_block:demoted=3345  dominated_spread=1114
[guards @ 9250 decisions] zero_damage:demoted=12388  guards_ran=9250  threat_obs_computed=8531  threat_obs_nonzero=8531  priority_block:demoted=3366  dominated_spread=1119
[guards @ 9300 decisions] zero_damage:demoted=12478  guards_ran=9300  threat_obs_computed=8576  threat_obs_nonzero=8576  priority_block:demoted=3387  dominated_spread=1125
[guards @ 9350 decisions] zero_damage:demoted=12530  guards_ran=9350  threat_obs_computed=8622  threat_obs_nonzero=8622  priority_block:demoted=3401  dominated_spread=1130
[guards @ 9400 decisions] zero_damage:demoted=12608  guards_ran=9400  threat_obs_computed=8667  threat_obs_nonzero=8667  priority_block:demoted=3422  dominated_spread=1135
[guards @ 9450 decisions] zero_damage:demoted=12660  guards_ran=9450  threat_obs_computed=8715  threat_obs_nonzero=8715  priority_block:demoted=3436  dominated_spread=1143
[guards @ 9500 decisions] zero_damage:demoted=12738  guards_ran=9500  threat_obs_computed=8761  threat_obs_nonzero=8761  priority_block:demoted=3457  dominated_spread=1151
[guards @ 9550 decisions] zero_damage:demoted=12816  guards_ran=9550  threat_obs_computed=8807  threat_obs_nonzero=8807  priority_block:demoted=3478  dominated_spread=1157
[guards @ 9600 decisions] zero_damage:demoted=12882  guards_ran=9600  threat_obs_computed=8855  threat_obs_nonzero=8855  priority_block:demoted=3499  dominated_spread=1165
[guards @ 9650 decisions] zero_damage:demoted=12946  guards_ran=9650  threat_obs_computed=8902  threat_obs_nonzero=8902  priority_block:demoted=3513  dominated_spread=1171
[guards @ 9700 decisions] zero_damage:demoted=13024  guards_ran=9700  threat_obs_computed=8949  threat_obs_nonzero=8949  priority_block:demoted=3534  dominated_spread=1179
block hidden=False a_first=True: A 224.0/500; running A 44.8% [40.5, 49.2]
[guards @ 9750 decisions] zero_damage:demoted=78  priority_block:demoted=21  guards_ran=16  threat_obs_computed=12  threat_obs_nonzero=12  learned_preview=6
[guards @ 9800 decisions] zero_damage:demoted=130  guards_ran=66  threat_obs_computed=58  threat_obs_nonzero=58  priority_block:demoted=35  learned_preview=12
[guards @ 9850 decisions] zero_damage:demoted=182  guards_ran=116  threat_obs_computed=106  threat_obs_nonzero=106  priority_block:demoted=49  protect_spam:demoted=25
[guards @ 9900 decisions] zero_damage:demoted=234  guards_ran=166  threat_obs_computed=153  threat_obs_nonzero=153  priority_block:demoted=63  protect_spam:demoted=25
[guards @ 9950 decisions] zero_damage:demoted=312  guards_ran=216  threat_obs_computed=199  threat_obs_nonzero=199  priority_block:demoted=84  dominated_spread=26
[guards @ 10000 decisions] zero_damage:demoted=390  guards_ran=266  threat_obs_computed=243  threat_obs_nonzero=243  priority_block:demoted=105  dominated_spread=31
[guards @ 10050 decisions] zero_damage:demoted=442  guards_ran=316  threat_obs_computed=291  threat_obs_nonzero=291  priority_block:demoted=119  dominated_spread=35
[guards @ 10100 decisions] zero_damage:demoted=508  guards_ran=366  threat_obs_computed=337  threat_obs_nonzero=337  priority_block:demoted=140  dominated_spread=41
[guards @ 10150 decisions] zero_damage:demoted=572  guards_ran=416  threat_obs_computed=382  threat_obs_nonzero=382  priority_block:demoted=154  learned_preview=46
[guards @ 10200 decisions] zero_damage:demoted=638  guards_ran=466  threat_obs_computed=430  threat_obs_nonzero=430  priority_block:demoted=175  learned_preview=50
[guards @ 10250 decisions] zero_damage:demoted=702  guards_ran=516  threat_obs_computed=476  threat_obs_nonzero=476  priority_block:demoted=189  learned_preview=54
[guards @ 10300 decisions] zero_damage:demoted=780  guards_ran=566  threat_obs_computed=522  threat_obs_nonzero=522  priority_block:demoted=210  learned_preview=60
[guards @ 10350 decisions] zero_damage:demoted=832  guards_ran=616  threat_obs_computed=568  threat_obs_nonzero=568  priority_block:demoted=224  dominated_spread=67
[guards @ 10400 decisions] zero_damage:demoted=910  guards_ran=666  threat_obs_computed=614  threat_obs_nonzero=614  priority_block:demoted=245  dominated_spread=72
[guards @ 10450 decisions] zero_damage:demoted=962  guards_ran=716  threat_obs_computed=662  threat_obs_nonzero=662  priority_block:demoted=259  learned_preview=76
[guards @ 10500 decisions] zero_damage:demoted=1014  guards_ran=766  threat_obs_computed=710  threat_obs_nonzero=710  priority_block:demoted=273  dominated_spread=83
[guards @ 10550 decisions] zero_damage:demoted=1066  guards_ran=816  threat_obs_computed=755  threat_obs_nonzero=755  priority_block:demoted=287  dominated_spread=92
[guards @ 10600 decisions] zero_damage:demoted=1118  guards_ran=866  threat_obs_computed=803  threat_obs_nonzero=803  priority_block:demoted=301  dominated_spread=97
[guards @ 10650 decisions] zero_damage:demoted=1170  guards_ran=916  threat_obs_computed=850  threat_obs_nonzero=850  priority_block:demoted=315  dominated_spread=103
[guards @ 10700 decisions] zero_damage:demoted=1236  guards_ran=966  threat_obs_computed=896  threat_obs_nonzero=896  priority_block:demoted=336  dominated_spread=110
[guards @ 10750 decisions] zero_damage:demoted=1288  guards_ran=1016  threat_obs_computed=944  threat_obs_nonzero=944  priority_block:demoted=350  dominated_spread=114
[guards @ 10800 decisions] zero_damage:demoted=1378  guards_ran=1066  threat_obs_computed=990  threat_obs_nonzero=990  priority_block:demoted=371  dominated_spread=119
[guards @ 10850 decisions] zero_damage:demoted=1430  guards_ran=1116  threat_obs_computed=1038  threat_obs_nonzero=1038  priority_block:demoted=385  dominated_spread=124
[guards @ 10900 decisions] zero_damage:demoted=1496  guards_ran=1166  threat_obs_computed=1085  threat_obs_nonzero=1085  priority_block:demoted=406  dominated_spread=132
[guards @ 10950 decisions] zero_damage:demoted=1560  guards_ran=1216  threat_obs_computed=1129  threat_obs_nonzero=1129  priority_block:demoted=420  dominated_spread=138
[guards @ 11000 decisions] zero_damage:demoted=1638  guards_ran=1266  threat_obs_computed=1175  threat_obs_nonzero=1175  priority_block:demoted=441  dominated_spread=143
[guards @ 11050 decisions] zero_damage:demoted=1716  guards_ran=1316  threat_obs_computed=1218  threat_obs_nonzero=1218  priority_block:demoted=462  dominated_spread=154
[guards @ 11100 decisions] zero_damage:demoted=1782  guards_ran=1366  threat_obs_computed=1265  threat_obs_nonzero=1265  priority_block:demoted=483  dominated_spread=159
[guards @ 11150 decisions] zero_damage:demoted=1846  guards_ran=1416  threat_obs_computed=1312  threat_obs_nonzero=1312  priority_block:demoted=497  dominated_spread=167
[guards @ 11200 decisions] zero_damage:demoted=1898  guards_ran=1466  threat_obs_computed=1360  threat_obs_nonzero=1360  priority_block:demoted=511  dominated_spread=174
[guards @ 11250 decisions] zero_damage:demoted=1950  guards_ran=1516  threat_obs_computed=1408  threat_obs_nonzero=1408  priority_block:demoted=525  dominated_spread=178
[guards @ 11300 decisions] zero_damage:demoted=2028  guards_ran=1566  threat_obs_computed=1453  threat_obs_nonzero=1453  priority_block:demoted=546  dominated_spread=188
[guards @ 11350 decisions] zero_damage:demoted=2080  guards_ran=1616  threat_obs_computed=1500  threat_obs_nonzero=1500  priority_block:demoted=560  dominated_spread=194
[guards @ 11400 decisions] zero_damage:demoted=2132  guards_ran=1666  threat_obs_computed=1546  threat_obs_nonzero=1546  priority_block:demoted=574  dominated_spread=202
[guards @ 11450 decisions] zero_damage:demoted=2210  guards_ran=1716  threat_obs_computed=1592  threat_obs_nonzero=1592  priority_block:demoted=595  dominated_spread=208
[guards @ 11500 decisions] zero_damage:demoted=2262  guards_ran=1766  threat_obs_computed=1640  threat_obs_nonzero=1640  priority_block:demoted=609  dominated_spread=211
[guards @ 11550 decisions] zero_damage:demoted=2340  guards_ran=1816  threat_obs_computed=1687  threat_obs_nonzero=1687  priority_block:demoted=630  dominated_spread=217
[guards @ 11600 decisions] zero_damage:demoted=2418  guards_ran=1866  threat_obs_computed=1734  threat_obs_nonzero=1734  priority_block:demoted=651  dominated_spread=228
[guards @ 11650 decisions] zero_damage:demoted=2470  guards_ran=1916  threat_obs_computed=1779  threat_obs_nonzero=1779  priority_block:demoted=665  dominated_spread=234
[guards @ 11700 decisions] zero_damage:demoted=2548  guards_ran=1966  threat_obs_computed=1824  threat_obs_nonzero=1824  priority_block:demoted=686  dominated_spread=238
[guards @ 11750 decisions] zero_damage:demoted=2626  guards_ran=2016  threat_obs_computed=1869  threat_obs_nonzero=1869  priority_block:demoted=707  dominated_spread=243
[guards @ 11800 decisions] zero_damage:demoted=2704  guards_ran=2066  threat_obs_computed=1916  threat_obs_nonzero=1916  priority_block:demoted=728  dominated_spread=247
[guards @ 11850 decisions] zero_damage:demoted=2789  guards_ran=2116  threat_obs_computed=1960  threat_obs_nonzero=1960  priority_block:demoted=756  dominated_spread=254
[guards @ 11900 decisions] zero_damage:demoted=2841  guards_ran=2166  threat_obs_computed=2008  threat_obs_nonzero=2008  priority_block:demoted=770  dominated_spread=261
[guards @ 11950 decisions] zero_damage:demoted=2893  guards_ran=2216  threat_obs_computed=2055  threat_obs_nonzero=2055  priority_block:demoted=784  dominated_spread=268
[guards @ 12000 decisions] zero_damage:demoted=2947  guards_ran=2266  threat_obs_computed=2104  threat_obs_nonzero=2104  priority_block:demoted=805  dominated_spread=274
[guards @ 12050 decisions] zero_damage:demoted=3025  guards_ran=2316  threat_obs_computed=2151  threat_obs_nonzero=2151  priority_block:demoted=826  dominated_spread=276
[guards @ 12100 decisions] zero_damage:demoted=3103  guards_ran=2366  threat_obs_computed=2198  threat_obs_nonzero=2198  priority_block:demoted=847  dominated_spread=282
[guards @ 12150 decisions] zero_damage:demoted=3169  guards_ran=2416  threat_obs_computed=2243  threat_obs_nonzero=2243  priority_block:demoted=868  dominated_spread=291
[guards @ 12200 decisions] zero_damage:demoted=3247  guards_ran=2466  threat_obs_computed=2290  threat_obs_nonzero=2290  priority_block:demoted=889  dominated_spread=298
[guards @ 12250 decisions] zero_damage:demoted=3311  guards_ran=2516  threat_obs_computed=2336  threat_obs_nonzero=2336  priority_block:demoted=903  dominated_spread=303
[guards @ 12300 decisions] zero_damage:demoted=3363  guards_ran=2566  threat_obs_computed=2382  threat_obs_nonzero=2382  priority_block:demoted=917  dominated_spread=311
[guards @ 12350 decisions] zero_damage:demoted=3441  guards_ran=2616  threat_obs_computed=2427  threat_obs_nonzero=2427  priority_block:demoted=938  dominated_spread=320
[guards @ 12400 decisions] zero_damage:demoted=3519  guards_ran=2666  threat_obs_computed=2473  threat_obs_nonzero=2473  priority_block:demoted=959  dominated_spread=328
[guards @ 12450 decisions] zero_damage:demoted=3571  guards_ran=2716  threat_obs_computed=2520  threat_obs_nonzero=2520  priority_block:demoted=973  dominated_spread=332
[guards @ 12500 decisions] zero_damage:demoted=3649  guards_ran=2766  threat_obs_computed=2567  threat_obs_nonzero=2567  priority_block:demoted=994  dominated_spread=338
[guards @ 12550 decisions] zero_damage:demoted=3727  guards_ran=2816  threat_obs_computed=2613  threat_obs_nonzero=2613  priority_block:demoted=1015  dominated_spread=344
[guards @ 12600 decisions] zero_damage:demoted=3793  guards_ran=2866  threat_obs_computed=2661  threat_obs_nonzero=2661  priority_block:demoted=1036  dominated_spread=349
[guards @ 12650 decisions] zero_damage:demoted=3883  guards_ran=2916  threat_obs_computed=2705  threat_obs_nonzero=2705  priority_block:demoted=1057  dominated_spread=354
[guards @ 12700 decisions] zero_damage:demoted=3935  guards_ran=2966  threat_obs_computed=2752  threat_obs_nonzero=2752  priority_block:demoted=1071  dominated_spread=360
[guards @ 12750 decisions] zero_damage:demoted=4013  guards_ran=3016  threat_obs_computed=2799  threat_obs_nonzero=2799  priority_block:demoted=1092  dominated_spread=365
[guards @ 12800 decisions] zero_damage:demoted=4065  guards_ran=3066  threat_obs_computed=2846  threat_obs_nonzero=2846  priority_block:demoted=1106  dominated_spread=370
[guards @ 12850 decisions] zero_damage:demoted=4143  guards_ran=3116  threat_obs_computed=2892  threat_obs_nonzero=2892  priority_block:demoted=1127  dominated_spread=379
[guards @ 12900 decisions] zero_damage:demoted=4195  guards_ran=3166  threat_obs_computed=2940  threat_obs_nonzero=2940  priority_block:demoted=1141  dominated_spread=384
[guards @ 12950 decisions] zero_damage:demoted=4273  guards_ran=3216  threat_obs_computed=2987  threat_obs_nonzero=2987  priority_block:demoted=1162  dominated_spread=388
[guards @ 13000 decisions] zero_damage:demoted=4351  guards_ran=3266  threat_obs_computed=3032  threat_obs_nonzero=3032  priority_block:demoted=1183  dominated_spread=393
[guards @ 13050 decisions] zero_damage:demoted=4417  guards_ran=3316  threat_obs_computed=3078  threat_obs_nonzero=3078  priority_block:demoted=1204  dominated_spread=400
[guards @ 13100 decisions] zero_damage:demoted=4481  guards_ran=3366  threat_obs_computed=3122  threat_obs_nonzero=3122  priority_block:demoted=1218  dominated_spread=408
[guards @ 13150 decisions] zero_damage:demoted=4559  guards_ran=3416  threat_obs_computed=3169  threat_obs_nonzero=3169  priority_block:demoted=1239  dominated_spread=413
[guards @ 13200 decisions] zero_damage:demoted=4611  guards_ran=3466  threat_obs_computed=3215  threat_obs_nonzero=3215  priority_block:demoted=1253  dominated_spread=422
[guards @ 13250 decisions] zero_damage:demoted=4663  guards_ran=3516  threat_obs_computed=3261  threat_obs_nonzero=3261  priority_block:demoted=1267  dominated_spread=427
[guards @ 13300 decisions] zero_damage:demoted=4748  guards_ran=3566  threat_obs_computed=3307  threat_obs_nonzero=3307  priority_block:demoted=1295  dominated_spread=430
[guards @ 13350 decisions] zero_damage:demoted=4826  guards_ran=3616  threat_obs_computed=3352  threat_obs_nonzero=3352  priority_block:demoted=1316  dominated_spread=435
[guards @ 13400 decisions] zero_damage:demoted=4904  guards_ran=3666  threat_obs_computed=3397  threat_obs_nonzero=3397  priority_block:demoted=1337  dominated_spread=439
[guards @ 13450 decisions] zero_damage:demoted=4956  guards_ran=3716  threat_obs_computed=3444  threat_obs_nonzero=3444  priority_block:demoted=1351  dominated_spread=448
[guards @ 13500 decisions] zero_damage:demoted=5022  guards_ran=3766  threat_obs_computed=3491  threat_obs_nonzero=3491  priority_block:demoted=1372  dominated_spread=455
[guards @ 13550 decisions] zero_damage:demoted=5100  guards_ran=3816  threat_obs_computed=3538  threat_obs_nonzero=3538  priority_block:demoted=1393  dominated_spread=459
[guards @ 13600 decisions] zero_damage:demoted=5164  guards_ran=3866  threat_obs_computed=3585  threat_obs_nonzero=3585  priority_block:demoted=1407  dominated_spread=465
[guards @ 13650 decisions] zero_damage:demoted=5242  guards_ran=3916  threat_obs_computed=3631  threat_obs_nonzero=3631  priority_block:demoted=1428  dominated_spread=469
[guards @ 13700 decisions] zero_damage:demoted=5294  guards_ran=3966  threat_obs_computed=3676  threat_obs_nonzero=3676  priority_block:demoted=1442  dominated_spread=476
[guards @ 13750 decisions] zero_damage:demoted=5360  guards_ran=4016  threat_obs_computed=3723  threat_obs_nonzero=3723  priority_block:demoted=1463  dominated_spread=484
[guards @ 13800 decisions] zero_damage:demoted=5424  guards_ran=4066  threat_obs_computed=3770  threat_obs_nonzero=3770  priority_block:demoted=1477  dominated_spread=490
[guards @ 13850 decisions] zero_damage:demoted=5502  guards_ran=4116  threat_obs_computed=3815  threat_obs_nonzero=3815  priority_block:demoted=1498  dominated_spread=498
[guards @ 13900 decisions] zero_damage:demoted=5554  guards_ran=4166  threat_obs_computed=3861  threat_obs_nonzero=3861  priority_block:demoted=1512  dominated_spread=504
[guards @ 13950 decisions] zero_damage:demoted=5606  guards_ran=4216  threat_obs_computed=3908  threat_obs_nonzero=3908  priority_block:demoted=1526  dominated_spread=509
[guards @ 14000 decisions] zero_damage:demoted=5710  guards_ran=4266  threat_obs_computed=3954  threat_obs_nonzero=3954  priority_block:demoted=1554  dominated_spread=517
[guards @ 14050 decisions] zero_damage:demoted=5750  guards_ran=4316  threat_obs_computed=4003  threat_obs_nonzero=4003  priority_block:demoted=1568  dominated_spread=521
[guards @ 14100 decisions] zero_damage:demoted=5814  guards_ran=4366  threat_obs_computed=4048  threat_obs_nonzero=4048  priority_block:demoted=1582  dominated_spread=528
[guards @ 14150 decisions] zero_damage:demoted=5866  guards_ran=4416  threat_obs_computed=4096  threat_obs_nonzero=4096  priority_block:demoted=1596  dominated_spread=536
[guards @ 14200 decisions] zero_damage:demoted=5918  guards_ran=4466  threat_obs_computed=4143  threat_obs_nonzero=4143  priority_block:demoted=1610  dominated_spread=541
[guards @ 14250 decisions] zero_damage:demoted=5996  guards_ran=4516  threat_obs_computed=4190  threat_obs_nonzero=4190  priority_block:demoted=1631  dominated_spread=548
[guards @ 14300 decisions] zero_damage:demoted=6074  guards_ran=4566  threat_obs_computed=4237  threat_obs_nonzero=4237  priority_block:demoted=1652  dominated_spread=553
[guards @ 14350 decisions] zero_damage:demoted=6152  guards_ran=4616  threat_obs_computed=4283  threat_obs_nonzero=4283  priority_block:demoted=1673  dominated_spread=557
[guards @ 14400 decisions] zero_damage:demoted=6218  guards_ran=4666  threat_obs_computed=4330  threat_obs_nonzero=4330  priority_block:demoted=1694  dominated_spread=563
[guards @ 14450 decisions] zero_damage:demoted=6282  guards_ran=4716  threat_obs_computed=4375  threat_obs_nonzero=4375  priority_block:demoted=1708  dominated_spread=568
[guards @ 14500 decisions] zero_damage:demoted=6334  guards_ran=4766  threat_obs_computed=4421  threat_obs_nonzero=4421  priority_block:demoted=1722  dominated_spread=573
[guards @ 14550 decisions] zero_damage:demoted=6412  guards_ran=4816  threat_obs_computed=4464  threat_obs_nonzero=4464  priority_block:demoted=1743  dominated_spread=577
[guards @ 14600 decisions] zero_damage:demoted=6464  guards_ran=4866  threat_obs_computed=4511  threat_obs_nonzero=4511  priority_block:demoted=1757  dominated_spread=581
[guards @ 14650 decisions] zero_damage:demoted=6542  guards_ran=4916  threat_obs_computed=4556  threat_obs_nonzero=4556  priority_block:demoted=1778  dominated_spread=591
[guards @ 14700 decisions] zero_damage:demoted=6627  guards_ran=4966  threat_obs_computed=4602  threat_obs_nonzero=4602  priority_block:demoted=1806  dominated_spread=597
[guards @ 14750 decisions] zero_damage:demoted=6679  guards_ran=5016  threat_obs_computed=4649  threat_obs_nonzero=4649  priority_block:demoted=1820  dominated_spread=607
[guards @ 14800 decisions] zero_damage:demoted=6757  guards_ran=5066  threat_obs_computed=4695  threat_obs_nonzero=4695  priority_block:demoted=1841  dominated_spread=613
[guards @ 14850 decisions] zero_damage:demoted=6835  guards_ran=5116  threat_obs_computed=4739  threat_obs_nonzero=4739  priority_block:demoted=1862  dominated_spread=620
[guards @ 14900 decisions] zero_damage:demoted=6887  guards_ran=5166  threat_obs_computed=4785  threat_obs_nonzero=4785  priority_block:demoted=1876  dominated_spread=623
[guards @ 14950 decisions] zero_damage:demoted=6953  guards_ran=5216  threat_obs_computed=4831  threat_obs_nonzero=4831  priority_block:demoted=1897  dominated_spread=629
[guards @ 15000 decisions] zero_damage:demoted=7017  guards_ran=5266  threat_obs_computed=4877  threat_obs_nonzero=4877  priority_block:demoted=1911  dominated_spread=633
[guards @ 15050 decisions] zero_damage:demoted=7095  guards_ran=5316  threat_obs_computed=4923  threat_obs_nonzero=4923  priority_block:demoted=1932  dominated_spread=640
[guards @ 15100 decisions] zero_damage:demoted=7147  guards_ran=5366  threat_obs_computed=4969  threat_obs_nonzero=4969  priority_block:demoted=1946  dominated_spread=643
[guards @ 15150 decisions] zero_damage:demoted=7213  guards_ran=5416  threat_obs_computed=5017  threat_obs_nonzero=5017  priority_block:demoted=1967  dominated_spread=653
[guards @ 15200 decisions] zero_damage:demoted=7277  guards_ran=5466  threat_obs_computed=5062  threat_obs_nonzero=5062  priority_block:demoted=1981  dominated_spread=659
[guards @ 15250 decisions] zero_damage:demoted=7329  guards_ran=5516  threat_obs_computed=5107  threat_obs_nonzero=5107  priority_block:demoted=1995  dominated_spread=667
[guards @ 15300 decisions] zero_damage:demoted=7395  guards_ran=5566  threat_obs_computed=5155  threat_obs_nonzero=5155  priority_block:demoted=2016  dominated_spread=674
[guards @ 15350 decisions] zero_damage:demoted=7459  guards_ran=5616  threat_obs_computed=5199  threat_obs_nonzero=5199  priority_block:demoted=2030  dominated_spread=680
[guards @ 15400 decisions] zero_damage:demoted=7537  guards_ran=5666  threat_obs_computed=5245  threat_obs_nonzero=5245  priority_block:demoted=2051  dominated_spread=687
[guards @ 15450 decisions] zero_damage:demoted=7615  guards_ran=5716  threat_obs_computed=5292  threat_obs_nonzero=5292  priority_block:demoted=2072  dominated_spread=700
[guards @ 15500 decisions] zero_damage:demoted=7667  guards_ran=5766  threat_obs_computed=5339  threat_obs_nonzero=5339  priority_block:demoted=2086  dominated_spread=706
[guards @ 15550 decisions] zero_damage:demoted=7745  guards_ran=5816  threat_obs_computed=5385  threat_obs_nonzero=5385  priority_block:demoted=2107  dominated_spread=714
[guards @ 15600 decisions] zero_damage:demoted=7797  guards_ran=5866  threat_obs_computed=5433  threat_obs_nonzero=5433  priority_block:demoted=2121  dominated_spread=726
[guards @ 15650 decisions] zero_damage:demoted=7849  guards_ran=5916  threat_obs_computed=5480  threat_obs_nonzero=5480  priority_block:demoted=2135  dominated_spread=729
[guards @ 15700 decisions] zero_damage:demoted=7901  guards_ran=5966  threat_obs_computed=5527  threat_obs_nonzero=5527  priority_block:demoted=2149  dominated_spread=733
[guards @ 15750 decisions] zero_damage:demoted=7953  guards_ran=6016  threat_obs_computed=5574  threat_obs_nonzero=5574  priority_block:demoted=2163  dominated_spread=737
[guards @ 15800 decisions] zero_damage:demoted=8031  guards_ran=6066  threat_obs_computed=5621  threat_obs_nonzero=5621  priority_block:demoted=2184  dominated_spread=738
[guards @ 15850 decisions] zero_damage:demoted=8083  guards_ran=6116  threat_obs_computed=5669  threat_obs_nonzero=5669  priority_block:demoted=2198  dominated_spread=743
[guards @ 15900 decisions] zero_damage:demoted=8161  guards_ran=6166  threat_obs_computed=5716  threat_obs_nonzero=5716  priority_block:demoted=2219  dominated_spread=749
[guards @ 15950 decisions] zero_damage:demoted=8239  guards_ran=6216  threat_obs_computed=5759  threat_obs_nonzero=5759  priority_block:demoted=2240  dominated_spread=756
[guards @ 16000 decisions] zero_damage:demoted=8291  guards_ran=6266  threat_obs_computed=5807  threat_obs_nonzero=5807  priority_block:demoted=2254  dominated_spread=768
[guards @ 16050 decisions] zero_damage:demoted=8369  guards_ran=6316  threat_obs_computed=5854  threat_obs_nonzero=5854  priority_block:demoted=2275  dominated_spread=774
[guards @ 16100 decisions] zero_damage:demoted=8447  guards_ran=6366  threat_obs_computed=5901  threat_obs_nonzero=5901  priority_block:demoted=2296  dominated_spread=787
[guards @ 16150 decisions] zero_damage:demoted=8499  guards_ran=6416  threat_obs_computed=5948  threat_obs_nonzero=5948  priority_block:demoted=2310  dominated_spread=792
[guards @ 16200 decisions] zero_damage:demoted=8525  guards_ran=6466  threat_obs_computed=5996  threat_obs_nonzero=5996  priority_block:demoted=2317  dominated_spread=795
[guards @ 16250 decisions] zero_damage:demoted=8603  guards_ran=6516  threat_obs_computed=6042  threat_obs_nonzero=6042  priority_block:demoted=2338  dominated_spread=803
[guards @ 16300 decisions] zero_damage:demoted=8655  guards_ran=6566  threat_obs_computed=6090  threat_obs_nonzero=6090  priority_block:demoted=2352  dominated_spread=811
[guards @ 16350 decisions] zero_damage:demoted=8740  guards_ran=6616  threat_obs_computed=6136  threat_obs_nonzero=6136  priority_block:demoted=2380  dominated_spread=817
[guards @ 16400 decisions] zero_damage:demoted=8818  guards_ran=6666  threat_obs_computed=6182  threat_obs_nonzero=6182  priority_block:demoted=2401  dominated_spread=820
[guards @ 16450 decisions] zero_damage:demoted=8896  guards_ran=6716  threat_obs_computed=6228  threat_obs_nonzero=6228  priority_block:demoted=2422  dominated_spread=824
[guards @ 16500 decisions] zero_damage:demoted=8974  guards_ran=6766  threat_obs_computed=6274  threat_obs_nonzero=6274  priority_block:demoted=2443  dominated_spread=833
[guards @ 16550 decisions] zero_damage:demoted=9026  guards_ran=6816  threat_obs_computed=6318  threat_obs_nonzero=6318  priority_block:demoted=2457  dominated_spread=836
[guards @ 16600 decisions] zero_damage:demoted=9104  guards_ran=6866  threat_obs_computed=6363  threat_obs_nonzero=6363  priority_block:demoted=2478  dominated_spread=841
[guards @ 16650 decisions] zero_damage:demoted=9156  guards_ran=6916  threat_obs_computed=6410  threat_obs_nonzero=6410  priority_block:demoted=2492  dominated_spread=845
[guards @ 16700 decisions] zero_damage:demoted=9208  guards_ran=6966  threat_obs_computed=6458  threat_obs_nonzero=6458  priority_block:demoted=2506  dominated_spread=854
[guards @ 16750 decisions] zero_damage:demoted=9286  guards_ran=7016  threat_obs_computed=6501  threat_obs_nonzero=6501  priority_block:demoted=2527  dominated_spread=858
[guards @ 16800 decisions] zero_damage:demoted=9338  guards_ran=7066  threat_obs_computed=6549  threat_obs_nonzero=6549  priority_block:demoted=2541  dominated_spread=871
[guards @ 16850 decisions] zero_damage:demoted=9430  guards_ran=7116  threat_obs_computed=6595  threat_obs_nonzero=6595  priority_block:demoted=2569  dominated_spread=873
[guards @ 16900 decisions] zero_damage:demoted=9494  guards_ran=7166  threat_obs_computed=6640  threat_obs_nonzero=6640  priority_block:demoted=2583  dominated_spread=883
[guards @ 16950 decisions] zero_damage:demoted=9572  guards_ran=7216  threat_obs_computed=6686  threat_obs_nonzero=6686  priority_block:demoted=2604  dominated_spread=892
[guards @ 17000 decisions] zero_damage:demoted=9640  guards_ran=7266  threat_obs_computed=6733  threat_obs_nonzero=6733  priority_block:demoted=2632  dominated_spread=900
[guards @ 17050 decisions] zero_damage:demoted=9718  guards_ran=7316  threat_obs_computed=6780  threat_obs_nonzero=6780  priority_block:demoted=2653  dominated_spread=910
[guards @ 17100 decisions] zero_damage:demoted=9782  guards_ran=7366  threat_obs_computed=6825  threat_obs_nonzero=6825  priority_block:demoted=2667  dominated_spread=919
[guards @ 17150 decisions] zero_damage:demoted=9860  guards_ran=7416  threat_obs_computed=6871  threat_obs_nonzero=6871  priority_block:demoted=2688  dominated_spread=925
[guards @ 17200 decisions] zero_damage:demoted=9938  guards_ran=7466  threat_obs_computed=6917  threat_obs_nonzero=6917  priority_block:demoted=2709  dominated_spread=929
[guards @ 17250 decisions] zero_damage:demoted=9990  guards_ran=7516  threat_obs_computed=6962  threat_obs_nonzero=6962  priority_block:demoted=2723  dominated_spread=938
[guards @ 17300 decisions] zero_damage:demoted=10042  guards_ran=7566  threat_obs_computed=7010  threat_obs_nonzero=7010  priority_block:demoted=2737  dominated_spread=943
[guards @ 17350 decisions] zero_damage:demoted=10120  guards_ran=7616  threat_obs_computed=7055  threat_obs_nonzero=7055  priority_block:demoted=2758  dominated_spread=946
[guards @ 17400 decisions] zero_damage:demoted=10198  guards_ran=7666  threat_obs_computed=7099  threat_obs_nonzero=7099  priority_block:demoted=2779  dominated_spread=954
[guards @ 17450 decisions] zero_damage:demoted=10264  guards_ran=7716  threat_obs_computed=7147  threat_obs_nonzero=7147  priority_block:demoted=2800  dominated_spread=959
[guards @ 17500 decisions] zero_damage:demoted=10316  guards_ran=7766  threat_obs_computed=7195  threat_obs_nonzero=7195  priority_block:demoted=2814  dominated_spread=965
[guards @ 17550 decisions] zero_damage:demoted=10380  guards_ran=7816  threat_obs_computed=7241  threat_obs_nonzero=7241  priority_block:demoted=2828  dominated_spread=971
[guards @ 17600 decisions] zero_damage:demoted=10458  guards_ran=7866  threat_obs_computed=7286  threat_obs_nonzero=7286  priority_block:demoted=2849  dominated_spread=976
[guards @ 17650 decisions] zero_damage:demoted=10536  guards_ran=7916  threat_obs_computed=7333  threat_obs_nonzero=7333  priority_block:demoted=2870  dominated_spread=982
[guards @ 17700 decisions] zero_damage:demoted=10614  guards_ran=7966  threat_obs_computed=7378  threat_obs_nonzero=7378  priority_block:demoted=2891  dominated_spread=986
[guards @ 17750 decisions] zero_damage:demoted=10640  guards_ran=8016  threat_obs_computed=7426  threat_obs_nonzero=7426  priority_block:demoted=2898  dominated_spread=992
[guards @ 17800 decisions] zero_damage:demoted=10692  guards_ran=8066  threat_obs_computed=7473  threat_obs_nonzero=7473  priority_block:demoted=2912  dominated_spread=997
[guards @ 17850 decisions] zero_damage:demoted=10770  guards_ran=8116  threat_obs_computed=7520  threat_obs_nonzero=7520  priority_block:demoted=2933  dominated_spread=1005
[guards @ 17900 decisions] zero_damage:demoted=10848  guards_ran=8166  threat_obs_computed=7566  threat_obs_nonzero=7566  priority_block:demoted=2954  dominated_spread=1010
[guards @ 17950 decisions] zero_damage:demoted=10926  guards_ran=8216  threat_obs_computed=7612  threat_obs_nonzero=7612  priority_block:demoted=2975  dominated_spread=1017
[guards @ 18000 decisions] zero_damage:demoted=11004  guards_ran=8266  threat_obs_computed=7658  threat_obs_nonzero=7658  priority_block:demoted=2996  dominated_spread=1023
[guards @ 18050 decisions] zero_damage:demoted=11056  guards_ran=8316  threat_obs_computed=7705  threat_obs_nonzero=7705  priority_block:demoted=3010  dominated_spread=1029
[guards @ 18100 decisions] zero_damage:demoted=11108  guards_ran=8366  threat_obs_computed=7752  threat_obs_nonzero=7752  priority_block:demoted=3024  dominated_spread=1033
[guards @ 18150 decisions] zero_damage:demoted=11186  guards_ran=8416  threat_obs_computed=7797  threat_obs_nonzero=7797  priority_block:demoted=3045  dominated_spread=1039
[guards @ 18200 decisions] zero_damage:demoted=11264  guards_ran=8466  threat_obs_computed=7843  threat_obs_nonzero=7843  priority_block:demoted=3066  dominated_spread=1043
[guards @ 18250 decisions] zero_damage:demoted=11330  guards_ran=8516  threat_obs_computed=7890  threat_obs_nonzero=7890  priority_block:demoted=3087  dominated_spread=1052
[guards @ 18300 decisions] zero_damage:demoted=11394  guards_ran=8566  threat_obs_computed=7934  threat_obs_nonzero=7934  priority_block:demoted=3101  dominated_spread=1057
[guards @ 18350 decisions] zero_damage:demoted=11460  guards_ran=8616  threat_obs_computed=7982  threat_obs_nonzero=7982  priority_block:demoted=3122  dominated_spread=1062
[guards @ 18400 decisions] zero_damage:demoted=11512  guards_ran=8666  threat_obs_computed=8028  threat_obs_nonzero=8028  priority_block:demoted=3136  dominated_spread=1065
[guards @ 18450 decisions] zero_damage:demoted=11576  guards_ran=8716  threat_obs_computed=8074  threat_obs_nonzero=8074  priority_block:demoted=3150  dominated_spread=1069
[guards @ 18500 decisions] zero_damage:demoted=11654  guards_ran=8766  threat_obs_computed=8119  threat_obs_nonzero=8119  priority_block:demoted=3171  dominated_spread=1076
[guards @ 18550 decisions] zero_damage:demoted=11706  guards_ran=8816  threat_obs_computed=8167  threat_obs_nonzero=8167  priority_block:demoted=3185  dominated_spread=1082
[guards @ 18600 decisions] zero_damage:demoted=11732  guards_ran=8866  threat_obs_computed=8215  threat_obs_nonzero=8215  priority_block:demoted=3192  dominated_spread=1089
[guards @ 18650 decisions] zero_damage:demoted=11810  guards_ran=8916  threat_obs_computed=8261  threat_obs_nonzero=8261  priority_block:demoted=3213  dominated_spread=1099
[guards @ 18700 decisions] zero_damage:demoted=11888  guards_ran=8966  threat_obs_computed=8307  threat_obs_nonzero=8307  priority_block:demoted=3234  dominated_spread=1105
[guards @ 18750 decisions] zero_damage:demoted=11940  guards_ran=9016  threat_obs_computed=8355  threat_obs_nonzero=8355  priority_block:demoted=3248  dominated_spread=1109
[guards @ 18800 decisions] zero_damage:demoted=11992  guards_ran=9066  threat_obs_computed=8403  threat_obs_nonzero=8403  priority_block:demoted=3262  dominated_spread=1116
[guards @ 18850 decisions] zero_damage:demoted=12070  guards_ran=9116  threat_obs_computed=8449  threat_obs_nonzero=8449  priority_block:demoted=3283  dominated_spread=1120
[guards @ 18900 decisions] zero_damage:demoted=12148  guards_ran=9166  threat_obs_computed=8494  threat_obs_nonzero=8494  priority_block:demoted=3304  dominated_spread=1123
[guards @ 18950 decisions] zero_damage:demoted=12226  guards_ran=9216  threat_obs_computed=8541  threat_obs_nonzero=8541  priority_block:demoted=3325  dominated_spread=1131
[guards @ 19000 decisions] zero_damage:demoted=12304  guards_ran=9266  threat_obs_computed=8587  threat_obs_nonzero=8587  priority_block:demoted=3346  dominated_spread=1136
[guards @ 19050 decisions] zero_damage:demoted=12356  guards_ran=9316  threat_obs_computed=8633  threat_obs_nonzero=8633  priority_block:demoted=3360  dominated_spread=1141
[guards @ 19100 decisions] zero_damage:demoted=12434  guards_ran=9366  threat_obs_computed=8680  threat_obs_nonzero=8680  priority_block:demoted=3381  dominated_spread=1155
[guards @ 19150 decisions] zero_damage:demoted=12512  guards_ran=9416  threat_obs_computed=8726  threat_obs_nonzero=8726  priority_block:demoted=3402  dominated_spread=1164
[guards @ 19200 decisions] zero_damage:demoted=12592  guards_ran=9466  threat_obs_computed=8772  threat_obs_nonzero=8772  priority_block:demoted=3430  dominated_spread=1171
[guards @ 19250 decisions] zero_damage:demoted=12658  guards_ran=9516  threat_obs_computed=8817  threat_obs_nonzero=8817  priority_block:demoted=3451  dominated_spread=1177
[guards @ 19300 decisions] zero_damage:demoted=12696  guards_ran=9566  threat_obs_computed=8863  threat_obs_nonzero=8863  priority_block:demoted=3458  dominated_spread=1179
[guards @ 19350 decisions] zero_damage:demoted=12774  guards_ran=9616  threat_obs_computed=8910  threat_obs_nonzero=8910  priority_block:demoted=3479  dominated_spread=1187
[guards @ 19400 decisions] zero_damage:demoted=12852  guards_ran=9666  threat_obs_computed=8956  threat_obs_nonzero=8956  priority_block:demoted=3500  dominated_spread=1195
[guards @ 19450 decisions] zero_damage:demoted=12918  guards_ran=9716  threat_obs_computed=9003  threat_obs_nonzero=9003  priority_block:demoted=3521  dominated_spread=1199
[guards @ 19500 decisions] zero_damage:demoted=12982  guards_ran=9766  threat_obs_computed=9049  threat_obs_nonzero=9049  priority_block:demoted=3535  dominated_spread=1208
[guards @ 19550 decisions] zero_damage:demoted=13034  guards_ran=9816  threat_obs_computed=9094  threat_obs_nonzero=9094  priority_block:demoted=3549  dominated_spread=1217
block hidden=False a_first=False: A 221.0/500; running A 44.5% [41.4, 47.6]
[guards @ 19600 decisions] priority_block_prior:demoted=54  guards_ran=16  threat_obs_computed=13  threat_obs_nonzero=13  learned_preview=8  dominated_spread=2
[guards @ 19650 decisions] priority_block_prior:demoted=90  guards_ran=66  threat_obs_computed=60  threat_obs_nonzero=60  learned_preview=12  dominated_spread=11
[guards @ 19700 decisions] priority_block_prior:demoted=126  guards_ran=116  threat_obs_computed=108  threat_obs_nonzero=108  learned_preview=16  dominated_spread=14
[guards @ 19750 decisions] priority_block_prior:demoted=174  guards_ran=166  threat_obs_computed=153  threat_obs_nonzero=153  learned_preview=20  protect_spam:demoted=18
[guards @ 19800 decisions] guards_ran=216  priority_block_prior:demoted=216  threat_obs_computed=200  threat_obs_nonzero=200  learned_preview=24  dominated_attack=24
[guards @ 19850 decisions] guards_ran=266  priority_block_prior:demoted=252  threat_obs_computed=246  threat_obs_nonzero=246  dominated_attack=30  dominated_attack:promoted:demoted=30
[guards @ 19900 decisions] guards_ran=316  threat_obs_computed=293  threat_obs_nonzero=293  priority_block_prior:demoted=288  dominated_attack=34  dominated_attack:promoted:demoted=34
[guards @ 19950 decisions] guards_ran=366  threat_obs_computed=341  threat_obs_nonzero=341  priority_block_prior:demoted=336  dominated_attack=40  dominated_attack:promoted:demoted=40
[guards @ 20000 decisions] guards_ran=416  threat_obs_computed=388  threat_obs_nonzero=388  priority_block_prior:demoted=378  dominated_attack=44  dominated_attack:promoted:demoted=44
[guards @ 20050 decisions] guards_ran=466  threat_obs_computed=433  threat_obs_nonzero=433  priority_block_prior:demoted=414  dominated_attack=50  dominated_attack:promoted:demoted=50
[guards @ 20100 decisions] guards_ran=516  threat_obs_computed=481  threat_obs_nonzero=481  priority_block_prior:demoted=462  dominated_attack=54  dominated_attack:promoted:demoted=54
[guards @ 20150 decisions] guards_ran=566  threat_obs_computed=526  threat_obs_nonzero=526  priority_block_prior:demoted=504  dominated_attack=58  dominated_attack:promoted:demoted=58
[guards @ 20200 decisions] guards_ran=616  threat_obs_computed=573  threat_obs_nonzero=573  priority_block_prior:demoted=540  learned_preview=60  dominated_spread=59
[guards @ 20250 decisions] guards_ran=666  threat_obs_computed=620  threat_obs_nonzero=620  priority_block_prior:demoted=576  learned_preview=64  dominated_spread=62
[guards @ 20300 decisions] guards_ran=716  threat_obs_computed=668  threat_obs_nonzero=668  priority_block_prior:demoted=612  learned_preview=68  dominated_spread=66
[guards @ 20350 decisions] guards_ran=766  threat_obs_computed=716  threat_obs_nonzero=716  priority_block_prior:demoted=660  learned_preview=74  dominated_attack=70
[guards @ 20400 decisions] guards_ran=816  threat_obs_computed=761  threat_obs_nonzero=761  priority_block_prior:demoted=702  learned_preview=78  dominated_spread=72
[guards @ 20450 decisions] guards_ran=866  threat_obs_computed=806  threat_obs_nonzero=806  priority_block_prior:demoted=738  learned_preview=82  dominated_spread=77
[guards @ 20500 decisions] guards_ran=916  threat_obs_computed=854  threat_obs_nonzero=854  priority_block_prior:demoted=774  learned_preview=86  dominated_spread=82
[guards @ 20550 decisions] guards_ran=966  threat_obs_computed=900  threat_obs_nonzero=900  priority_block_prior:demoted=822  learned_preview=92  dominated_attack=88
[guards @ 20600 decisions] guards_ran=1016  threat_obs_computed=946  threat_obs_nonzero=946  priority_block_prior:demoted=864  learned_preview=96  dominated_attack=95
[guards @ 20650 decisions] guards_ran=1066  threat_obs_computed=993  threat_obs_nonzero=993  priority_block_prior:demoted=906  learned_preview=100  dominated_attack=99
[guards @ 20700 decisions] guards_ran=1116  threat_obs_computed=1038  threat_obs_nonzero=1038  priority_block_prior:demoted=960  learned_preview=106  dominated_attack=102
[guards @ 20750 decisions] guards_ran=1166  threat_obs_computed=1085  threat_obs_nonzero=1085  priority_block_prior:demoted=1008  learned_preview=112  dominated_attack=107
[guards @ 20800 decisions] guards_ran=1216  threat_obs_computed=1129  threat_obs_nonzero=1129  priority_block_prior:demoted=1050  learned_preview=116  dominated_attack=113
[guards @ 20850 decisions] guards_ran=1266  threat_obs_computed=1173  threat_obs_nonzero=1173  priority_block_prior:demoted=1104  learned_preview=122  dominated_attack=117
[guards @ 20900 decisions] guards_ran=1316  threat_obs_computed=1220  threat_obs_nonzero=1220  priority_block_prior:demoted=1140  learned_preview=126  dominated_attack=122
[guards @ 20950 decisions] guards_ran=1366  threat_obs_computed=1267  threat_obs_nonzero=1267  priority_block_prior:demoted=1176  dominated_attack=133  dominated_attack:promoted:demoted=133
[guards @ 21000 decisions] guards_ran=1416  threat_obs_computed=1315  threat_obs_nonzero=1315  priority_block_prior:demoted=1212  learned_preview=136  dominated_attack=135
[guards @ 21050 decisions] guards_ran=1466  threat_obs_computed=1362  threat_obs_nonzero=1362  priority_block_prior:demoted=1266  dominated_attack=142  dominated_attack:promoted:demoted=142
[guards @ 21100 decisions] guards_ran=1516  threat_obs_computed=1408  threat_obs_nonzero=1408  priority_block_prior:demoted=1314  learned_preview=146  dominated_attack=145
[guards @ 21150 decisions] guards_ran=1566  threat_obs_computed=1454  threat_obs_nonzero=1454  priority_block_prior:demoted=1356  dominated_attack=151  dominated_attack:promoted:demoted=151
[guards @ 21200 decisions] guards_ran=1616  threat_obs_computed=1498  threat_obs_nonzero=1498  priority_block_prior:demoted=1410  learned_preview=156  dominated_attack=153
[guards @ 21250 decisions] guards_ran=1666  threat_obs_computed=1546  threat_obs_nonzero=1546  priority_block_prior:demoted=1446  dominated_attack=164  dominated_attack:promoted:demoted=164
[guards @ 21300 decisions] guards_ran=1716  threat_obs_computed=1594  threat_obs_nonzero=1594  priority_block_prior:demoted=1482  dominated_attack=174  dominated_attack:promoted:demoted=174
[guards @ 21350 decisions] guards_ran=1766  threat_obs_computed=1640  threat_obs_nonzero=1640  priority_block_prior:demoted=1530  dominated_attack=180  dominated_attack:promoted:demoted=180
[guards @ 21400 decisions] guards_ran=1816  threat_obs_computed=1688  threat_obs_nonzero=1688  priority_block_prior:demoted=1554  dominated_attack=186  dominated_attack:promoted:demoted=186
[guards @ 21450 decisions] guards_ran=1866  threat_obs_computed=1735  threat_obs_nonzero=1735  priority_block_prior:demoted=1590  dominated_attack=190  dominated_attack:promoted:demoted=190
[guards @ 21500 decisions] guards_ran=1916  threat_obs_computed=1781  threat_obs_nonzero=1781  priority_block_prior:demoted=1644  dominated_attack=199  dominated_attack:promoted:demoted=199
[guards @ 21550 decisions] guards_ran=1966  threat_obs_computed=1827  threat_obs_nonzero=1827  priority_block_prior:demoted=1680  dominated_attack=208  dominated_attack:promoted:demoted=208
[guards @ 21600 decisions] guards_ran=2016  threat_obs_computed=1871  threat_obs_nonzero=1871  priority_block_prior:demoted=1716  dominated_attack=214  dominated_attack:promoted:demoted=214
[guards @ 21650 decisions] guards_ran=2066  threat_obs_computed=1917  threat_obs_nonzero=1917  priority_block_prior:demoted=1778  dominated_attack=221  dominated_attack:promoted:demoted=221
[guards @ 21700 decisions] guards_ran=2116  threat_obs_computed=1966  threat_obs_nonzero=1966  priority_block_prior:demoted=1820  dominated_attack=225  dominated_attack:promoted:demoted=225
[guards @ 21750 decisions] guards_ran=2166  threat_obs_computed=2014  threat_obs_nonzero=2014  priority_block_prior:demoted=1856  dominated_attack=232  dominated_attack:promoted:demoted=232
[guards @ 21800 decisions] guards_ran=2216  threat_obs_computed=2061  threat_obs_nonzero=2061  priority_block_prior:demoted=1904  dominated_attack=235  dominated_attack:promoted:demoted=235
[guards @ 21850 decisions] guards_ran=2266  threat_obs_computed=2109  threat_obs_nonzero=2109  priority_block_prior:demoted=1928  dominated_attack=243  dominated_attack:promoted:demoted=243
[guards @ 21900 decisions] guards_ran=2316  threat_obs_computed=2156  threat_obs_nonzero=2156  priority_block_prior:demoted=1982  dominated_attack=247  dominated_attack:promoted:demoted=247
[guards @ 21950 decisions] guards_ran=2366  threat_obs_computed=2202  threat_obs_nonzero=2202  priority_block_prior:demoted=2036  dominated_attack=252  dominated_attack:promoted:demoted=252
[guards @ 22000 decisions] guards_ran=2416  threat_obs_computed=2249  threat_obs_nonzero=2249  priority_block_prior:demoted=2072  dominated_attack=253  dominated_attack:promoted:demoted=253
[guards @ 22050 decisions] guards_ran=2466  threat_obs_computed=2298  threat_obs_nonzero=2298  priority_block_prior:demoted=2102  dominated_attack=258  dominated_attack:promoted:demoted=258
[guards @ 22100 decisions] guards_ran=2516  threat_obs_computed=2345  threat_obs_nonzero=2345  priority_block_prior:demoted=2144  dominated_attack=263  dominated_attack:promoted:demoted=263
[guards @ 22150 decisions] guards_ran=2566  threat_obs_computed=2390  threat_obs_nonzero=2390  priority_block_prior:demoted=2198  dominated_attack=270  dominated_attack:promoted:demoted=270
[guards @ 22200 decisions] guards_ran=2616  threat_obs_computed=2436  threat_obs_nonzero=2436  priority_block_prior:demoted=2234  dominated_attack=275  dominated_attack:promoted:demoted=275
[guards @ 22250 decisions] guards_ran=2666  threat_obs_computed=2482  threat_obs_nonzero=2482  priority_block_prior:demoted=2270  dominated_attack=278  dominated_attack:promoted:demoted=278
[guards @ 22300 decisions] guards_ran=2716  threat_obs_computed=2527  threat_obs_nonzero=2527  priority_block_prior:demoted=2324  dominated_attack=284  dominated_attack:promoted:demoted=284
[guards @ 22350 decisions] guards_ran=2766  threat_obs_computed=2575  threat_obs_nonzero=2575  priority_block_prior:demoted=2372  dominated_attack=289  dominated_attack:promoted:demoted=289
[guards @ 22400 decisions] guards_ran=2816  threat_obs_computed=2621  threat_obs_nonzero=2621  priority_block_prior:demoted=2414  dominated_attack=294  dominated_attack:promoted:demoted=294
[guards @ 22450 decisions] guards_ran=2866  threat_obs_computed=2668  threat_obs_nonzero=2668  priority_block_prior:demoted=2450  dominated_attack=297  dominated_attack:promoted:demoted=297
[guards @ 22500 decisions] guards_ran=2916  threat_obs_computed=2715  threat_obs_nonzero=2715  priority_block_prior:demoted=2486  dominated_attack=298  dominated_attack:promoted:demoted=298
[guards @ 22550 decisions] guards_ran=2966  threat_obs_computed=2759  threat_obs_nonzero=2759  priority_block_prior:demoted=2522  dominated_attack=301  dominated_attack:promoted:demoted=301
[guards @ 22600 decisions] guards_ran=3016  threat_obs_computed=2807  threat_obs_nonzero=2807  priority_block_prior:demoted=2558  dominated_attack=309  dominated_attack:promoted:demoted=309
[guards @ 22650 decisions] guards_ran=3066  threat_obs_computed=2851  threat_obs_nonzero=2851  priority_block_prior:demoted=2612  dominated_attack=313  dominated_attack:promoted:demoted=313
[guards @ 22700 decisions] guards_ran=3116  threat_obs_computed=2898  threat_obs_nonzero=2898  priority_block_prior:demoted=2660  dominated_attack=319  dominated_attack:promoted:demoted=319
[guards @ 22750 decisions] guards_ran=3166  threat_obs_computed=2943  threat_obs_nonzero=2943  priority_block_prior:demoted=2702  dominated_attack=323  dominated_attack:promoted:demoted=323
[guards @ 22800 decisions] guards_ran=3216  threat_obs_computed=2990  threat_obs_nonzero=2990  priority_block_prior:demoted=2744  dominated_attack=327  dominated_attack:promoted:demoted=327
[guards @ 22850 decisions] guards_ran=3266  threat_obs_computed=3038  threat_obs_nonzero=3038  priority_block_prior:demoted=2780  dominated_attack=332  dominated_attack:promoted:demoted=332
[guards @ 22900 decisions] guards_ran=3316  threat_obs_computed=3085  threat_obs_nonzero=3085  priority_block_prior:demoted=2828  dominated_attack=341  dominated_attack:promoted:demoted=341
[guards @ 22950 decisions] guards_ran=3366  threat_obs_computed=3130  threat_obs_nonzero=3130  priority_block_prior:demoted=2870  dominated_attack=346  dominated_attack:promoted:demoted=346
[guards @ 23000 decisions] guards_ran=3416  threat_obs_computed=3177  threat_obs_nonzero=3177  priority_block_prior:demoted=2906  dominated_attack=347  dominated_attack:promoted:demoted=347
[guards @ 23050 decisions] guards_ran=3466  threat_obs_computed=3224  threat_obs_nonzero=3224  priority_block_prior:demoted=2942  dominated_attack=352  dominated_attack:promoted:demoted=352
[guards @ 23100 decisions] guards_ran=3516  threat_obs_computed=3271  threat_obs_nonzero=3271  priority_block_prior:demoted=2978  dominated_attack=355  dominated_attack:promoted:demoted=355
[guards @ 23150 decisions] guards_ran=3566  threat_obs_computed=3317  threat_obs_nonzero=3317  priority_block_prior:demoted=3014  dominated_attack=360  dominated_attack:promoted:demoted=360
[guards @ 23200 decisions] guards_ran=3616  threat_obs_computed=3363  threat_obs_nonzero=3363  priority_block_prior:demoted=3068  dominated_attack=364  dominated_attack:promoted:demoted=364
[guards @ 23250 decisions] guards_ran=3666  threat_obs_computed=3412  threat_obs_nonzero=3412  priority_block_prior:demoted=3086  dominated_attack=367  dominated_attack:promoted:demoted=367
[guards @ 23300 decisions] guards_ran=3716  threat_obs_computed=3458  threat_obs_nonzero=3458  priority_block_prior:demoted=3140  dominated_attack=375  dominated_attack:promoted:demoted=375
[guards @ 23350 decisions] guards_ran=3766  threat_obs_computed=3503  threat_obs_nonzero=3503  priority_block_prior:demoted=3176  dominated_attack=377  dominated_attack:promoted:demoted=377
[guards @ 23400 decisions] guards_ran=3816  threat_obs_computed=3550  threat_obs_nonzero=3550  priority_block_prior:demoted=3212  dominated_attack=380  dominated_attack:promoted:demoted=380
[guards @ 23450 decisions] guards_ran=3866  threat_obs_computed=3597  threat_obs_nonzero=3597  priority_block_prior:demoted=3248  dominated_attack=382  dominated_attack:promoted:demoted=382
[guards @ 23500 decisions] guards_ran=3916  threat_obs_computed=3644  threat_obs_nonzero=3644  priority_block_prior:demoted=3284  dominated_attack=391  dominated_attack:promoted:demoted=391
[guards @ 23550 decisions] guards_ran=3966  threat_obs_computed=3691  threat_obs_nonzero=3691  priority_block_prior:demoted=3338  dominated_attack=397  dominated_attack:promoted:demoted=397
[guards @ 23600 decisions] guards_ran=4016  threat_obs_computed=3739  threat_obs_nonzero=3739  priority_block_prior:demoted=3374  dominated_attack=405  dominated_attack:promoted:demoted=405
[guards @ 23650 decisions] guards_ran=4066  threat_obs_computed=3786  threat_obs_nonzero=3786  priority_block_prior:demoted=3410  dominated_attack=409  dominated_attack:promoted:demoted=409
[guards @ 23700 decisions] guards_ran=4116  threat_obs_computed=3833  threat_obs_nonzero=3833  priority_block_prior:demoted=3464  dominated_attack=413  dominated_attack:promoted:demoted=413
[guards @ 23750 decisions] guards_ran=4166  threat_obs_computed=3880  threat_obs_nonzero=3880  priority_block_prior:demoted=3500  dominated_attack=417  dominated_attack:promoted:demoted=417
[guards @ 23800 decisions] guards_ran=4216  threat_obs_computed=3927  threat_obs_nonzero=3927  priority_block_prior:demoted=3536  dominated_attack=420  dominated_attack:promoted:demoted=420
[guards @ 23850 decisions] guards_ran=4266  threat_obs_computed=3974  threat_obs_nonzero=3974  priority_block_prior:demoted=3572  dominated_attack=426  dominated_attack:promoted:demoted=426
[guards @ 23900 decisions] guards_ran=4316  threat_obs_computed=4022  threat_obs_nonzero=4022  priority_block_prior:demoted=3620  dominated_attack=430  dominated_attack:promoted:demoted=430
[guards @ 23950 decisions] guards_ran=4366  threat_obs_computed=4067  threat_obs_nonzero=4067  priority_block_prior:demoted=3662  dominated_attack=435  dominated_attack:promoted:demoted=435
[guards @ 24000 decisions] guards_ran=4416  threat_obs_computed=4115  threat_obs_nonzero=4115  priority_block_prior:demoted=3710  dominated_attack=444  dominated_attack:promoted:demoted=444
[guards @ 24050 decisions] guards_ran=4466  threat_obs_computed=4161  threat_obs_nonzero=4161  priority_block_prior:demoted=3734  dominated_attack=449  dominated_attack:promoted:demoted=449
[guards @ 24100 decisions] guards_ran=4516  threat_obs_computed=4209  threat_obs_nonzero=4209  priority_block_prior:demoted=3782  dominated_attack=454  dominated_attack:promoted:demoted=454
[guards @ 24150 decisions] guards_ran=4566  threat_obs_computed=4255  threat_obs_nonzero=4255  priority_block_prior:demoted=3830  dominated_attack=463  dominated_attack:promoted:demoted=463
[guards @ 24200 decisions] guards_ran=4616  threat_obs_computed=4303  threat_obs_nonzero=4303  priority_block_prior:demoted=3878  dominated_attack=468  dominated_attack:promoted:demoted=468
[guards @ 24250 decisions] guards_ran=4666  threat_obs_computed=4349  threat_obs_nonzero=4349  priority_block_prior:demoted=3920  dominated_attack=472  dominated_attack:promoted:demoted=472
[guards @ 24300 decisions] guards_ran=4716  threat_obs_computed=4396  threat_obs_nonzero=4396  priority_block_prior:demoted=3968  dominated_attack=478  dominated_attack:promoted:demoted=478
[guards @ 24350 decisions] guards_ran=4766  threat_obs_computed=4442  threat_obs_nonzero=4442  priority_block_prior:demoted=4022  dominated_attack=485  dominated_attack:promoted:demoted=485
[guards @ 24400 decisions] guards_ran=4816  threat_obs_computed=4489  threat_obs_nonzero=4489  priority_block_prior:demoted=4058  dominated_attack=493  dominated_attack:promoted:demoted=493
[guards @ 24450 decisions] guards_ran=4866  threat_obs_computed=4535  threat_obs_nonzero=4535  priority_block_prior:demoted=4100  dominated_attack=496  dominated_attack:promoted:demoted=496
[guards @ 24500 decisions] guards_ran=4916  threat_obs_computed=4582  threat_obs_nonzero=4582  priority_block_prior:demoted=4130  dominated_attack=499  dominated_attack:promoted:demoted=499
[guards @ 24550 decisions] guards_ran=4966  threat_obs_computed=4627  threat_obs_nonzero=4627  priority_block_prior:demoted=4172  dominated_attack=505  dominated_attack:promoted:demoted=505
[guards @ 24600 decisions] guards_ran=5016  threat_obs_computed=4674  threat_obs_nonzero=4674  priority_block_prior:demoted=4208  dominated_attack=510  dominated_attack:promoted:demoted=510
[guards @ 24650 decisions] guards_ran=5066  threat_obs_computed=4722  threat_obs_nonzero=4722  priority_block_prior:demoted=4244  dominated_attack=519  dominated_attack:promoted:demoted=519
[guards @ 24700 decisions] guards_ran=5116  threat_obs_computed=4769  threat_obs_nonzero=4769  priority_block_prior:demoted=4280  dominated_attack=524  dominated_attack:promoted:demoted=524
[guards @ 24750 decisions] guards_ran=5166  threat_obs_computed=4817  threat_obs_nonzero=4817  priority_block_prior:demoted=4316  dominated_attack=529  dominated_attack:promoted:demoted=529
[guards @ 24800 decisions] guards_ran=5216  threat_obs_computed=4862  threat_obs_nonzero=4862  priority_block_prior:demoted=4370  dominated_attack=531  dominated_attack:promoted:demoted=531
[guards @ 24850 decisions] guards_ran=5266  threat_obs_computed=4910  threat_obs_nonzero=4910  priority_block_prior:demoted=4406  dominated_attack=539  dominated_attack:promoted:demoted=539
[guards @ 24900 decisions] guards_ran=5316  threat_obs_computed=4957  threat_obs_nonzero=4957  priority_block_prior:demoted=4454  dominated_attack=546  dominated_attack:promoted:demoted=546
[guards @ 24950 decisions] guards_ran=5366  threat_obs_computed=5002  threat_obs_nonzero=5002  priority_block_prior:demoted=4496  dominated_attack=554  dominated_attack:promoted:demoted=554
[guards @ 25000 decisions] guards_ran=5416  threat_obs_computed=5049  threat_obs_nonzero=5049  priority_block_prior:demoted=4532  dominated_attack=558  dominated_attack:promoted:demoted=558
[guards @ 25050 decisions] guards_ran=5466  threat_obs_computed=5096  threat_obs_nonzero=5096  priority_block_prior:demoted=4568  dominated_attack=563  dominated_attack:promoted:demoted=563
[guards @ 25100 decisions] guards_ran=5516  threat_obs_computed=5143  threat_obs_nonzero=5143  priority_block_prior:demoted=4622  dominated_attack=568  dominated_attack:promoted:demoted=568
[guards @ 25150 decisions] guards_ran=5566  threat_obs_computed=5191  threat_obs_nonzero=5191  priority_block_prior:demoted=4670  dominated_attack=571  dominated_attack:promoted:demoted=571
[guards @ 25200 decisions] guards_ran=5616  threat_obs_computed=5239  threat_obs_nonzero=5239  priority_block_prior:demoted=4694  dominated_attack=582  dominated_attack:promoted:demoted=582
[guards @ 25250 decisions] guards_ran=5666  threat_obs_computed=5284  threat_obs_nonzero=5284  priority_block_prior:demoted=4730  dominated_attack=584  dominated_attack:promoted:demoted=584
[guards @ 25300 decisions] guards_ran=5716  threat_obs_computed=5332  threat_obs_nonzero=5332  priority_block_prior:demoted=4778  dominated_attack=588  dominated_attack:promoted:demoted=588
[guards @ 25350 decisions] guards_ran=5766  threat_obs_computed=5378  threat_obs_nonzero=5378  priority_block_prior:demoted=4820  dominated_attack=594  dominated_attack:promoted:demoted=594
[guards @ 25400 decisions] guards_ran=5816  threat_obs_computed=5425  threat_obs_nonzero=5425  priority_block_prior:demoted=4856  dominated_attack=601  dominated_attack:promoted:demoted=601
[guards @ 25450 decisions] guards_ran=5866  threat_obs_computed=5471  threat_obs_nonzero=5471  priority_block_prior:demoted=4910  dominated_attack=606  dominated_attack:promoted:demoted=606
[guards @ 25500 decisions] guards_ran=5916  threat_obs_computed=5519  threat_obs_nonzero=5519  priority_block_prior:demoted=4946  dominated_attack=612  dominated_attack:promoted:demoted=612
[guards @ 25550 decisions] guards_ran=5966  threat_obs_computed=5566  threat_obs_nonzero=5566  priority_block_prior:demoted=4982  dominated_attack=615  dominated_attack:promoted:demoted=615
[guards @ 25600 decisions] guards_ran=6016  threat_obs_computed=5612  threat_obs_nonzero=5612  priority_block_prior:demoted=5030  dominated_attack=622  dominated_attack:promoted:demoted=622
[guards @ 25650 decisions] guards_ran=6066  threat_obs_computed=5658  threat_obs_nonzero=5658  priority_block_prior:demoted=5072  dominated_attack=628  dominated_attack:promoted:demoted=628
[guards @ 25700 decisions] guards_ran=6116  threat_obs_computed=5705  threat_obs_nonzero=5705  priority_block_prior:demoted=5108  dominated_attack=636  dominated_attack:promoted:demoted=636
[guards @ 25750 decisions] guards_ran=6166  threat_obs_computed=5750  threat_obs_nonzero=5750  priority_block_prior:demoted=5156  dominated_attack=638  dominated_attack:promoted:demoted=638
[guards @ 25800 decisions] guards_ran=6216  threat_obs_computed=5797  threat_obs_nonzero=5797  priority_block_prior:demoted=5204  dominated_attack=642  dominated_attack:promoted:demoted=642
[guards @ 25850 decisions] guards_ran=6266  threat_obs_computed=5843  threat_obs_nonzero=5843  priority_block_prior:demoted=5258  dominated_attack=647  dominated_attack:promoted:demoted=647
[guards @ 25900 decisions] guards_ran=6316  threat_obs_computed=5891  threat_obs_nonzero=5891  priority_block_prior:demoted=5294  dominated_attack=654  dominated_attack:promoted:demoted=654
[guards @ 25950 decisions] guards_ran=6366  threat_obs_computed=5939  threat_obs_nonzero=5939  priority_block_prior:demoted=5330  dominated_attack=658  dominated_attack:promoted:demoted=658
[guards @ 26000 decisions] guards_ran=6416  threat_obs_computed=5986  threat_obs_nonzero=5986  priority_block_prior:demoted=5366  dominated_attack=665  dominated_attack:promoted:demoted=665
[guards @ 26050 decisions] guards_ran=6466  threat_obs_computed=6034  threat_obs_nonzero=6034  priority_block_prior:demoted=5414  dominated_attack=670  dominated_attack:promoted:demoted=670
[guards @ 26100 decisions] guards_ran=6516  threat_obs_computed=6079  threat_obs_nonzero=6079  priority_block_prior:demoted=5456  dominated_attack=675  dominated_attack:promoted:demoted=675
[guards @ 26150 decisions] guards_ran=6566  threat_obs_computed=6126  threat_obs_nonzero=6126  priority_block_prior:demoted=5492  dominated_attack=680  dominated_attack:promoted:demoted=680
[guards @ 26200 decisions] guards_ran=6616  threat_obs_computed=6172  threat_obs_nonzero=6172  priority_block_prior:demoted=5546  dominated_attack=686  dominated_attack:promoted:demoted=686
[guards @ 26250 decisions] guards_ran=6666  threat_obs_computed=6219  threat_obs_nonzero=6219  priority_block_prior:demoted=5582  dominated_attack=691  dominated_attack:promoted:demoted=691
[guards @ 26300 decisions] guards_ran=6716  threat_obs_computed=6265  threat_obs_nonzero=6265  priority_block_prior:demoted=5630  dominated_attack=699  dominated_attack:promoted:demoted=699
[guards @ 26350 decisions] guards_ran=6766  threat_obs_computed=6309  threat_obs_nonzero=6309  priority_block_prior:demoted=5672  dominated_attack=705  dominated_attack:promoted:demoted=705
[guards @ 26400 decisions] guards_ran=6816  threat_obs_computed=6357  threat_obs_nonzero=6357  priority_block_prior:demoted=5708  dominated_attack=708  dominated_attack:promoted:demoted=708
[guards @ 26450 decisions] guards_ran=6866  threat_obs_computed=6404  threat_obs_nonzero=6404  priority_block_prior:demoted=5756  dominated_attack=713  dominated_attack:promoted:demoted=713
[guards @ 26500 decisions] guards_ran=6916  threat_obs_computed=6448  threat_obs_nonzero=6448  priority_block_prior:demoted=5798  dominated_attack=715  dominated_attack:promoted:demoted=715
[guards @ 26550 decisions] guards_ran=6966  threat_obs_computed=6495  threat_obs_nonzero=6495  priority_block_prior:demoted=5834  dominated_attack=721  dominated_attack:promoted:demoted=721
[guards @ 26600 decisions] guards_ran=7016  threat_obs_computed=6541  threat_obs_nonzero=6541  priority_block_prior:demoted=5888  dominated_attack=725  dominated_attack:promoted:demoted=725
[guards @ 26650 decisions] guards_ran=7066  threat_obs_computed=6587  threat_obs_nonzero=6587  priority_block_prior:demoted=5924  dominated_attack=728  dominated_attack:promoted:demoted=728
[guards @ 26700 decisions] guards_ran=7116  threat_obs_computed=6633  threat_obs_nonzero=6633  priority_block_prior:demoted=5978  dominated_attack=730  dominated_attack:promoted:demoted=730
[guards @ 26750 decisions] guards_ran=7166  threat_obs_computed=6678  threat_obs_nonzero=6678  priority_block_prior:demoted=6014  dominated_attack=735  dominated_attack:promoted:demoted=735
[guards @ 26800 decisions] guards_ran=7216  threat_obs_computed=6724  threat_obs_nonzero=6724  priority_block_prior:demoted=6050  dominated_attack=737  dominated_attack:promoted:demoted=737
[guards @ 26850 decisions] guards_ran=7266  threat_obs_computed=6769  threat_obs_nonzero=6769  priority_block_prior:demoted=6104  dominated_attack=739  dominated_attack:promoted:demoted=739
[guards @ 26900 decisions] guards_ran=7316  threat_obs_computed=6817  threat_obs_nonzero=6817  priority_block_prior:demoted=6152  dominated_attack=748  dominated_attack:promoted:demoted=748
[guards @ 26950 decisions] guards_ran=7366  threat_obs_computed=6862  threat_obs_nonzero=6862  priority_block_prior:demoted=6194  dominated_attack=752  dominated_attack:promoted:demoted=752
[guards @ 27000 decisions] guards_ran=7416  threat_obs_computed=6907  threat_obs_nonzero=6907  priority_block_prior:demoted=6248  dominated_attack=757  dominated_attack:promoted:demoted=757
[guards @ 27050 decisions] guards_ran=7466  threat_obs_computed=6955  threat_obs_nonzero=6955  priority_block_prior:demoted=6296  dominated_attack=760  dominated_attack:promoted:demoted=760
[guards @ 27100 decisions] guards_ran=7516  threat_obs_computed=7000  threat_obs_nonzero=7000  priority_block_prior:demoted=6338  dominated_attack=765  dominated_attack:promoted:demoted=765
[guards @ 27150 decisions] guards_ran=7566  threat_obs_computed=7046  threat_obs_nonzero=7046  priority_block_prior:demoted=6374  dominated_attack=767  dominated_attack:promoted:demoted=767
[guards @ 27200 decisions] guards_ran=7616  threat_obs_computed=7094  threat_obs_nonzero=7094  priority_block_prior:demoted=6410  dominated_attack=772  dominated_attack:promoted:demoted=772
[guards @ 27250 decisions] guards_ran=7666  threat_obs_computed=7142  threat_obs_nonzero=7142  priority_block_prior:demoted=6446  dominated_attack=780  dominated_attack:promoted:demoted=780
[guards @ 27300 decisions] guards_ran=7716  threat_obs_computed=7188  threat_obs_nonzero=7188  priority_block_prior:demoted=6494  dominated_attack=782  dominated_attack:promoted:demoted=782
[guards @ 27350 decisions] guards_ran=7766  threat_obs_computed=7234  threat_obs_nonzero=7234  priority_block_prior:demoted=6536  dominated_attack=788  dominated_attack:promoted:demoted=788
[guards @ 27400 decisions] guards_ran=7816  threat_obs_computed=7280  threat_obs_nonzero=7280  priority_block_prior:demoted=6572  dominated_attack=789  dominated_attack:promoted:demoted=789
[guards @ 27450 decisions] guards_ran=7866  threat_obs_computed=7327  threat_obs_nonzero=7327  priority_block_prior:demoted=6608  dominated_attack=792  dominated_attack:promoted:demoted=792
[guards @ 27500 decisions] guards_ran=7916  threat_obs_computed=7373  threat_obs_nonzero=7373  priority_block_prior:demoted=6662  dominated_attack=795  dominated_attack:promoted:demoted=795
[guards @ 27550 decisions] guards_ran=7966  threat_obs_computed=7420  threat_obs_nonzero=7420  priority_block_prior:demoted=6716  dominated_attack=801  dominated_attack:promoted:demoted=801
[guards @ 27600 decisions] guards_ran=8016  threat_obs_computed=7467  threat_obs_nonzero=7467  priority_block_prior:demoted=6752  dominated_attack=811  dominated_attack:promoted:demoted=811
[guards @ 27650 decisions] guards_ran=8066  threat_obs_computed=7514  threat_obs_nonzero=7514  priority_block_prior:demoted=6788  dominated_attack=813  dominated_attack:promoted:demoted=813
[guards @ 27700 decisions] guards_ran=8116  threat_obs_computed=7560  threat_obs_nonzero=7560  priority_block_prior:demoted=6824  dominated_attack=819  dominated_attack:promoted:demoted=819
[guards @ 27750 decisions] guards_ran=8166  threat_obs_computed=7606  threat_obs_nonzero=7606  priority_block_prior:demoted=6878  dominated_attack=825  dominated_attack:promoted:demoted=825
[guards @ 27800 decisions] guards_ran=8216  threat_obs_computed=7653  threat_obs_nonzero=7653  priority_block_prior:demoted=6914  dominated_attack=834  dominated_attack:promoted:demoted=834
[guards @ 27850 decisions] guards_ran=8266  threat_obs_computed=7698  threat_obs_nonzero=7698  priority_block_prior:demoted=6962  dominated_attack=838  dominated_attack:promoted:demoted=838
[guards @ 27900 decisions] guards_ran=8316  threat_obs_computed=7746  threat_obs_nonzero=7746  priority_block_prior:demoted=6986  dominated_attack=844  dominated_attack:promoted:demoted=844
[guards @ 27950 decisions] guards_ran=8366  threat_obs_computed=7790  threat_obs_nonzero=7790  priority_block_prior:demoted=7040  dominated_attack=848  dominated_attack:promoted:demoted=848
[guards @ 28000 decisions] guards_ran=8416  threat_obs_computed=7837  threat_obs_nonzero=7837  priority_block_prior:demoted=7076  dominated_attack=853  dominated_attack:promoted:demoted=853
[guards @ 28050 decisions] guards_ran=8466  threat_obs_computed=7883  threat_obs_nonzero=7883  priority_block_prior:demoted=7130  dominated_attack=857  dominated_attack:promoted:demoted=857
[guards @ 28100 decisions] guards_ran=8516  threat_obs_computed=7931  threat_obs_nonzero=7931  priority_block_prior:demoted=7166  dominated_attack=859  dominated_attack:promoted:demoted=859
[guards @ 28150 decisions] guards_ran=8566  threat_obs_computed=7979  threat_obs_nonzero=7979  priority_block_prior:demoted=7202  dominated_attack=862  dominated_attack:promoted:demoted=862
[guards @ 28200 decisions] guards_ran=8616  threat_obs_computed=8025  threat_obs_nonzero=8025  priority_block_prior:demoted=7256  dominated_attack=868  dominated_attack:promoted:demoted=868
[guards @ 28250 decisions] guards_ran=8666  threat_obs_computed=8073  threat_obs_nonzero=8073  priority_block_prior:demoted=7292  dominated_attack=871  dominated_attack:promoted:demoted=871
[guards @ 28300 decisions] guards_ran=8716  threat_obs_computed=8119  threat_obs_nonzero=8119  priority_block_prior:demoted=7334  dominated_attack=875  dominated_attack:promoted:demoted=875
[guards @ 28350 decisions] guards_ran=8766  threat_obs_computed=8167  threat_obs_nonzero=8167  priority_block_prior:demoted=7382  dominated_attack=882  dominated_attack:promoted:demoted=882
[guards @ 28400 decisions] guards_ran=8816  threat_obs_computed=8212  threat_obs_nonzero=8212  priority_block_prior:demoted=7424  dominated_attack=885  dominated_attack:promoted:demoted=885
[guards @ 28450 decisions] guards_ran=8866  threat_obs_computed=8258  threat_obs_nonzero=8258  priority_block_prior:demoted=7478  dominated_attack=889  dominated_attack:promoted:demoted=889
[guards @ 28500 decisions] guards_ran=8916  threat_obs_computed=8304  threat_obs_nonzero=8304  priority_block_prior:demoted=7514  dominated_attack=897  dominated_attack:promoted:demoted=897
[guards @ 28550 decisions] guards_ran=8966  threat_obs_computed=8351  threat_obs_nonzero=8351  priority_block_prior:demoted=7550  dominated_attack=904  dominated_attack:promoted:demoted=904
[guards @ 28600 decisions] guards_ran=9016  threat_obs_computed=8396  threat_obs_nonzero=8396  priority_block_prior:demoted=7604  dominated_attack=908  dominated_attack:promoted:demoted=908
[guards @ 28650 decisions] guards_ran=9066  threat_obs_computed=8443  threat_obs_nonzero=8443  priority_block_prior:demoted=7640  dominated_attack=916  dominated_attack:promoted:demoted=916
[guards @ 28700 decisions] guards_ran=9116  threat_obs_computed=8490  threat_obs_nonzero=8490  priority_block_prior:demoted=7676  dominated_attack=924  dominated_attack:promoted:demoted=924
[guards @ 28750 decisions] guards_ran=9166  threat_obs_computed=8538  threat_obs_nonzero=8538  priority_block_prior:demoted=7712  dominated_attack=925  dominated_attack:promoted:demoted=925
[guards @ 28800 decisions] guards_ran=9216  threat_obs_computed=8583  threat_obs_nonzero=8583  priority_block_prior:demoted=7766  dominated_attack=931  dominated_attack:promoted:demoted=931
[guards @ 28850 decisions] guards_ran=9266  threat_obs_computed=8630  threat_obs_nonzero=8630  priority_block_prior:demoted=7802  dominated_attack=938  dominated_attack:promoted:demoted=938
[guards @ 28900 decisions] guards_ran=9316  threat_obs_computed=8677  threat_obs_nonzero=8677  priority_block_prior:demoted=7850  dominated_attack=944  dominated_attack:promoted:demoted=944
[guards @ 28950 decisions] guards_ran=9366  threat_obs_computed=8725  threat_obs_nonzero=8725  priority_block_prior:demoted=7874  dominated_attack=947  dominated_attack:promoted:demoted=947
[guards @ 29000 decisions] guards_ran=9416  threat_obs_computed=8772  threat_obs_nonzero=8772  priority_block_prior:demoted=7922  dominated_attack=954  dominated_attack:promoted:demoted=954
[guards @ 29050 decisions] guards_ran=9466  threat_obs_computed=8818  threat_obs_nonzero=8818  priority_block_prior:demoted=7964  dominated_attack=957  dominated_attack:promoted:demoted=957
[guards @ 29100 decisions] guards_ran=9516  threat_obs_computed=8864  threat_obs_nonzero=8864  priority_block_prior:demoted=8018  dominated_attack=960  dominated_attack:promoted:demoted=960
[guards @ 29150 decisions] guards_ran=9566  threat_obs_computed=8912  threat_obs_nonzero=8912  priority_block_prior:demoted=8066  dominated_attack=961  dominated_attack:promoted:demoted=961
[guards @ 29200 decisions] guards_ran=9616  threat_obs_computed=8958  threat_obs_nonzero=8958  priority_block_prior:demoted=8120  dominated_attack=965  dominated_attack:promoted:demoted=965
[guards @ 29250 decisions] guards_ran=9666  threat_obs_computed=9003  threat_obs_nonzero=9003  priority_block_prior:demoted=8162  dominated_attack=970  dominated_attack:promoted:demoted=970
[guards @ 29300 decisions] guards_ran=9716  threat_obs_computed=9050  threat_obs_nonzero=9050  priority_block_prior:demoted=8210  dominated_attack=974  dominated_attack:promoted:demoted=974
[guards @ 29350 decisions] guards_ran=9766  threat_obs_computed=9096  threat_obs_nonzero=9096  priority_block_prior:demoted=8252  dominated_attack=979  dominated_attack:promoted:demoted=979
[guards @ 29400 decisions] guards_ran=9816  threat_obs_computed=9142  threat_obs_nonzero=9142  priority_block_prior:demoted=8300  dominated_attack=979  dominated_attack:promoted:demoted=979
[guards @ 29450 decisions] guards_ran=9866  threat_obs_computed=9187  threat_obs_nonzero=9187  priority_block_prior:demoted=8342  dominated_attack=992  dominated_attack:promoted:demoted=992
[guards @ 29500 decisions] guards_ran=9916  threat_obs_computed=9233  threat_obs_nonzero=9233  priority_block_prior:demoted=8378  dominated_attack=994  dominated_attack:promoted:demoted=994
[guards @ 29550 decisions] guards_ran=9966  threat_obs_computed=9279  threat_obs_nonzero=9279  priority_block_prior:demoted=8414  dominated_attack=1004  dominated_attack:promoted:demoted=1004
[guards @ 29600 decisions] guards_ran=10016  threat_obs_computed=9326  threat_obs_nonzero=9326  priority_block_prior:demoted=8450  dominated_attack=1008  dominated_attack:promoted:demoted=1008
[guards @ 29650 decisions] guards_ran=10066  threat_obs_computed=9372  threat_obs_nonzero=9372  priority_block_prior:demoted=8504  dominated_attack=1009  dominated_attack:promoted:demoted=1009
[guards @ 29700 decisions] guards_ran=10116  threat_obs_computed=9418  threat_obs_nonzero=9418  priority_block_prior:demoted=8540  dominated_attack=1017  dominated_attack:promoted:demoted=1017
[guards @ 29750 decisions] guards_ran=10166  threat_obs_computed=9463  threat_obs_nonzero=9463  priority_block_prior:demoted=8594  dominated_attack=1019  dominated_attack:promoted:demoted=1019
[guards @ 29800 decisions] guards_ran=10216  threat_obs_computed=9511  threat_obs_nonzero=9511  priority_block_prior:demoted=8630  dominated_attack=1022  dominated_attack:promoted:demoted=1022
[guards @ 29850 decisions] guards_ran=10266  threat_obs_computed=9557  threat_obs_nonzero=9557  priority_block_prior:demoted=8684  dominated_attack=1026  dominated_attack:promoted:demoted=1026
[guards @ 29900 decisions] guards_ran=10316  threat_obs_computed=9603  threat_obs_nonzero=9603  priority_block_prior:demoted=8720  dominated_attack=1031  dominated_attack:promoted:demoted=1031
[guards @ 29950 decisions] guards_ran=10366  threat_obs_computed=9651  threat_obs_nonzero=9651  priority_block_prior:demoted=8756  dominated_attack=1034  dominated_attack:promoted:demoted=1034
[guards @ 30000 decisions] guards_ran=10416  threat_obs_computed=9697  threat_obs_nonzero=9697  priority_block_prior:demoted=8792  dominated_attack=1037  dominated_attack:promoted:demoted=1037
[guards @ 30050 decisions] guards_ran=10466  threat_obs_computed=9743  threat_obs_nonzero=9743  priority_block_prior:demoted=8846  dominated_attack=1041  dominated_attack:promoted:demoted=1041
[guards @ 30100 decisions] guards_ran=10516  threat_obs_computed=9788  threat_obs_nonzero=9788  priority_block_prior:demoted=8882  dominated_attack=1043  dominated_attack:promoted:demoted=1043
[guards @ 30150 decisions] guards_ran=10566  threat_obs_computed=9834  threat_obs_nonzero=9834  priority_block_prior:demoted=8918  dominated_attack=1046  dominated_attack:promoted:demoted=1046
[guards @ 30200 decisions] guards_ran=10616  threat_obs_computed=9880  threat_obs_nonzero=9880  priority_block_prior:demoted=8966  dominated_attack=1049  dominated_attack:promoted:demoted=1049
[guards @ 30250 decisions] guards_ran=10666  threat_obs_computed=9927  threat_obs_nonzero=9927  priority_block_prior:demoted=9014  dominated_attack=1055  dominated_attack:promoted:demoted=1055
[guards @ 30300 decisions] guards_ran=10716  threat_obs_computed=9974  threat_obs_nonzero=9974  priority_block_prior:demoted=9050  dominated_attack=1064  dominated_attack:promoted:demoted=1064
block hidden=True a_first=True: A 233.0/500; running A 45.2% [42.7, 47.7]
[guards @ 30350 decisions] priority_block_prior:demoted=54  guards_ran=17  threat_obs_computed=14  threat_obs_nonzero=14  learned_preview=6  hp_move_after_hits=2
[guards @ 30400 decisions] priority_block_prior:demoted=102  guards_ran=67  threat_obs_computed=59  threat_obs_nonzero=59  learned_preview=12  dominated_spread=9
[guards @ 30450 decisions] priority_block_prior:demoted=144  guards_ran=117  threat_obs_computed=105  threat_obs_nonzero=105  learned_preview=16  dominated_spread=13
[guards @ 30500 decisions] priority_block_prior:demoted=180  guards_ran=167  threat_obs_computed=152  threat_obs_nonzero=152  learned_preview=20  dominated_spread=17
[guards @ 30550 decisions] guards_ran=217  priority_block_prior:demoted=216  threat_obs_computed=198  threat_obs_nonzero=198  learned_preview=26  protect_spam:demoted=25
[guards @ 30600 decisions] guards_ran=267  priority_block_prior:demoted=264  threat_obs_computed=244  threat_obs_nonzero=244  learned_preview=30  dominated_spread=29
[guards @ 30650 decisions] guards_ran=317  priority_block_prior:demoted=306  threat_obs_computed=290  threat_obs_nonzero=290  learned_preview=34  dominated_spread=31
[guards @ 30700 decisions] guards_ran=367  priority_block_prior:demoted=360  threat_obs_computed=335  threat_obs_nonzero=335  learned_preview=40  dominated_spread=35
[guards @ 30750 decisions] guards_ran=417  priority_block_prior:demoted=396  threat_obs_computed=382  threat_obs_nonzero=382  learned_preview=44  dominated_attack=42
[guards @ 30800 decisions] guards_ran=467  priority_block_prior:demoted=432  threat_obs_computed=429  threat_obs_nonzero=429  dominated_attack=51  dominated_attack:promoted:demoted=51
[guards @ 30850 decisions] guards_ran=517  priority_block_prior:demoted=480  threat_obs_computed=475  threat_obs_nonzero=475  dominated_attack=55  dominated_attack:promoted:demoted=55
[guards @ 30900 decisions] guards_ran=567  priority_block_prior:demoted=522  threat_obs_computed=521  threat_obs_nonzero=521  dominated_attack=59  dominated_attack:promoted:demoted=59
[guards @ 30950 decisions] guards_ran=617  threat_obs_computed=568  threat_obs_nonzero=568  priority_block_prior:demoted=558  dominated_attack=66  dominated_attack:promoted:demoted=66
[guards @ 31000 decisions] guards_ran=667  threat_obs_computed=616  threat_obs_nonzero=616  priority_block_prior:demoted=594  dominated_attack=73  dominated_attack:promoted:demoted=73
[guards @ 31050 decisions] guards_ran=717  threat_obs_computed=663  threat_obs_nonzero=663  priority_block_prior:demoted=630  dominated_attack=80  dominated_attack:promoted:demoted=80
[guards @ 31100 decisions] guards_ran=767  threat_obs_computed=710  threat_obs_nonzero=710  priority_block_prior:demoted=684  dominated_attack=85  dominated_attack:promoted:demoted=85
[guards @ 31150 decisions] guards_ran=817  threat_obs_computed=757  threat_obs_nonzero=757  priority_block_prior:demoted=726  dominated_attack=92  dominated_attack:promoted:demoted=92
[guards @ 31200 decisions] guards_ran=867  threat_obs_computed=804  threat_obs_nonzero=804  priority_block_prior:demoted=774  protect_spam:demoted=101  dominated_attack=96
[guards @ 31250 decisions] guards_ran=917  threat_obs_computed=850  threat_obs_nonzero=850  priority_block_prior:demoted=816  protect_spam:demoted=107  dominated_attack=97
[guards @ 31300 decisions] guards_ran=967  threat_obs_computed=897  threat_obs_nonzero=897  priority_block_prior:demoted=852  protect_spam:demoted=110  dominated_attack=101
[guards @ 31350 decisions] guards_ran=1017  threat_obs_computed=944  threat_obs_nonzero=944  priority_block_prior:demoted=888  protect_spam:demoted=122  dominated_attack=105
[guards @ 31400 decisions] guards_ran=1067  threat_obs_computed=989  threat_obs_nonzero=989  priority_block_prior:demoted=936  protect_spam:demoted=123  dominated_attack=114
[guards @ 31450 decisions] guards_ran=1117  threat_obs_computed=1036  threat_obs_nonzero=1036  priority_block_prior:demoted=972  protect_spam:demoted=123  dominated_attack=117
[guards @ 31500 decisions] guards_ran=1167  threat_obs_computed=1083  threat_obs_nonzero=1083  priority_block_prior:demoted=1014  protect_spam:demoted=129  dominated_attack=124
[guards @ 31550 decisions] guards_ran=1217  threat_obs_computed=1131  threat_obs_nonzero=1131  priority_block_prior:demoted=1050  dominated_attack=131  dominated_attack:promoted:demoted=131
[guards @ 31600 decisions] guards_ran=1267  threat_obs_computed=1178  threat_obs_nonzero=1178  priority_block_prior:demoted=1104  dominated_attack=138  dominated_attack:promoted:demoted=138
[guards @ 31650 decisions] guards_ran=1317  threat_obs_computed=1226  threat_obs_nonzero=1226  priority_block_prior:demoted=1140  dominated_attack=145  dominated_attack:promoted:demoted=145
[guards @ 31700 decisions] guards_ran=1367  threat_obs_computed=1273  threat_obs_nonzero=1273  priority_block_prior:demoted=1176  dominated_attack=149  dominated_attack:promoted:demoted=149
[guards @ 31750 decisions] guards_ran=1417  threat_obs_computed=1321  threat_obs_nonzero=1321  priority_block_prior:demoted=1212  dominated_attack=152  dominated_attack:promoted:demoted=152
[guards @ 31800 decisions] guards_ran=1467  threat_obs_computed=1368  threat_obs_nonzero=1368  priority_block_prior:demoted=1260  dominated_attack=158  dominated_attack:promoted:demoted=158
[guards @ 31850 decisions] guards_ran=1517  threat_obs_computed=1414  threat_obs_nonzero=1414  priority_block_prior:demoted=1284  dominated_attack=160  dominated_attack:promoted:demoted=160
[guards @ 31900 decisions] guards_ran=1567  threat_obs_computed=1461  threat_obs_nonzero=1461  priority_block_prior:demoted=1338  dominated_attack=167  dominated_attack:promoted:demoted=167
[guards @ 31950 decisions] guards_ran=1617  threat_obs_computed=1507  threat_obs_nonzero=1507  priority_block_prior:demoted=1374  dominated_attack=175  dominated_attack:promoted:demoted=175
[guards @ 32000 decisions] guards_ran=1667  threat_obs_computed=1553  threat_obs_nonzero=1553  priority_block_prior:demoted=1422  dominated_attack=181  dominated_attack:promoted:demoted=181
[guards @ 32050 decisions] guards_ran=1717  threat_obs_computed=1599  threat_obs_nonzero=1599  priority_block_prior:demoted=1458  dominated_attack=185  dominated_attack:promoted:demoted=185
[guards @ 32100 decisions] guards_ran=1767  threat_obs_computed=1646  threat_obs_nonzero=1646  priority_block_prior:demoted=1500  dominated_attack=190  dominated_attack:promoted:demoted=190
[guards @ 32150 decisions] guards_ran=1817  threat_obs_computed=1692  threat_obs_nonzero=1692  priority_block_prior:demoted=1554  dominated_attack=197  dominated_attack:promoted:demoted=197
[guards @ 32200 decisions] guards_ran=1867  threat_obs_computed=1735  threat_obs_nonzero=1735  priority_block_prior:demoted=1590  dominated_attack=202  dominated_attack:promoted:demoted=202
[guards @ 32250 decisions] guards_ran=1917  threat_obs_computed=1780  threat_obs_nonzero=1780  priority_block_prior:demoted=1644  dominated_attack=206  dominated_attack:promoted:demoted=206
[guards @ 32300 decisions] guards_ran=1967  threat_obs_computed=1826  threat_obs_nonzero=1826  priority_block_prior:demoted=1680  dominated_attack=211  dominated_attack:promoted:demoted=211
[guards @ 32350 decisions] guards_ran=2017  threat_obs_computed=1873  threat_obs_nonzero=1873  priority_block_prior:demoted=1734  dominated_attack=213  dominated_attack:promoted:demoted=213
[guards @ 32400 decisions] guards_ran=2067  threat_obs_computed=1921  threat_obs_nonzero=1921  priority_block_prior:demoted=1790  dominated_attack=217  dominated_attack:promoted:demoted=217
[guards @ 32450 decisions] guards_ran=2117  threat_obs_computed=1967  threat_obs_nonzero=1967  priority_block_prior:demoted=1832  dominated_attack=222  dominated_attack:promoted:demoted=222
[guards @ 32500 decisions] guards_ran=2167  threat_obs_computed=2013  threat_obs_nonzero=2013  priority_block_prior:demoted=1868  dominated_attack=231  dominated_attack:promoted:demoted=231
[guards @ 32550 decisions] guards_ran=2217  threat_obs_computed=2061  threat_obs_nonzero=2061  priority_block_prior:demoted=1904  dominated_attack=236  dominated_attack:promoted:demoted=236
[guards @ 32600 decisions] guards_ran=2267  threat_obs_computed=2107  threat_obs_nonzero=2107  priority_block_prior:demoted=1940  dominated_attack=242  dominated_attack:promoted:demoted=242
[guards @ 32650 decisions] guards_ran=2317  threat_obs_computed=2154  threat_obs_nonzero=2154  priority_block_prior:demoted=1976  dominated_attack=245  dominated_attack:promoted:demoted=245
[guards @ 32700 decisions] guards_ran=2367  threat_obs_computed=2200  threat_obs_nonzero=2200  priority_block_prior:demoted=2030  dominated_attack=248  dominated_attack:promoted:demoted=248
[guards @ 32750 decisions] guards_ran=2417  threat_obs_computed=2246  threat_obs_nonzero=2246  priority_block_prior:demoted=2066  dominated_attack=250  dominated_attack:promoted:demoted=250
[guards @ 32800 decisions] guards_ran=2467  threat_obs_computed=2292  threat_obs_nonzero=2292  priority_block_prior:demoted=2102  dominated_attack=252  dominated_attack:promoted:demoted=252
[guards @ 32850 decisions] guards_ran=2517  threat_obs_computed=2335  threat_obs_nonzero=2335  priority_block_prior:demoted=2174  dominated_attack=256  dominated_attack:promoted:demoted=256
[guards @ 32900 decisions] guards_ran=2567  threat_obs_computed=2383  threat_obs_nonzero=2383  priority_block_prior:demoted=2222  dominated_attack=259  dominated_attack:promoted:demoted=259
[guards @ 32950 decisions] guards_ran=2617  threat_obs_computed=2428  threat_obs_nonzero=2428  priority_block_prior:demoted=2264  dominated_spread=265  dominated_spread:promoted:demoted=265
[guards @ 33000 decisions] guards_ran=2667  threat_obs_computed=2476  threat_obs_nonzero=2476  priority_block_prior:demoted=2306  dominated_spread=270  dominated_spread:promoted:demoted=270
[guards @ 33050 decisions] guards_ran=2717  threat_obs_computed=2525  threat_obs_nonzero=2525  priority_block_prior:demoted=2336  dominated_attack=279  dominated_attack:promoted:demoted=279
[guards @ 33100 decisions] guards_ran=2767  threat_obs_computed=2572  threat_obs_nonzero=2572  priority_block_prior:demoted=2378  dominated_attack=284  dominated_attack:promoted:demoted=284
[guards @ 33150 decisions] guards_ran=2817  threat_obs_computed=2617  threat_obs_nonzero=2617  priority_block_prior:demoted=2414  dominated_attack=290  dominated_attack:promoted:demoted=290
[guards @ 33200 decisions] guards_ran=2867  threat_obs_computed=2663  threat_obs_nonzero=2663  priority_block_prior:demoted=2468  dominated_attack=295  dominated_attack:promoted:demoted=295
[guards @ 33250 decisions] guards_ran=2917  threat_obs_computed=2710  threat_obs_nonzero=2710  priority_block_prior:demoted=2504  dominated_attack=301  dominated_attack:promoted:demoted=301
[guards @ 33300 decisions] guards_ran=2967  threat_obs_computed=2757  threat_obs_nonzero=2757  priority_block_prior:demoted=2540  dominated_attack=306  dominated_attack:promoted:demoted=306
[guards @ 33350 decisions] guards_ran=3017  threat_obs_computed=2804  threat_obs_nonzero=2804  priority_block_prior:demoted=2588  dominated_attack=308  dominated_attack:promoted:demoted=308
[guards @ 33400 decisions] guards_ran=3067  threat_obs_computed=2852  threat_obs_nonzero=2852  priority_block_prior:demoted=2612  dominated_attack=316  dominated_attack:promoted:demoted=316
[guards @ 33450 decisions] guards_ran=3117  threat_obs_computed=2899  threat_obs_nonzero=2899  priority_block_prior:demoted=2666  dominated_attack=321  dominated_attack:promoted:demoted=321
[guards @ 33500 decisions] guards_ran=3167  threat_obs_computed=2947  threat_obs_nonzero=2947  priority_block_prior:demoted=2714  dominated_attack=327  dominated_attack:promoted:demoted=327
[guards @ 33550 decisions] guards_ran=3217  threat_obs_computed=2992  threat_obs_nonzero=2992  priority_block_prior:demoted=2756  dominated_attack=329  dominated_attack:promoted:demoted=329
[guards @ 33600 decisions] guards_ran=3267  threat_obs_computed=3038  threat_obs_nonzero=3038  priority_block_prior:demoted=2810  dominated_attack=332  dominated_attack:promoted:demoted=332
[guards @ 33650 decisions] guards_ran=3317  threat_obs_computed=3086  threat_obs_nonzero=3086  priority_block_prior:demoted=2858  dominated_attack=339  dominated_attack:promoted:demoted=339
[guards @ 33700 decisions] guards_ran=3367  threat_obs_computed=3132  threat_obs_nonzero=3132  priority_block_prior:demoted=2900  dominated_attack=346  dominated_attack:promoted:demoted=346
[guards @ 33750 decisions] guards_ran=3417  threat_obs_computed=3179  threat_obs_nonzero=3179  priority_block_prior:demoted=2948  dominated_attack=351  dominated_attack:promoted:demoted=351
[guards @ 33800 decisions] guards_ran=3467  threat_obs_computed=3227  threat_obs_nonzero=3227  priority_block_prior:demoted=2972  dominated_attack=355  dominated_attack:promoted:demoted=355
[guards @ 33850 decisions] guards_ran=3517  threat_obs_computed=3274  threat_obs_nonzero=3274  priority_block_prior:demoted=3008  dominated_attack=357  dominated_attack:promoted:demoted=357
[guards @ 33900 decisions] guards_ran=3567  threat_obs_computed=3321  threat_obs_nonzero=3321  priority_block_prior:demoted=3062  dominated_attack=363  dominated_attack:promoted:demoted=363
[guards @ 33950 decisions] guards_ran=3617  threat_obs_computed=3362  threat_obs_nonzero=3362  priority_block_prior:demoted=3104  dominated_attack=366  dominated_attack:promoted:demoted=366
[guards @ 34000 decisions] guards_ran=3667  threat_obs_computed=3409  threat_obs_nonzero=3409  priority_block_prior:demoted=3158  dominated_attack=370  dominated_attack:promoted:demoted=370
[guards @ 34050 decisions] guards_ran=3717  threat_obs_computed=3455  threat_obs_nonzero=3455  priority_block_prior:demoted=3194  dominated_attack=378  dominated_attack:promoted:demoted=378
[guards @ 34100 decisions] guards_ran=3767  threat_obs_computed=3501  threat_obs_nonzero=3501  priority_block_prior:demoted=3248  dominated_attack=383  dominated_attack:promoted:demoted=383
[guards @ 34150 decisions] guards_ran=3817  threat_obs_computed=3548  threat_obs_nonzero=3548  priority_block_prior:demoted=3284  dominated_attack=391  dominated_attack:promoted:demoted=391
[guards @ 34200 decisions] guards_ran=3867  threat_obs_computed=3593  threat_obs_nonzero=3593  priority_block_prior:demoted=3338  dominated_attack=398  dominated_attack:promoted:demoted=398
[guards @ 34250 decisions] guards_ran=3917  threat_obs_computed=3640  threat_obs_nonzero=3640  priority_block_prior:demoted=3374  dominated_attack=400  dominated_attack:promoted:demoted=400
[guards @ 34300 decisions] guards_ran=3967  threat_obs_computed=3685  threat_obs_nonzero=3685  priority_block_prior:demoted=3428  dominated_attack=403  dominated_attack:promoted:demoted=403
[guards @ 34350 decisions] guards_ran=4017  threat_obs_computed=3733  threat_obs_nonzero=3733  priority_block_prior:demoted=3464  dominated_attack=407  dominated_attack:promoted:demoted=407
[guards @ 34400 decisions] guards_ran=4067  threat_obs_computed=3777  threat_obs_nonzero=3777  priority_block_prior:demoted=3518  dominated_attack=412  dominated_attack:promoted:demoted=412
[guards @ 34450 decisions] guards_ran=4117  threat_obs_computed=3824  threat_obs_nonzero=3824  priority_block_prior:demoted=3554  dominated_attack=417  dominated_attack:promoted:demoted=417
[guards @ 34500 decisions] guards_ran=4167  threat_obs_computed=3870  threat_obs_nonzero=3870  priority_block_prior:demoted=3590  dominated_attack=420  dominated_attack:promoted:demoted=420
[guards @ 34550 decisions] guards_ran=4217  threat_obs_computed=3916  threat_obs_nonzero=3916  priority_block_prior:demoted=3626  dominated_attack=427  dominated_attack:promoted:demoted=427
[guards @ 34600 decisions] guards_ran=4267  threat_obs_computed=3963  threat_obs_nonzero=3963  priority_block_prior:demoted=3680  dominated_attack=434  dominated_attack:promoted:demoted=434
[guards @ 34650 decisions] guards_ran=4317  threat_obs_computed=4010  threat_obs_nonzero=4010  priority_block_prior:demoted=3716  dominated_attack=440  dominated_attack:promoted:demoted=440
[guards @ 34700 decisions] guards_ran=4367  threat_obs_computed=4057  threat_obs_nonzero=4057  priority_block_prior:demoted=3776  dominated_attack=443  dominated_attack:promoted:demoted=443
[guards @ 34750 decisions] guards_ran=4417  threat_obs_computed=4103  threat_obs_nonzero=4103  priority_block_prior:demoted=3824  dominated_attack=447  dominated_attack:promoted:demoted=447
[guards @ 34800 decisions] guards_ran=4467  threat_obs_computed=4150  threat_obs_nonzero=4150  priority_block_prior:demoted=3866  dominated_attack=453  dominated_attack:promoted:demoted=453
[guards @ 34850 decisions] guards_ran=4517  threat_obs_computed=4194  threat_obs_nonzero=4194  priority_block_prior:demoted=3902  dominated_attack=458  dominated_attack:promoted:demoted=458
[guards @ 34900 decisions] guards_ran=4567  threat_obs_computed=4241  threat_obs_nonzero=4241  priority_block_prior:demoted=3950  dominated_attack=466  dominated_attack:promoted:demoted=466
[guards @ 34950 decisions] guards_ran=4617  threat_obs_computed=4288  threat_obs_nonzero=4288  priority_block_prior:demoted=3992  dominated_attack=469  dominated_attack:promoted:demoted=469
[guards @ 35000 decisions] guards_ran=4667  threat_obs_computed=4336  threat_obs_nonzero=4336  priority_block_prior:demoted=4028  dominated_attack=475  dominated_attack:promoted:demoted=475
[guards @ 35050 decisions] guards_ran=4717  threat_obs_computed=4384  threat_obs_nonzero=4384  priority_block_prior:demoted=4064  dominated_attack=483  dominated_attack:promoted:demoted=483
[guards @ 35100 decisions] guards_ran=4767  threat_obs_computed=4431  threat_obs_nonzero=4431  priority_block_prior:demoted=4118  dominated_attack=488  dominated_attack:promoted:demoted=488
[guards @ 35150 decisions] guards_ran=4817  threat_obs_computed=4476  threat_obs_nonzero=4476  priority_block_prior:demoted=4154  dominated_attack=493  dominated_attack:promoted:demoted=493
[guards @ 35200 decisions] guards_ran=4867  threat_obs_computed=4524  threat_obs_nonzero=4524  priority_block_prior:demoted=4190  dominated_attack=498  dominated_attack:promoted:demoted=498
[guards @ 35250 decisions] guards_ran=4917  threat_obs_computed=4571  threat_obs_nonzero=4571  priority_block_prior:demoted=4226  dominated_attack=504  dominated_attack:promoted:demoted=504
[guards @ 35300 decisions] guards_ran=4967  threat_obs_computed=4615  threat_obs_nonzero=4615  priority_block_prior:demoted=4262  dominated_attack=505  dominated_attack:promoted:demoted=505
[guards @ 35350 decisions] guards_ran=5017  threat_obs_computed=4661  threat_obs_nonzero=4661  priority_block_prior:demoted=4316  dominated_attack=508  dominated_attack:promoted:demoted=508
[guards @ 35400 decisions] guards_ran=5067  threat_obs_computed=4707  threat_obs_nonzero=4707  priority_block_prior:demoted=4352  dominated_attack=518  dominated_attack:promoted:demoted=518
[guards @ 35450 decisions] guards_ran=5117  threat_obs_computed=4754  threat_obs_nonzero=4754  priority_block_prior:demoted=4388  dominated_attack=521  dominated_attack:promoted:demoted=521
[guards @ 35500 decisions] guards_ran=5167  threat_obs_computed=4800  threat_obs_nonzero=4800  priority_block_prior:demoted=4442  dominated_attack=528  dominated_attack:promoted:demoted=528
[guards @ 35550 decisions] guards_ran=5217  threat_obs_computed=4847  threat_obs_nonzero=4847  priority_block_prior:demoted=4478  dominated_attack=532  dominated_attack:promoted:demoted=532
[guards @ 35600 decisions] guards_ran=5267  threat_obs_computed=4894  threat_obs_nonzero=4894  priority_block_prior:demoted=4514  dominated_attack=536  dominated_attack:promoted:demoted=536
[guards @ 35650 decisions] guards_ran=5317  threat_obs_computed=4939  threat_obs_nonzero=4939  priority_block_prior:demoted=4568  dominated_attack=538  dominated_attack:promoted:demoted=538
[guards @ 35700 decisions] guards_ran=5367  threat_obs_computed=4985  threat_obs_nonzero=4985  priority_block_prior:demoted=4604  dominated_attack=543  dominated_attack:promoted:demoted=543
[guards @ 35750 decisions] guards_ran=5417  threat_obs_computed=5032  threat_obs_nonzero=5032  priority_block_prior:demoted=4658  dominated_attack=552  dominated_attack:promoted:demoted=552
[guards @ 35800 decisions] guards_ran=5467  threat_obs_computed=5078  threat_obs_nonzero=5078  priority_block_prior:demoted=4694  dominated_attack=556  dominated_attack:promoted:demoted=556
[guards @ 35850 decisions] guards_ran=5517  threat_obs_computed=5124  threat_obs_nonzero=5124  priority_block_prior:demoted=4748  dominated_attack=566  dominated_attack:promoted:demoted=566
[guards @ 35900 decisions] guards_ran=5567  threat_obs_computed=5172  threat_obs_nonzero=5172  priority_block_prior:demoted=4784  dominated_attack=567  dominated_attack:promoted:demoted=567
[guards @ 35950 decisions] guards_ran=5617  threat_obs_computed=5219  threat_obs_nonzero=5219  priority_block_prior:demoted=4820  dominated_attack=574  dominated_attack:promoted:demoted=574
[guards @ 36000 decisions] guards_ran=5667  threat_obs_computed=5265  threat_obs_nonzero=5265  priority_block_prior:demoted=4868  dominated_attack=577  dominated_attack:promoted:demoted=577
[guards @ 36050 decisions] guards_ran=5717  threat_obs_computed=5311  threat_obs_nonzero=5311  priority_block_prior:demoted=4910  dominated_attack=578  dominated_attack:promoted:demoted=578
[guards @ 36100 decisions] guards_ran=5767  threat_obs_computed=5358  threat_obs_nonzero=5358  priority_block_prior:demoted=4946  dominated_attack=588  dominated_attack:promoted:demoted=588
[guards @ 36150 decisions] guards_ran=5817  threat_obs_computed=5405  threat_obs_nonzero=5405  priority_block_prior:demoted=4982  dominated_attack=597  dominated_attack:promoted:demoted=597
[guards @ 36200 decisions] guards_ran=5867  threat_obs_computed=5451  threat_obs_nonzero=5451  priority_block_prior:demoted=5036  dominated_attack=601  dominated_attack:promoted:demoted=601
[guards @ 36250 decisions] guards_ran=5917  threat_obs_computed=5498  threat_obs_nonzero=5498  priority_block_prior:demoted=5084  dominated_attack=602  dominated_attack:promoted:demoted=602
[guards @ 36300 decisions] guards_ran=5967  threat_obs_computed=5545  threat_obs_nonzero=5545  priority_block_prior:demoted=5120  dominated_attack=604  dominated_attack:promoted:demoted=604
[guards @ 36350 decisions] guards_ran=6017  threat_obs_computed=5590  threat_obs_nonzero=5590  priority_block_prior:demoted=5162  dominated_attack=611  dominated_attack:promoted:demoted=611
[guards @ 36400 decisions] guards_ran=6067  threat_obs_computed=5634  threat_obs_nonzero=5634  priority_block_prior:demoted=5216  dominated_attack=617  dominated_attack:promoted:demoted=617
[guards @ 36450 decisions] guards_ran=6117  threat_obs_computed=5681  threat_obs_nonzero=5681  priority_block_prior:demoted=5252  dominated_attack=621  dominated_attack:promoted:demoted=621
[guards @ 36500 decisions] guards_ran=6167  threat_obs_computed=5728  threat_obs_nonzero=5728  priority_block_prior:demoted=5288  dominated_attack=625  dominated_attack:promoted:demoted=625
[guards @ 36550 decisions] guards_ran=6217  threat_obs_computed=5774  threat_obs_nonzero=5774  priority_block_prior:demoted=5324  dominated_attack=631  dominated_attack:promoted:demoted=631
[guards @ 36600 decisions] guards_ran=6267  threat_obs_computed=5820  threat_obs_nonzero=5820  priority_block_prior:demoted=5360  dominated_attack=640  dominated_attack:promoted:demoted=640
[guards @ 36650 decisions] guards_ran=6317  threat_obs_computed=5868  threat_obs_nonzero=5868  priority_block_prior:demoted=5396  dominated_attack=646  dominated_attack:promoted:demoted=646
[guards @ 36700 decisions] guards_ran=6367  threat_obs_computed=5915  threat_obs_nonzero=5915  priority_block_prior:demoted=5450  dominated_attack=652  dominated_attack:promoted:demoted=652
[guards @ 36750 decisions] guards_ran=6417  threat_obs_computed=5960  threat_obs_nonzero=5960  priority_block_prior:demoted=5498  dominated_attack=661  dominated_attack:promoted:demoted=661
[guards @ 36800 decisions] guards_ran=6467  threat_obs_computed=6005  threat_obs_nonzero=6005  priority_block_prior:demoted=5540  dominated_attack=666  dominated_attack:promoted:demoted=666
[guards @ 36850 decisions] guards_ran=6517  threat_obs_computed=6052  threat_obs_nonzero=6052  priority_block_prior:demoted=5576  dominated_attack=671  dominated_attack:promoted:demoted=671
[guards @ 36900 decisions] guards_ran=6567  threat_obs_computed=6099  threat_obs_nonzero=6099  priority_block_prior:demoted=5636  dominated_attack=677  dominated_attack:promoted:demoted=677
[guards @ 36950 decisions] guards_ran=6617  threat_obs_computed=6147  threat_obs_nonzero=6147  priority_block_prior:demoted=5672  dominated_attack=682  dominated_attack:promoted:demoted=682
[guards @ 37000 decisions] guards_ran=6667  threat_obs_computed=6195  threat_obs_nonzero=6195  priority_block_prior:demoted=5708  dominated_attack=684  dominated_attack:promoted:demoted=684
[guards @ 37050 decisions] guards_ran=6717  threat_obs_computed=6240  threat_obs_nonzero=6240  priority_block_prior:demoted=5762  dominated_attack=691  dominated_attack:promoted:demoted=691
[guards @ 37100 decisions] guards_ran=6767  threat_obs_computed=6287  threat_obs_nonzero=6287  priority_block_prior:demoted=5798  dominated_attack=697  dominated_attack:promoted:demoted=697
[guards @ 37150 decisions] guards_ran=6817  threat_obs_computed=6334  threat_obs_nonzero=6334  priority_block_prior:demoted=5834  dominated_attack=702  dominated_attack:promoted:demoted=702
[guards @ 37200 decisions] guards_ran=6867  threat_obs_computed=6382  threat_obs_nonzero=6382  priority_block_prior:demoted=5870  dominated_attack=704  dominated_attack:promoted:demoted=704
[guards @ 37250 decisions] guards_ran=6917  threat_obs_computed=6427  threat_obs_nonzero=6427  priority_block_prior:demoted=5924  dominated_attack=711  dominated_attack:promoted:demoted=711
[guards @ 37300 decisions] guards_ran=6967  threat_obs_computed=6475  threat_obs_nonzero=6475  priority_block_prior:demoted=5960  dominated_attack=719  dominated_attack:promoted:demoted=719
[guards @ 37350 decisions] guards_ran=7017  threat_obs_computed=6522  threat_obs_nonzero=6522  priority_block_prior:demoted=5996  dominated_attack=725  dominated_attack:promoted:demoted=725
[guards @ 37400 decisions] guards_ran=7067  threat_obs_computed=6569  threat_obs_nonzero=6569  priority_block_prior:demoted=6032  dominated_attack=727  dominated_attack:promoted:demoted=727
[guards @ 37450 decisions] guards_ran=7117  threat_obs_computed=6615  threat_obs_nonzero=6615  priority_block_prior:demoted=6086  dominated_attack=732  dominated_attack:promoted:demoted=732
[guards @ 37500 decisions] guards_ran=7167  threat_obs_computed=6662  threat_obs_nonzero=6662  priority_block_prior:demoted=6140  dominated_attack=739  dominated_attack:promoted:demoted=739
[guards @ 37550 decisions] guards_ran=7217  threat_obs_computed=6709  threat_obs_nonzero=6709  priority_block_prior:demoted=6176  dominated_attack=750  dominated_attack:promoted:demoted=750
[guards @ 37600 decisions] guards_ran=7267  threat_obs_computed=6757  threat_obs_nonzero=6757  priority_block_prior:demoted=6224  dominated_attack=754  dominated_attack:promoted:demoted=754
[guards @ 37650 decisions] guards_ran=7317  threat_obs_computed=6803  threat_obs_nonzero=6803  priority_block_prior:demoted=6266  dominated_attack=757  dominated_attack:promoted:demoted=757
[guards @ 37700 decisions] guards_ran=7367  threat_obs_computed=6849  threat_obs_nonzero=6849  priority_block_prior:demoted=6302  dominated_attack=758  dominated_attack:promoted:demoted=758
[guards @ 37750 decisions] guards_ran=7417  threat_obs_computed=6893  threat_obs_nonzero=6893  priority_block_prior:demoted=6356  dominated_attack=760  dominated_attack:promoted:demoted=760
[guards @ 37800 decisions] guards_ran=7467  threat_obs_computed=6939  threat_obs_nonzero=6939  priority_block_prior:demoted=6392  dominated_attack=765  dominated_attack:promoted:demoted=765
[guards @ 37850 decisions] guards_ran=7517  threat_obs_computed=6986  threat_obs_nonzero=6986  priority_block_prior:demoted=6440  dominated_attack=769  dominated_attack:promoted:demoted=769
[guards @ 37900 decisions] guards_ran=7567  threat_obs_computed=7033  threat_obs_nonzero=7033  priority_block_prior:demoted=6464  dominated_attack=776  dominated_attack:promoted:demoted=776
[guards @ 37950 decisions] guards_ran=7617  threat_obs_computed=7079  threat_obs_nonzero=7079  priority_block_prior:demoted=6518  dominated_attack=780  dominated_attack:promoted:demoted=780
[guards @ 38000 decisions] guards_ran=7667  threat_obs_computed=7124  threat_obs_nonzero=7124  priority_block_prior:demoted=6554  dominated_attack=782  dominated_attack:promoted:demoted=782
[guards @ 38050 decisions] guards_ran=7717  threat_obs_computed=7171  threat_obs_nonzero=7171  priority_block_prior:demoted=6608  dominated_attack=788  dominated_attack:promoted:demoted=788
[guards @ 38100 decisions] guards_ran=7767  threat_obs_computed=7218  threat_obs_nonzero=7218  priority_block_prior:demoted=6644  dominated_attack=793  dominated_attack:promoted:demoted=793
[guards @ 38150 decisions] guards_ran=7817  threat_obs_computed=7261  threat_obs_nonzero=7261  priority_block_prior:demoted=6692  dominated_attack=797  dominated_attack:promoted:demoted=797
[guards @ 38200 decisions] guards_ran=7867  threat_obs_computed=7308  threat_obs_nonzero=7308  priority_block_prior:demoted=6734  dominated_attack=805  dominated_attack:promoted:demoted=805
[guards @ 38250 decisions] guards_ran=7917  threat_obs_computed=7356  threat_obs_nonzero=7356  priority_block_prior:demoted=6752  dominated_attack=809  dominated_attack:promoted:demoted=809
[guards @ 38300 decisions] guards_ran=7967  threat_obs_computed=7403  threat_obs_nonzero=7403  priority_block_prior:demoted=6806  dominated_attack=813  dominated_attack:promoted:demoted=813
[guards @ 38350 decisions] guards_ran=8017  threat_obs_computed=7450  threat_obs_nonzero=7450  priority_block_prior:demoted=6842  dominated_attack=816  dominated_attack:promoted:demoted=816
[guards @ 38400 decisions] guards_ran=8067  threat_obs_computed=7495  threat_obs_nonzero=7495  priority_block_prior:demoted=6896  dominated_attack=819  dominated_attack:promoted:demoted=819
[guards @ 38450 decisions] guards_ran=8117  threat_obs_computed=7542  threat_obs_nonzero=7542  priority_block_prior:demoted=6932  dominated_attack=822  dominated_attack:promoted:demoted=822
[guards @ 38500 decisions] guards_ran=8167  threat_obs_computed=7589  threat_obs_nonzero=7589  priority_block_prior:demoted=6986  dominated_attack=827  dominated_attack:promoted:demoted=827
[guards @ 38550 decisions] guards_ran=8217  threat_obs_computed=7637  threat_obs_nonzero=7637  priority_block_prior:demoted=7022  dominated_attack=835  dominated_attack:promoted:demoted=835
[guards @ 38600 decisions] guards_ran=8267  threat_obs_computed=7684  threat_obs_nonzero=7684  priority_block_prior:demoted=7058  dominated_attack=843  dominated_attack:promoted:demoted=843
[guards @ 38650 decisions] guards_ran=8317  threat_obs_computed=7731  threat_obs_nonzero=7731  priority_block_prior:demoted=7094  dominated_attack=850  dominated_attack:promoted:demoted=850
[guards @ 38700 decisions] guards_ran=8367  threat_obs_computed=7778  threat_obs_nonzero=7778  priority_block_prior:demoted=7130  dominated_attack=858  dominated_attack:promoted:demoted=858
[guards @ 38750 decisions] guards_ran=8417  threat_obs_computed=7826  threat_obs_nonzero=7826  priority_block_prior:demoted=7178  dominated_attack=863  dominated_attack:promoted:demoted=863
[guards @ 38800 decisions] guards_ran=8467  threat_obs_computed=7873  threat_obs_nonzero=7873  priority_block_prior:demoted=7202  dominated_attack=868  dominated_attack:promoted:demoted=868
[guards @ 38850 decisions] guards_ran=8517  threat_obs_computed=7920  threat_obs_nonzero=7920  priority_block_prior:demoted=7238  dominated_attack=878  dominated_attack:promoted:demoted=878
[guards @ 38900 decisions] guards_ran=8567  threat_obs_computed=7967  threat_obs_nonzero=7967  priority_block_prior:demoted=7292  dominated_attack=886  dominated_attack:promoted:demoted=886
[guards @ 38950 decisions] guards_ran=8617  threat_obs_computed=8014  threat_obs_nonzero=8014  priority_block_prior:demoted=7328  dominated_attack=891  dominated_attack:promoted:demoted=891
[guards @ 39000 decisions] guards_ran=8667  threat_obs_computed=8061  threat_obs_nonzero=8061  priority_block_prior:demoted=7364  dominated_attack=896  dominated_attack:promoted:demoted=896
[guards @ 39050 decisions] guards_ran=8717  threat_obs_computed=8108  threat_obs_nonzero=8108  priority_block_prior:demoted=7400  dominated_attack=903  dominated_attack:promoted:demoted=903
[guards @ 39100 decisions] guards_ran=8767  threat_obs_computed=8152  threat_obs_nonzero=8152  priority_block_prior:demoted=7436  dominated_attack=910  dominated_attack:promoted:demoted=910
[guards @ 39150 decisions] guards_ran=8817  threat_obs_computed=8198  threat_obs_nonzero=8198  priority_block_prior:demoted=7490  dominated_attack=914  dominated_attack:promoted:demoted=914
[guards @ 39200 decisions] guards_ran=8867  threat_obs_computed=8245  threat_obs_nonzero=8245  priority_block_prior:demoted=7544  dominated_attack=919  dominated_attack:promoted:demoted=919
[guards @ 39250 decisions] guards_ran=8917  threat_obs_computed=8290  threat_obs_nonzero=8290  priority_block_prior:demoted=7598  dominated_attack=924  dominated_attack:promoted:demoted=924
[guards @ 39300 decisions] guards_ran=8967  threat_obs_computed=8338  threat_obs_nonzero=8338  priority_block_prior:demoted=7634  dominated_attack=934  dominated_attack:promoted:demoted=934
[guards @ 39350 decisions] guards_ran=9017  threat_obs_computed=8384  threat_obs_nonzero=8384  priority_block_prior:demoted=7670  dominated_attack=940  dominated_attack:promoted:demoted=940
[guards @ 39400 decisions] guards_ran=9067  threat_obs_computed=8430  threat_obs_nonzero=8430  priority_block_prior:demoted=7724  dominated_attack=947  dominated_attack:promoted:demoted=947
[guards @ 39450 decisions] guards_ran=9117  threat_obs_computed=8475  threat_obs_nonzero=8475  priority_block_prior:demoted=7778  dominated_attack=951  dominated_attack:promoted:demoted=951
[guards @ 39500 decisions] guards_ran=9167  threat_obs_computed=8522  threat_obs_nonzero=8522  priority_block_prior:demoted=7814  dominated_attack=957  dominated_attack:promoted:demoted=957
[guards @ 39550 decisions] guards_ran=9217  threat_obs_computed=8569  threat_obs_nonzero=8569  priority_block_prior:demoted=7850  dominated_attack=961  dominated_attack:promoted:demoted=961
[guards @ 39600 decisions] guards_ran=9267  threat_obs_computed=8615  threat_obs_nonzero=8615  priority_block_prior:demoted=7904  dominated_attack=964  dominated_attack:promoted:demoted=964
[guards @ 39650 decisions] guards_ran=9317  threat_obs_computed=8662  threat_obs_nonzero=8662  priority_block_prior:demoted=7940  dominated_attack=971  dominated_attack:promoted:demoted=971
[guards @ 39700 decisions] guards_ran=9367  threat_obs_computed=8708  threat_obs_nonzero=8708  priority_block_prior:demoted=7988  dominated_attack=975  dominated_attack:promoted:demoted=975
[guards @ 39750 decisions] guards_ran=9417  threat_obs_computed=8755  threat_obs_nonzero=8755  priority_block_prior:demoted=8030  dominated_attack=978  dominated_attack:promoted:demoted=978
[guards @ 39800 decisions] guards_ran=9467  threat_obs_computed=8802  threat_obs_nonzero=8802  priority_block_prior:demoted=8066  dominated_attack=987  dominated_attack:promoted:demoted=987
[guards @ 39850 decisions] guards_ran=9517  threat_obs_computed=8849  threat_obs_nonzero=8849  priority_block_prior:demoted=8102  dominated_attack=994  dominated_attack:promoted:demoted=994
[guards @ 39900 decisions] guards_ran=9567  threat_obs_computed=8896  threat_obs_nonzero=8896  priority_block_prior:demoted=8156  dominated_attack=996  dominated_attack:promoted:demoted=996
[guards @ 39950 decisions] guards_ran=9617  threat_obs_computed=8943  threat_obs_nonzero=8943  priority_block_prior:demoted=8192  dominated_attack=1000  dominated_attack:promoted:demoted=1000
[guards @ 40000 decisions] guards_ran=9667  threat_obs_computed=8991  threat_obs_nonzero=8991  priority_block_prior:demoted=8228  dominated_attack=1009  dominated_attack:promoted:demoted=1009
[guards @ 40050 decisions] guards_ran=9717  threat_obs_computed=9037  threat_obs_nonzero=9037  priority_block_prior:demoted=8282  dominated_attack=1012  dominated_attack:promoted:demoted=1012
[guards @ 40100 decisions] guards_ran=9767  threat_obs_computed=9084  threat_obs_nonzero=9084  priority_block_prior:demoted=8318  dominated_attack=1020  dominated_attack:promoted:demoted=1020
[guards @ 40150 decisions] guards_ran=9817  threat_obs_computed=9130  threat_obs_nonzero=9130  priority_block_prior:demoted=8354  dominated_attack=1023  dominated_attack:promoted:demoted=1023
[guards @ 40200 decisions] guards_ran=9867  threat_obs_computed=9177  threat_obs_nonzero=9177  priority_block_prior:demoted=8390  dominated_attack=1029  dominated_attack:promoted:demoted=1029
[guards @ 40250 decisions] guards_ran=9917  threat_obs_computed=9225  threat_obs_nonzero=9225  priority_block_prior:demoted=8438  dominated_attack=1037  dominated_attack:promoted:demoted=1037
[guards @ 40300 decisions] guards_ran=9967  threat_obs_computed=9271  threat_obs_nonzero=9271  priority_block_prior:demoted=8462  dominated_attack=1042  dominated_attack:promoted:demoted=1042
[guards @ 40350 decisions] guards_ran=10017  threat_obs_computed=9317  threat_obs_nonzero=9317  priority_block_prior:demoted=8516  dominated_attack=1043  dominated_attack:promoted:demoted=1043
[guards @ 40400 decisions] guards_ran=10067  threat_obs_computed=9364  threat_obs_nonzero=9364  priority_block_prior:demoted=8552  dominated_attack=1048  dominated_attack:promoted:demoted=1048
[guards @ 40450 decisions] guards_ran=10117  threat_obs_computed=9410  threat_obs_nonzero=9410  priority_block_prior:demoted=8596  dominated_attack=1055  dominated_attack:promoted:demoted=1055
[guards @ 40500 decisions] guards_ran=10167  threat_obs_computed=9454  threat_obs_nonzero=9454  priority_block_prior:demoted=8650  dominated_attack=1056  dominated_attack:promoted:demoted=1056
[guards @ 40550 decisions] guards_ran=10217  threat_obs_computed=9502  threat_obs_nonzero=9502  priority_block_prior:demoted=8686  dominated_attack=1063  dominated_attack:promoted:demoted=1063
[guards @ 40600 decisions] guards_ran=10267  threat_obs_computed=9547  threat_obs_nonzero=9547  priority_block_prior:demoted=8740  dominated_attack=1068  dominated_attack:promoted:demoted=1068
[guards @ 40650 decisions] guards_ran=10317  threat_obs_computed=9594  threat_obs_nonzero=9594  priority_block_prior:demoted=8788  dominated_attack=1074  dominated_attack:promoted:demoted=1074
[guards @ 40700 decisions] guards_ran=10367  threat_obs_computed=9639  threat_obs_nonzero=9639  priority_block_prior:demoted=8830  dominated_attack=1079  dominated_attack:promoted:demoted=1079
[guards @ 40750 decisions] guards_ran=10417  threat_obs_computed=9683  threat_obs_nonzero=9683  priority_block_prior:demoted=8878  dominated_attack=1081  dominated_attack:promoted:demoted=1081
[guards @ 40800 decisions] guards_ran=10467  threat_obs_computed=9730  threat_obs_nonzero=9730  priority_block_prior:demoted=8914  dominated_attack=1083  dominated_attack:promoted:demoted=1083
[guards @ 40850 decisions] guards_ran=10517  threat_obs_computed=9776  threat_obs_nonzero=9776  priority_block_prior:demoted=8956  dominated_attack=1089  dominated_attack:promoted:demoted=1089
[guards @ 40900 decisions] guards_ran=10567  threat_obs_computed=9823  threat_obs_nonzero=9823  priority_block_prior:demoted=9010  dominated_attack=1090  dominated_attack:promoted:demoted=1090
[guards @ 40950 decisions] guards_ran=10617  threat_obs_computed=9870  threat_obs_nonzero=9870  priority_block_prior:demoted=9046  dominated_attack=1095  dominated_attack:promoted:demoted=1095
block hidden=True a_first=False: A 247.0/500; running A 46.2% [44.1, 48.4]
{
  "games": 2000,
  "a_wins": 925.0,
  "ties": 0,
  "a_win_rate": 0.4625,
  "wilson_95": [
    0.4407409821271165,
    0.484402801692922
  ],
  "guard_changed_actions_per_game": 1.2645,
  "verdict": "guard loses close games",
  "complete": true
}
[10-03 18:31:06] END rc=0
[10-03 18:31:06] START .venv/bin/python evaluation/run_guard_ab.py --guards wasted_fake_out,throat_chop_main_threat,hp_move_after_hits --without-arm results_guard_ab_threat_first2 --output results_guard_ab_review1003
[10-03 19:13:18] END rc=0
[10-03 19:13:18] START .venv/bin/python evaluation/review1003_gate.py guards results_guard_ab_review1003 results_mirror_review1003 wasted_fake_out,throat_chop_main_threat,hp_move_after_hits
results_guard_ab_review1003: pooled -0.90pp [-1.98, +0.08], worst population -2.7pp
results_mirror_review1003: 46.2% [44.1, 48.4] over 2000 games
wasted_fake_out errors: 0 in 6204 games {}
throat_chop_main_threat errors: 0 in 6204 games {}
hp_move_after_hits errors: 0 in 6204 games {}
HOLD: head-to-head lost: upper bound 48.4% < 50%
[10-03 19:13:18] END rc=3
[10-03 19:13:18] GUARDS_HOLD
[10-03 19:13:18] START .venv/bin/python evaluation/mirror_guard_ab.py --a-checkpoint results_deployed/champion_mc_T6tac.zip --a-team teams/candidates_mc/T6e.txt --games 2000 --output results_mirror_t6e_unpractised
/Users/phillipmantatsky/Desktop/pokemon showdown bot/vgc-bench/.venv/lib/python3.13/site-packages/torch/nn/functional.py:2452: UserWarning: The operator 'aten::embedding_renorm_' is not currently supported on the MPS backend and will fall back to run on the CPU. This may have performance implications. (Triggered internally at /Users/runner/work/pytorch/pytorch/aten/src/ATen/mps/MPSFallback.mm:34.)
  torch.embedding_renorm_(weight.detach(), input, max_norm, norm_type)
[guards @ 50 decisions] zero_damage:demoted=126  guards_ran=50  threat_obs_computed=45  threat_obs_nonzero=45  priority_block:demoted=21  learned_preview=10
[guards @ 100 decisions] zero_damage:demoted=182  guards_ran=100  threat_obs_computed=92  threat_obs_nonzero=92  priority_block:demoted=35  learned_preview=14
[guards @ 150 decisions] zero_damage:demoted=252  guards_ran=150  threat_obs_computed=138  threat_obs_nonzero=138  priority_block:demoted=49  learned_preview=18
[guards @ 200 decisions] zero_damage:demoted=308  guards_ran=200  threat_obs_computed=185  threat_obs_nonzero=185  priority_block:demoted=63  learned_preview=24
[guards @ 250 decisions] zero_damage:demoted=364  guards_ran=250  threat_obs_computed=231  threat_obs_nonzero=231  priority_block:demoted=77  learned_preview=28
[guards @ 300 decisions] zero_damage:demoted=448  guards_ran=300  threat_obs_computed=276  threat_obs_nonzero=276  priority_block:demoted=98  learned_preview=32
[guards @ 350 decisions] zero_damage:demoted=504  guards_ran=350  threat_obs_computed=323  threat_obs_nonzero=323  priority_block:demoted=112  resisted_target=38
[guards @ 400 decisions] zero_damage:demoted=588  guards_ran=400  threat_obs_computed=368  threat_obs_nonzero=368  priority_block:demoted=126  resisted_target=48
[guards @ 450 decisions] zero_damage:demoted=644  guards_ran=450  threat_obs_computed=411  threat_obs_nonzero=411  priority_block:demoted=140  resisted_target=48
[guards @ 500 decisions] zero_damage:demoted=700  guards_ran=500  threat_obs_computed=458  threat_obs_nonzero=458  priority_block:demoted=154  resisted_target=58
[guards @ 550 decisions] zero_damage:demoted=756  guards_ran=550  threat_obs_computed=503  threat_obs_nonzero=503  priority_block:demoted=168  resisted_target=60
[guards @ 600 decisions] zero_damage:demoted=812  guards_ran=600  threat_obs_computed=551  threat_obs_nonzero=551  priority_block:demoted=182  resisted_target=65
[guards @ 650 decisions] zero_damage:demoted=896  guards_ran=650  threat_obs_computed=598  threat_obs_nonzero=598  priority_block:demoted=196  resisted_target=70
[guards @ 700 decisions] zero_damage:demoted=952  guards_ran=700  threat_obs_computed=645  threat_obs_nonzero=645  priority_block:demoted=210  resisted_target=78
[guards @ 750 decisions] zero_damage:demoted=1008  guards_ran=750  threat_obs_computed=692  threat_obs_nonzero=692  priority_block:demoted=224  resisted_target=82
[guards @ 800 decisions] zero_damage:demoted=1092  guards_ran=800  threat_obs_computed=736  threat_obs_nonzero=736  priority_block:demoted=245  resisted_target=88
[guards @ 850 decisions] zero_damage:demoted=1148  guards_ran=850  threat_obs_computed=783  threat_obs_nonzero=783  priority_block:demoted=259  resisted_target=94
[guards @ 900 decisions] zero_damage:demoted=1204  guards_ran=900  threat_obs_computed=831  threat_obs_nonzero=831  priority_block:demoted=273  resisted_target=102
[guards @ 950 decisions] zero_damage:demoted=1288  guards_ran=950  threat_obs_computed=877  threat_obs_nonzero=877  priority_block:demoted=294  resisted_target=106
[guards @ 1000 decisions] zero_damage:demoted=1344  guards_ran=1000  threat_obs_computed=923  threat_obs_nonzero=923  priority_block:demoted=308  resisted_target=111
[guards @ 1050 decisions] zero_damage:demoted=1400  guards_ran=1050  threat_obs_computed=971  threat_obs_nonzero=971  priority_block:demoted=322  resisted_target=120
[guards @ 1100 decisions] zero_damage:demoted=1484  guards_ran=1100  threat_obs_computed=1017  threat_obs_nonzero=1017  priority_block:demoted=336  resisted_target=126
[guards @ 1150 decisions] zero_damage:demoted=1568  guards_ran=1150  threat_obs_computed=1062  threat_obs_nonzero=1062  priority_block:demoted=350  resisted_target=131
[guards @ 1200 decisions] zero_damage:demoted=1624  guards_ran=1200  threat_obs_computed=1106  threat_obs_nonzero=1106  priority_block:demoted=364  resisted_target=138
[guards @ 1250 decisions] zero_damage:demoted=1680  guards_ran=1250  threat_obs_computed=1152  threat_obs_nonzero=1152  priority_block:demoted=378  resisted_target=144
[guards @ 1300 decisions] zero_damage:demoted=1708  guards_ran=1300  threat_obs_computed=1199  threat_obs_nonzero=1199  priority_block:demoted=385  resisted_target=151
[guards @ 1350 decisions] zero_damage:demoted=1792  guards_ran=1350  threat_obs_computed=1246  threat_obs_nonzero=1246  priority_block:demoted=399  resisted_target=152
[guards @ 1400 decisions] zero_damage:demoted=1848  guards_ran=1400  threat_obs_computed=1294  threat_obs_nonzero=1294  priority_block:demoted=413  resisted_target=160
[guards @ 1450 decisions] zero_damage:demoted=1932  guards_ran=1450  threat_obs_computed=1340  threat_obs_nonzero=1340  priority_block:demoted=434  resisted_target=167
[guards @ 1500 decisions] zero_damage:demoted=2016  guards_ran=1500  threat_obs_computed=1384  threat_obs_nonzero=1384  priority_block:demoted=448  resisted_target=170
[guards @ 1550 decisions] zero_damage:demoted=2086  guards_ran=1550  threat_obs_computed=1431  threat_obs_nonzero=1431  priority_block:demoted=462  resisted_target=177
[guards @ 1600 decisions] zero_damage:demoted=2184  guards_ran=1600  threat_obs_computed=1477  threat_obs_nonzero=1477  priority_block:demoted=483  resisted_target=179
[guards @ 1650 decisions] zero_damage:demoted=2240  guards_ran=1650  threat_obs_computed=1524  threat_obs_nonzero=1524  priority_block:demoted=497  resisted_target=182
[guards @ 1700 decisions] zero_damage:demoted=2296  guards_ran=1700  threat_obs_computed=1570  threat_obs_nonzero=1570  priority_block:demoted=504  resisted_target=190
[guards @ 1750 decisions] zero_damage:demoted=2324  guards_ran=1750  threat_obs_computed=1619  threat_obs_nonzero=1619  priority_block:demoted=511  resisted_target=196
[guards @ 1800 decisions] zero_damage:demoted=2380  guards_ran=1800  threat_obs_computed=1666  threat_obs_nonzero=1666  priority_block:demoted=525  resisted_target=203
[guards @ 1850 decisions] zero_damage:demoted=2436  guards_ran=1850  threat_obs_computed=1713  threat_obs_nonzero=1713  priority_block:demoted=539  resisted_target=211
[guards @ 1900 decisions] zero_damage:demoted=2520  guards_ran=1900  threat_obs_computed=1759  threat_obs_nonzero=1759  priority_block:demoted=560  resisted_target=219
[guards @ 1950 decisions] zero_damage:demoted=2576  guards_ran=1950  threat_obs_computed=1806  threat_obs_nonzero=1806  priority_block:demoted=574  resisted_target=226
[guards @ 2000 decisions] zero_damage:demoted=2660  guards_ran=2000  threat_obs_computed=1853  threat_obs_nonzero=1853  priority_block:demoted=595  resisted_target=230
[guards @ 2050 decisions] zero_damage:demoted=2716  guards_ran=2050  threat_obs_computed=1901  threat_obs_nonzero=1901  priority_block:demoted=609  resisted_target=240
[guards @ 2100 decisions] zero_damage:demoted=2772  guards_ran=2100  threat_obs_computed=1948  threat_obs_nonzero=1948  priority_block:demoted=616  resisted_target=240
[guards @ 2150 decisions] zero_damage:demoted=2842  guards_ran=2150  threat_obs_computed=1995  threat_obs_nonzero=1995  priority_block:demoted=637  resisted_target=243
[guards @ 2200 decisions] zero_damage:demoted=2912  guards_ran=2200  threat_obs_computed=2042  threat_obs_nonzero=2042  priority_block:demoted=651  resisted_target=251
[guards @ 2250 decisions] zero_damage:demoted=2968  guards_ran=2250  threat_obs_computed=2090  threat_obs_nonzero=2090  priority_block:demoted=665  resisted_target=256
[guards @ 2300 decisions] zero_damage:demoted=3024  guards_ran=2300  threat_obs_computed=2137  threat_obs_nonzero=2137  priority_block:demoted=679  resisted_target=265
[guards @ 2350 decisions] zero_damage:demoted=3080  guards_ran=2350  threat_obs_computed=2182  threat_obs_nonzero=2182  priority_block:demoted=693  resisted_target=268
[guards @ 2400 decisions] zero_damage:demoted=3164  guards_ran=2400  threat_obs_computed=2228  threat_obs_nonzero=2228  priority_block:demoted=707  resisted_target=271
[guards @ 2450 decisions] zero_damage:demoted=3248  guards_ran=2450  threat_obs_computed=2274  threat_obs_nonzero=2274  priority_block:demoted=721  resisted_target=273
[guards @ 2500 decisions] zero_damage:demoted=3304  guards_ran=2500  threat_obs_computed=2321  threat_obs_nonzero=2321  priority_block:demoted=735  resisted_target=275
[guards @ 2550 decisions] zero_damage:demoted=3360  guards_ran=2550  threat_obs_computed=2367  threat_obs_nonzero=2367  priority_block:demoted=749  resisted_target=282
[guards @ 2600 decisions] zero_damage:demoted=3416  guards_ran=2600  threat_obs_computed=2413  threat_obs_nonzero=2413  priority_block:demoted=763  resisted_target=290
[guards @ 2650 decisions] zero_damage:demoted=3500  guards_ran=2650  threat_obs_computed=2459  threat_obs_nonzero=2459  priority_block:demoted=784  resisted_target=296
[guards @ 2700 decisions] zero_damage:demoted=3556  guards_ran=2700  threat_obs_computed=2506  threat_obs_nonzero=2506  priority_block:demoted=798  resisted_target=301
[guards @ 2750 decisions] zero_damage:demoted=3612  guards_ran=2750  threat_obs_computed=2553  threat_obs_nonzero=2553  priority_block:demoted=812  resisted_target=303
[guards @ 2800 decisions] zero_damage:demoted=3682  guards_ran=2800  threat_obs_computed=2601  threat_obs_nonzero=2601  priority_block:demoted=826  resisted_target=308
[guards @ 2850 decisions] zero_damage:demoted=3752  guards_ran=2850  threat_obs_computed=2646  threat_obs_nonzero=2646  priority_block:demoted=840  resisted_target=314
[guards @ 2900 decisions] zero_damage:demoted=3836  guards_ran=2900  threat_obs_computed=2693  threat_obs_nonzero=2693  priority_block:demoted=861  resisted_target=319
[guards @ 2950 decisions] zero_damage:demoted=3892  guards_ran=2950  threat_obs_computed=2739  threat_obs_nonzero=2739  priority_block:demoted=875  resisted_target=324
[guards @ 3000 decisions] zero_damage:demoted=3948  guards_ran=3000  threat_obs_computed=2784  threat_obs_nonzero=2784  priority_block:demoted=882  resisted_target=330
[guards @ 3050 decisions] zero_damage:demoted=4032  guards_ran=3050  threat_obs_computed=2830  threat_obs_nonzero=2830  priority_block:demoted=903  resisted_target=333
[guards @ 3100 decisions] zero_damage:demoted=4088  guards_ran=3100  threat_obs_computed=2878  threat_obs_nonzero=2878  priority_block:demoted=910  resisted_target=339
[guards @ 3150 decisions] zero_damage:demoted=4144  guards_ran=3150  threat_obs_computed=2925  threat_obs_nonzero=2925  priority_block:demoted=924  resisted_target=346
[guards @ 3200 decisions] zero_damage:demoted=4172  guards_ran=3200  threat_obs_computed=2973  threat_obs_nonzero=2973  priority_block:demoted=931  resisted_target=348
[guards @ 3250 decisions] zero_damage:demoted=4242  guards_ran=3250  threat_obs_computed=3020  threat_obs_nonzero=3020  priority_block:demoted=952  resisted_target=350
[guards @ 3300 decisions] zero_damage:demoted=4312  guards_ran=3300  threat_obs_computed=3065  threat_obs_nonzero=3065  priority_block:demoted=966  resisted_target=355
[guards @ 3350 decisions] zero_damage:demoted=4382  guards_ran=3350  threat_obs_computed=3111  threat_obs_nonzero=3111  priority_block:demoted=987  resisted_target=357
[guards @ 3400 decisions] zero_damage:demoted=4452  guards_ran=3400  threat_obs_computed=3155  threat_obs_nonzero=3155  priority_block:demoted=1001  resisted_target=361
[guards @ 3450 decisions] zero_damage:demoted=4508  guards_ran=3450  threat_obs_computed=3203  threat_obs_nonzero=3203  priority_block:demoted=1015  resisted_target=368
[guards @ 3500 decisions] zero_damage:demoted=4564  guards_ran=3500  threat_obs_computed=3250  threat_obs_nonzero=3250  priority_block:demoted=1029  resisted_target=377
[guards @ 3550 decisions] zero_damage:demoted=4676  guards_ran=3550  threat_obs_computed=3296  threat_obs_nonzero=3296  priority_block:demoted=1050  resisted_target=385
[guards @ 3600 decisions] zero_damage:demoted=4718  guards_ran=3600  threat_obs_computed=3343  threat_obs_nonzero=3343  priority_block:demoted=1064  resisted_target=389
[guards @ 3650 decisions] zero_damage:demoted=4760  guards_ran=3650  threat_obs_computed=3389  threat_obs_nonzero=3389  priority_block:demoted=1071  resisted_target=396
[guards @ 3700 decisions] zero_damage:demoted=4844  guards_ran=3700  threat_obs_computed=3435  threat_obs_nonzero=3435  priority_block:demoted=1092  resisted_target=400
[guards @ 3750 decisions] zero_damage:demoted=4914  guards_ran=3750  threat_obs_computed=3482  threat_obs_nonzero=3482  priority_block:demoted=1113  resisted_target=404
[guards @ 3800 decisions] zero_damage:demoted=4984  guards_ran=3800  threat_obs_computed=3529  threat_obs_nonzero=3529  priority_block:demoted=1127  resisted_target=411
[guards @ 3850 decisions] zero_damage:demoted=5012  guards_ran=3850  threat_obs_computed=3577  threat_obs_nonzero=3577  priority_block:demoted=1134  resisted_target=418
[guards @ 3900 decisions] zero_damage:demoted=5068  guards_ran=3900  threat_obs_computed=3625  threat_obs_nonzero=3625  priority_block:demoted=1148  resisted_target=420
[guards @ 3950 decisions] zero_damage:demoted=5152  guards_ran=3950  threat_obs_computed=3671  threat_obs_nonzero=3671  priority_block:demoted=1169  resisted_target=428
[guards @ 4000 decisions] zero_damage:demoted=5208  guards_ran=4000  threat_obs_computed=3718  threat_obs_nonzero=3718  priority_block:demoted=1183  resisted_target=435
[guards @ 4050 decisions] zero_damage:demoted=5264  guards_ran=4050  threat_obs_computed=3766  threat_obs_nonzero=3766  priority_block:demoted=1197  resisted_target=439
[guards @ 4100 decisions] zero_damage:demoted=5320  guards_ran=4100  threat_obs_computed=3813  threat_obs_nonzero=3813  priority_block:demoted=1211  resisted_target=444
[guards @ 4150 decisions] zero_damage:demoted=5404  guards_ran=4150  threat_obs_computed=3858  threat_obs_nonzero=3858  priority_block:demoted=1232  resisted_target=446
[guards @ 4200 decisions] zero_damage:demoted=5460  guards_ran=4200  threat_obs_computed=3906  threat_obs_nonzero=3906  priority_block:demoted=1246  resisted_target=456
[guards @ 4250 decisions] zero_damage:demoted=5544  guards_ran=4250  threat_obs_computed=3953  threat_obs_nonzero=3953  priority_block:demoted=1260  resisted_target=460
[guards @ 4300 decisions] zero_damage:demoted=5600  guards_ran=4300  threat_obs_computed=4000  threat_obs_nonzero=4000  priority_block:demoted=1274  resisted_target=468
[guards @ 4350 decisions] zero_damage:demoted=5684  guards_ran=4350  threat_obs_computed=4044  threat_obs_nonzero=4044  priority_block:demoted=1295  resisted_target=473
[guards @ 4400 decisions] zero_damage:demoted=5768  guards_ran=4400  threat_obs_computed=4090  threat_obs_nonzero=4090  priority_block:demoted=1309  resisted_target=476
[guards @ 4450 decisions] zero_damage:demoted=5824  guards_ran=4450  threat_obs_computed=4137  threat_obs_nonzero=4137  priority_block:demoted=1323  resisted_target=478
[guards @ 4500 decisions] zero_damage:demoted=5880  guards_ran=4500  threat_obs_computed=4184  threat_obs_nonzero=4184  priority_block:demoted=1337  resisted_target=486
[guards @ 4550 decisions] zero_damage:demoted=5936  guards_ran=4550  threat_obs_computed=4231  threat_obs_nonzero=4231  priority_block:demoted=1351  resisted_target=490
[guards @ 4600 decisions] zero_damage:demoted=5992  guards_ran=4600  threat_obs_computed=4279  threat_obs_nonzero=4279  priority_block:demoted=1365  resisted_target=496
[guards @ 4650 decisions] zero_damage:demoted=6048  guards_ran=4650  threat_obs_computed=4326  threat_obs_nonzero=4326  priority_block:demoted=1379  resisted_target=502
[guards @ 4700 decisions] zero_damage:demoted=6104  guards_ran=4700  threat_obs_computed=4371  threat_obs_nonzero=4371  priority_block:demoted=1393  resisted_target=505
[guards @ 4750 decisions] zero_damage:demoted=6174  guards_ran=4750  threat_obs_computed=4418  threat_obs_nonzero=4418  priority_block:demoted=1407  resisted_target=507
[guards @ 4800 decisions] zero_damage:demoted=6230  guards_ran=4800  threat_obs_computed=4464  threat_obs_nonzero=4464  priority_block:demoted=1421  resisted_target=514
[guards @ 4850 decisions] zero_damage:demoted=6300  guards_ran=4850  threat_obs_computed=4508  threat_obs_nonzero=4508  priority_block:demoted=1435  resisted_target=518
[guards @ 4900 decisions] zero_damage:demoted=6356  guards_ran=4900  threat_obs_computed=4555  threat_obs_nonzero=4555  priority_block:demoted=1449  resisted_target=526
[guards @ 4950 decisions] zero_damage:demoted=6440  guards_ran=4950  threat_obs_computed=4601  threat_obs_nonzero=4601  priority_block:demoted=1463  resisted_target=531
[guards @ 5000 decisions] zero_damage:demoted=6524  guards_ran=5000  threat_obs_computed=4646  threat_obs_nonzero=4646  priority_block:demoted=1477  resisted_target=540
[guards @ 5050 decisions] zero_damage:demoted=6580  guards_ran=5050  threat_obs_computed=4692  threat_obs_nonzero=4692  priority_block:demoted=1491  resisted_target=545
[guards @ 5100 decisions] zero_damage:demoted=6664  guards_ran=5100  threat_obs_computed=4737  threat_obs_nonzero=4737  priority_block:demoted=1512  resisted_target=549
[guards @ 5150 decisions] zero_damage:demoted=6734  guards_ran=5150  threat_obs_computed=4783  threat_obs_nonzero=4783  priority_block:demoted=1533  resisted_target=554
[guards @ 5200 decisions] zero_damage:demoted=6804  guards_ran=5200  threat_obs_computed=4829  threat_obs_nonzero=4829  priority_block:demoted=1547  resisted_target=558
[guards @ 5250 decisions] zero_damage:demoted=6874  guards_ran=5250  threat_obs_computed=4877  threat_obs_nonzero=4877  priority_block:demoted=1568  resisted_target=561
[guards @ 5300 decisions] zero_damage:demoted=6972  guards_ran=5300  threat_obs_computed=4921  threat_obs_nonzero=4921  priority_block:demoted=1582  resisted_target=564
[guards @ 5350 decisions] zero_damage:demoted=7028  guards_ran=5350  threat_obs_computed=4968  threat_obs_nonzero=4968  priority_block:demoted=1596  resisted_target=570
[guards @ 5400 decisions] zero_damage:demoted=7112  guards_ran=5400  threat_obs_computed=5014  threat_obs_nonzero=5014  priority_block:demoted=1617  resisted_target=578
[guards @ 5450 decisions] zero_damage:demoted=7168  guards_ran=5450  threat_obs_computed=5062  threat_obs_nonzero=5062  priority_block:demoted=1631  resisted_target=587
[guards @ 5500 decisions] zero_damage:demoted=7224  guards_ran=5500  threat_obs_computed=5110  threat_obs_nonzero=5110  priority_block:demoted=1645  resisted_target=593
[guards @ 5550 decisions] zero_damage:demoted=7280  guards_ran=5550  threat_obs_computed=5158  threat_obs_nonzero=5158  priority_block:demoted=1659  resisted_target=598
[guards @ 5600 decisions] zero_damage:demoted=7350  guards_ran=5600  threat_obs_computed=5206  threat_obs_nonzero=5206  priority_block:demoted=1680  resisted_target=604
[guards @ 5650 decisions] zero_damage:demoted=7420  guards_ran=5650  threat_obs_computed=5253  threat_obs_nonzero=5253  priority_block:demoted=1694  resisted_target=612
[guards @ 5700 decisions] zero_damage:demoted=7476  guards_ran=5700  threat_obs_computed=5298  threat_obs_nonzero=5298  priority_block:demoted=1708  resisted_target=617
[guards @ 5750 decisions] zero_damage:demoted=7560  guards_ran=5750  threat_obs_computed=5344  threat_obs_nonzero=5344  priority_block:demoted=1729  resisted_target=622
[guards @ 5800 decisions] zero_damage:demoted=7616  guards_ran=5800  threat_obs_computed=5390  threat_obs_nonzero=5390  priority_block:demoted=1743  resisted_target=628
[guards @ 5850 decisions] zero_damage:demoted=7686  guards_ran=5850  threat_obs_computed=5437  threat_obs_nonzero=5437  priority_block:demoted=1764  resisted_target=635
[guards @ 5900 decisions] zero_damage:demoted=7756  guards_ran=5900  threat_obs_computed=5484  threat_obs_nonzero=5484  priority_block:demoted=1778  resisted_target=642
[guards @ 5950 decisions] zero_damage:demoted=7840  guards_ran=5950  threat_obs_computed=5527  threat_obs_nonzero=5527  priority_block:demoted=1799  resisted_target=644
[guards @ 6000 decisions] zero_damage:demoted=7896  guards_ran=6000  threat_obs_computed=5574  threat_obs_nonzero=5574  priority_block:demoted=1813  resisted_target=651
[guards @ 6050 decisions] zero_damage:demoted=7952  guards_ran=6050  threat_obs_computed=5621  threat_obs_nonzero=5621  priority_block:demoted=1827  resisted_target=658
[guards @ 6100 decisions] zero_damage:demoted=8036  guards_ran=6100  threat_obs_computed=5667  threat_obs_nonzero=5667  priority_block:demoted=1848  resisted_target=664
[guards @ 6150 decisions] zero_damage:demoted=8092  guards_ran=6150  threat_obs_computed=5713  threat_obs_nonzero=5713  priority_block:demoted=1862  resisted_target=669
[guards @ 6200 decisions] zero_damage:demoted=8176  guards_ran=6200  threat_obs_computed=5759  threat_obs_nonzero=5759  priority_block:demoted=1883  resisted_target=672
[guards @ 6250 decisions] zero_damage:demoted=8232  guards_ran=6250  threat_obs_computed=5805  threat_obs_nonzero=5805  priority_block:demoted=1897  resisted_target=677
[guards @ 6300 decisions] zero_damage:demoted=8288  guards_ran=6300  threat_obs_computed=5853  threat_obs_nonzero=5853  priority_block:demoted=1911  resisted_target=680
[guards @ 6350 decisions] zero_damage:demoted=8344  guards_ran=6350  threat_obs_computed=5901  threat_obs_nonzero=5901  priority_block:demoted=1925  resisted_target=685
[guards @ 6400 decisions] zero_damage:demoted=8400  guards_ran=6400  threat_obs_computed=5948  threat_obs_nonzero=5948  priority_block:demoted=1939  resisted_target=689
[guards @ 6450 decisions] zero_damage:demoted=8456  guards_ran=6450  threat_obs_computed=5994  threat_obs_nonzero=5994  priority_block:demoted=1953  resisted_target=690
[guards @ 6500 decisions] zero_damage:demoted=8540  guards_ran=6500  threat_obs_computed=6038  threat_obs_nonzero=6038  priority_block:demoted=1974  resisted_target=695
[guards @ 6550 decisions] zero_damage:demoted=8624  guards_ran=6550  threat_obs_computed=6085  threat_obs_nonzero=6085  priority_block:demoted=1988  resisted_target=701
[guards @ 6600 decisions] zero_damage:demoted=8680  guards_ran=6600  threat_obs_computed=6131  threat_obs_nonzero=6131  priority_block:demoted=2002  resisted_target=705
[guards @ 6650 decisions] zero_damage:demoted=8736  guards_ran=6650  threat_obs_computed=6178  threat_obs_nonzero=6178  priority_block:demoted=2016  resisted_target=713
[guards @ 6700 decisions] zero_damage:demoted=8820  guards_ran=6700  threat_obs_computed=6225  threat_obs_nonzero=6225  priority_block:demoted=2037  resisted_target=716
[guards @ 6750 decisions] zero_damage:demoted=8876  guards_ran=6750  threat_obs_computed=6273  threat_obs_nonzero=6273  priority_block:demoted=2051  resisted_target=721
[guards @ 6800 decisions] zero_damage:demoted=8932  guards_ran=6800  threat_obs_computed=6321  threat_obs_nonzero=6321  priority_block:demoted=2058  resisted_target=725
[guards @ 6850 decisions] zero_damage:demoted=9016  guards_ran=6850  threat_obs_computed=6366  threat_obs_nonzero=6366  priority_block:demoted=2079  resisted_target=731
[guards @ 6900 decisions] zero_damage:demoted=9100  guards_ran=6900  threat_obs_computed=6413  threat_obs_nonzero=6413  priority_block:demoted=2093  resisted_target=733
[guards @ 6950 decisions] zero_damage:demoted=9156  guards_ran=6950  threat_obs_computed=6459  threat_obs_nonzero=6459  priority_block:demoted=2107  resisted_target=736
[guards @ 7000 decisions] zero_damage:demoted=9184  guards_ran=7000  threat_obs_computed=6508  threat_obs_nonzero=6508  priority_block:demoted=2114  resisted_target=742
[guards @ 7050 decisions] zero_damage:demoted=9268  guards_ran=7050  threat_obs_computed=6554  threat_obs_nonzero=6554  priority_block:demoted=2135  resisted_target=750
[guards @ 7100 decisions] zero_damage:demoted=9338  guards_ran=7100  threat_obs_computed=6600  threat_obs_nonzero=6600  priority_block:demoted=2156  resisted_target=755
[guards @ 7150 decisions] zero_damage:demoted=9422  guards_ran=7150  threat_obs_computed=6645  threat_obs_nonzero=6645  priority_block:demoted=2177  resisted_target=761
[guards @ 7200 decisions] zero_damage:demoted=9492  guards_ran=7200  threat_obs_computed=6691  threat_obs_nonzero=6691  priority_block:demoted=2191  resisted_target=766
[guards @ 7250 decisions] zero_damage:demoted=9548  guards_ran=7250  threat_obs_computed=6737  threat_obs_nonzero=6737  priority_block:demoted=2205  resisted_target=776
[guards @ 7300 decisions] zero_damage:demoted=9590  guards_ran=7300  threat_obs_computed=6785  threat_obs_nonzero=6785  priority_block:demoted=2219  resisted_target=778
[guards @ 7350 decisions] zero_damage:demoted=9660  guards_ran=7350  threat_obs_computed=6832  threat_obs_nonzero=6832  priority_block:demoted=2233  resisted_target=783
[guards @ 7400 decisions] zero_damage:demoted=9730  guards_ran=7400  threat_obs_computed=6879  threat_obs_nonzero=6879  priority_block:demoted=2247  resisted_target=789
[guards @ 7450 decisions] zero_damage:demoted=9800  guards_ran=7450  threat_obs_computed=6925  threat_obs_nonzero=6925  priority_block:demoted=2261  resisted_target=793
[guards @ 7500 decisions] zero_damage:demoted=9856  guards_ran=7500  threat_obs_computed=6970  threat_obs_nonzero=6970  priority_block:demoted=2275  resisted_target=796
[guards @ 7550 decisions] zero_damage:demoted=9912  guards_ran=7550  threat_obs_computed=7015  threat_obs_nonzero=7015  priority_block:demoted=2289  resisted_target=798
[guards @ 7600 decisions] zero_damage:demoted=9968  guards_ran=7600  threat_obs_computed=7062  threat_obs_nonzero=7062  priority_block:demoted=2303  resisted_target=804
[guards @ 7650 decisions] zero_damage:demoted=10066  guards_ran=7650  threat_obs_computed=7108  threat_obs_nonzero=7108  priority_block:demoted=2324  resisted_target=807
[guards @ 7700 decisions] zero_damage:demoted=10136  guards_ran=7700  threat_obs_computed=7154  threat_obs_nonzero=7154  priority_block:demoted=2338  resisted_target=811
[guards @ 7750 decisions] zero_damage:demoted=10220  guards_ran=7750  threat_obs_computed=7200  threat_obs_nonzero=7200  priority_block:demoted=2359  resisted_target=816
[guards @ 7800 decisions] zero_damage:demoted=10276  guards_ran=7800  threat_obs_computed=7247  threat_obs_nonzero=7247  priority_block:demoted=2373  resisted_target=819
[guards @ 7850 decisions] zero_damage:demoted=10332  guards_ran=7850  threat_obs_computed=7295  threat_obs_nonzero=7295  priority_block:demoted=2387  resisted_target=828
[guards @ 7900 decisions] zero_damage:demoted=10416  guards_ran=7900  threat_obs_computed=7342  threat_obs_nonzero=7342  priority_block:demoted=2401  resisted_target=835
[guards @ 7950 decisions] zero_damage:demoted=10500  guards_ran=7950  threat_obs_computed=7388  threat_obs_nonzero=7388  priority_block:demoted=2422  resisted_target=840
[guards @ 8000 decisions] zero_damage:demoted=10556  guards_ran=8000  threat_obs_computed=7435  threat_obs_nonzero=7435  priority_block:demoted=2436  resisted_target=850
[guards @ 8050 decisions] zero_damage:demoted=10612  guards_ran=8050  threat_obs_computed=7480  threat_obs_nonzero=7480  priority_block:demoted=2450  resisted_target=858
[guards @ 8100 decisions] zero_damage:demoted=10696  guards_ran=8100  threat_obs_computed=7527  threat_obs_nonzero=7527  priority_block:demoted=2471  resisted_target=863
[guards @ 8150 decisions] zero_damage:demoted=10752  guards_ran=8150  threat_obs_computed=7575  threat_obs_nonzero=7575  priority_block:demoted=2485  resisted_target=870
[guards @ 8200 decisions] zero_damage:demoted=10836  guards_ran=8200  threat_obs_computed=7620  threat_obs_nonzero=7620  priority_block:demoted=2506  resisted_target=875
[guards @ 8250 decisions] zero_damage:demoted=10892  guards_ran=8250  threat_obs_computed=7667  threat_obs_nonzero=7667  priority_block:demoted=2520  resisted_target=882
[guards @ 8300 decisions] zero_damage:demoted=10948  guards_ran=8300  threat_obs_computed=7712  threat_obs_nonzero=7712  priority_block:demoted=2534  resisted_target=884
[guards @ 8350 decisions] zero_damage:demoted=11004  guards_ran=8350  threat_obs_computed=7759  threat_obs_nonzero=7759  priority_block:demoted=2548  resisted_target=891
[guards @ 8400 decisions] zero_damage:demoted=11088  guards_ran=8400  threat_obs_computed=7804  threat_obs_nonzero=7804  priority_block:demoted=2562  resisted_target=895
[guards @ 8450 decisions] zero_damage:demoted=11144  guards_ran=8450  threat_obs_computed=7850  threat_obs_nonzero=7850  priority_block:demoted=2576  resisted_target=898
[guards @ 8500 decisions] zero_damage:demoted=11186  guards_ran=8500  threat_obs_computed=7898  threat_obs_nonzero=7898  priority_block:demoted=2590  resisted_target=903
[guards @ 8550 decisions] zero_damage:demoted=11256  guards_ran=8550  threat_obs_computed=7944  threat_obs_nonzero=7944  priority_block:demoted=2604  resisted_target=910
[guards @ 8600 decisions] zero_damage:demoted=11340  guards_ran=8600  threat_obs_computed=7991  threat_obs_nonzero=7991  priority_block:demoted=2618  resisted_target=915
[guards @ 8650 decisions] zero_damage:demoted=11396  guards_ran=8650  threat_obs_computed=8036  threat_obs_nonzero=8036  priority_block:demoted=2632  resisted_target=919
[guards @ 8700 decisions] zero_damage:demoted=11452  guards_ran=8700  threat_obs_computed=8082  threat_obs_nonzero=8082  priority_block:demoted=2646  resisted_target=920
[guards @ 8750 decisions] zero_damage:demoted=11522  guards_ran=8750  threat_obs_computed=8130  threat_obs_nonzero=8130  priority_block:demoted=2653  resisted_target=923
[guards @ 8800 decisions] zero_damage:demoted=11564  guards_ran=8800  threat_obs_computed=8176  threat_obs_nonzero=8176  priority_block:demoted=2660  resisted_target=931
[guards @ 8850 decisions] zero_damage:demoted=11620  guards_ran=8850  threat_obs_computed=8223  threat_obs_nonzero=8223  priority_block:demoted=2674  resisted_target=934
[guards @ 8900 decisions] zero_damage:demoted=11676  guards_ran=8900  threat_obs_computed=8269  threat_obs_nonzero=8269  priority_block:demoted=2688  resisted_target=939
[guards @ 8950 decisions] zero_damage:demoted=11746  guards_ran=8950  threat_obs_computed=8314  threat_obs_nonzero=8314  priority_block:demoted=2709  resisted_target=942
[guards @ 9000 decisions] zero_damage:demoted=11816  guards_ran=9000  threat_obs_computed=8358  threat_obs_nonzero=8358  priority_block:demoted=2723  resisted_target=944
[guards @ 9050 decisions] zero_damage:demoted=11900  guards_ran=9050  threat_obs_computed=8403  threat_obs_nonzero=8403  priority_block:demoted=2744  resisted_target=949
[guards @ 9100 decisions] zero_damage:demoted=11956  guards_ran=9100  threat_obs_computed=8450  threat_obs_nonzero=8450  priority_block:demoted=2751  resisted_target=954
[guards @ 9150 decisions] zero_damage:demoted=12040  guards_ran=9150  threat_obs_computed=8497  threat_obs_nonzero=8497  priority_block:demoted=2772  resisted_target=958
[guards @ 9200 decisions] zero_damage:demoted=12096  guards_ran=9200  threat_obs_computed=8542  threat_obs_nonzero=8542  priority_block:demoted=2779  resisted_target=966
[guards @ 9250 decisions] zero_damage:demoted=12152  guards_ran=9250  threat_obs_computed=8588  threat_obs_nonzero=8588  priority_block:demoted=2793  resisted_target=974
[guards @ 9300 decisions] zero_damage:demoted=12236  guards_ran=9300  threat_obs_computed=8632  threat_obs_nonzero=8632  priority_block:demoted=2807  resisted_target=979
[guards @ 9350 decisions] zero_damage:demoted=12292  guards_ran=9350  threat_obs_computed=8680  threat_obs_nonzero=8680  priority_block:demoted=2821  resisted_target=984
[guards @ 9400 decisions] zero_damage:demoted=12348  guards_ran=9400  threat_obs_computed=8727  threat_obs_nonzero=8727  priority_block:demoted=2835  resisted_target=991
[guards @ 9450 decisions] zero_damage:demoted=12432  guards_ran=9450  threat_obs_computed=8769  threat_obs_nonzero=8769  priority_block:demoted=2856  resisted_target=997
[guards @ 9500 decisions] zero_damage:demoted=12488  guards_ran=9500  threat_obs_computed=8817  threat_obs_nonzero=8817  priority_block:demoted=2870  resisted_target=1002
[guards @ 9550 decisions] zero_damage:demoted=12544  guards_ran=9550  threat_obs_computed=8863  threat_obs_nonzero=8863  priority_block:demoted=2884  resisted_target=1011
[guards @ 9600 decisions] zero_damage:demoted=12628  guards_ran=9600  threat_obs_computed=8910  threat_obs_nonzero=8910  priority_block:demoted=2905  resisted_target=1016
[guards @ 9650 decisions] zero_damage:demoted=12684  guards_ran=9650  threat_obs_computed=8957  threat_obs_nonzero=8957  priority_block:demoted=2919  resisted_target=1019
[guards @ 9700 decisions] zero_damage:demoted=12768  guards_ran=9700  threat_obs_computed=9004  threat_obs_nonzero=9004  priority_block:demoted=2940  resisted_target=1022
[guards @ 9750 decisions] zero_damage:demoted=12824  guards_ran=9750  threat_obs_computed=9050  threat_obs_nonzero=9050  priority_block:demoted=2954  resisted_target=1032
[guards @ 9800 decisions] zero_damage:demoted=12894  guards_ran=9800  threat_obs_computed=9095  threat_obs_nonzero=9095  priority_block:demoted=2975  resisted_target=1037
[guards @ 9850 decisions] zero_damage:demoted=12964  guards_ran=9850  threat_obs_computed=9142  threat_obs_nonzero=9142  priority_block:demoted=2989  resisted_target=1040
[guards @ 9900 decisions] zero_damage:demoted=13020  guards_ran=9900  threat_obs_computed=9190  threat_obs_nonzero=9190  priority_block:demoted=3003  resisted_target=1046
[guards @ 9950 decisions] zero_damage:demoted=13076  guards_ran=9950  threat_obs_computed=9237  threat_obs_nonzero=9237  priority_block:demoted=3017  resisted_target=1051
[guards @ 10000 decisions] zero_damage:demoted=13132  guards_ran=10000  threat_obs_computed=9285  threat_obs_nonzero=9285  priority_block:demoted=3031  resisted_target=1055
[guards @ 10050 decisions] zero_damage:demoted=13188  guards_ran=10050  threat_obs_computed=9333  threat_obs_nonzero=9333  priority_block:demoted=3045  resisted_target=1059
[guards @ 10100 decisions] zero_damage:demoted=13244  guards_ran=10100  threat_obs_computed=9381  threat_obs_nonzero=9381  priority_block:demoted=3059  resisted_target=1062
[guards @ 10150 decisions] zero_damage:demoted=13300  guards_ran=10150  threat_obs_computed=9428  threat_obs_nonzero=9428  priority_block:demoted=3066  resisted_target=1066
[guards @ 10200 decisions] zero_damage:demoted=13384  guards_ran=10200  threat_obs_computed=9473  threat_obs_nonzero=9473  priority_block:demoted=3087  resisted_target=1067
[guards @ 10250 decisions] zero_damage:demoted=13440  guards_ran=10250  threat_obs_computed=9521  threat_obs_nonzero=9521  priority_block:demoted=3101  resisted_target=1072
[guards @ 10300 decisions] zero_damage:demoted=13524  guards_ran=10300  threat_obs_computed=9566  threat_obs_nonzero=9566  priority_block:demoted=3122  resisted_target=1075
[guards @ 10350 decisions] zero_damage:demoted=13552  guards_ran=10350  threat_obs_computed=9614  threat_obs_nonzero=9614  priority_block:demoted=3129  resisted_target=1081
[guards @ 10400 decisions] zero_damage:demoted=13608  guards_ran=10400  threat_obs_computed=9662  threat_obs_nonzero=9662  priority_block:demoted=3143  resisted_target=1090
[guards @ 10450 decisions] zero_damage:demoted=13664  guards_ran=10450  threat_obs_computed=9708  threat_obs_nonzero=9708  priority_block:demoted=3157  resisted_target=1096
[guards @ 10500 decisions] zero_damage:demoted=13748  guards_ran=10500  threat_obs_computed=9754  threat_obs_nonzero=9754  priority_block:demoted=3178  resisted_target=1101
[guards @ 10550 decisions] zero_damage:demoted=13804  guards_ran=10550  threat_obs_computed=9802  threat_obs_nonzero=9802  priority_block:demoted=3192  resisted_target=1106
[guards @ 10600 decisions] zero_damage:demoted=13860  guards_ran=10600  threat_obs_computed=9849  threat_obs_nonzero=9849  priority_block:demoted=3206  resisted_target=1113
[guards @ 10650 decisions] zero_damage:demoted=13916  guards_ran=10650  threat_obs_computed=9896  threat_obs_nonzero=9896  priority_block:demoted=3220  resisted_target=1115
[guards @ 10700 decisions] zero_damage:demoted=13972  guards_ran=10700  threat_obs_computed=9942  threat_obs_nonzero=9942  priority_block:demoted=3234  resisted_target=1122
[guards @ 10750 decisions] zero_damage:demoted=14000  guards_ran=10750  threat_obs_computed=9990  threat_obs_nonzero=9990  priority_block:demoted=3241  resisted_target=1125
block hidden=False a_first=True: A 249.0/500; running A 49.8% [45.4, 54.2]
[guards @ 10800 decisions] zero_damage:demoted=84  guards_ran=19  threat_obs_computed=16  threat_obs_nonzero=16  priority_block:demoted=14  learned_preview=6
[guards @ 10850 decisions] zero_damage:demoted=168  guards_ran=69  threat_obs_computed=60  threat_obs_nonzero=60  priority_block:demoted=14  learned_preview=12
[guards @ 10900 decisions] zero_damage:demoted=224  guards_ran=119  threat_obs_computed=108  threat_obs_nonzero=108  learned_preview=16  priority_block:demoted=14
[guards @ 10950 decisions] zero_damage:demoted=280  guards_ran=169  threat_obs_computed=156  threat_obs_nonzero=156  resisted_target=21  resisted_target:promoted:demoted=21
[guards @ 11000 decisions] zero_damage:demoted=350  guards_ran=219  threat_obs_computed=202  threat_obs_nonzero=202  resisted_target=28  resisted_target:promoted:demoted=28
[guards @ 11050 decisions] zero_damage:demoted=420  guards_ran=269  threat_obs_computed=246  threat_obs_nonzero=246  priority_block:demoted=35  learned_preview=32
[guards @ 11100 decisions] zero_damage:demoted=504  guards_ran=319  threat_obs_computed=291  threat_obs_nonzero=291  priority_block:demoted=42  learned_preview=36
[guards @ 11150 decisions] zero_damage:demoted=532  guards_ran=369  threat_obs_computed=339  threat_obs_nonzero=339  priority_block:demoted=42  resisted_target=41
[guards @ 11200 decisions] zero_damage:demoted=616  guards_ran=419  threat_obs_computed=386  threat_obs_nonzero=386  priority_block:demoted=49  resisted_target=47
[guards @ 11250 decisions] zero_damage:demoted=672  guards_ran=469  threat_obs_computed=434  threat_obs_nonzero=434  resisted_target=55  resisted_target:promoted:demoted=55
[guards @ 11300 decisions] zero_damage:demoted=728  guards_ran=519  threat_obs_computed=482  threat_obs_nonzero=482  resisted_target=60  resisted_target:promoted:demoted=60
[guards @ 11350 decisions] zero_damage:demoted=784  guards_ran=569  threat_obs_computed=527  threat_obs_nonzero=527  resisted_target=68  resisted_target:promoted:demoted=68
[guards @ 11400 decisions] zero_damage:demoted=868  guards_ran=619  threat_obs_computed=572  threat_obs_nonzero=572  resisted_target=71  resisted_target:promoted:demoted=71
[guards @ 11450 decisions] zero_damage:demoted=924  guards_ran=669  threat_obs_computed=618  threat_obs_nonzero=618  resisted_target=80  resisted_target:promoted:demoted=80
[guards @ 11500 decisions] zero_damage:demoted=980  guards_ran=719  threat_obs_computed=665  threat_obs_nonzero=665  resisted_target=87  resisted_target:promoted:demoted=87
[guards @ 11550 decisions] zero_damage:demoted=1050  guards_ran=769  threat_obs_computed=712  threat_obs_nonzero=712  resisted_target=89  resisted_target:promoted:demoted=89
[guards @ 11600 decisions] zero_damage:demoted=1120  guards_ran=819  threat_obs_computed=756  threat_obs_nonzero=756  resisted_target=101  resisted_target:promoted:demoted=101
[guards @ 11650 decisions] zero_damage:demoted=1176  guards_ran=869  threat_obs_computed=803  threat_obs_nonzero=803  resisted_target=109  resisted_target:promoted:demoted=109
[guards @ 11700 decisions] zero_damage:demoted=1232  guards_ran=919  threat_obs_computed=849  threat_obs_nonzero=849  resisted_target=114  resisted_target:promoted:demoted=114
[guards @ 11750 decisions] zero_damage:demoted=1302  guards_ran=969  threat_obs_computed=895  threat_obs_nonzero=895  resisted_target=118  resisted_target:promoted:demoted=118
[guards @ 11800 decisions] zero_damage:demoted=1372  guards_ran=1019  threat_obs_computed=941  threat_obs_nonzero=941  resisted_target=125  resisted_target:promoted:demoted=125
[guards @ 11850 decisions] zero_damage:demoted=1456  guards_ran=1069  threat_obs_computed=987  threat_obs_nonzero=987  resisted_target=129  resisted_target:promoted:demoted=129
[guards @ 11900 decisions] zero_damage:demoted=1512  guards_ran=1119  threat_obs_computed=1033  threat_obs_nonzero=1033  resisted_target=136  resisted_target:promoted:demoted=136
[guards @ 11950 decisions] zero_damage:demoted=1568  guards_ran=1169  threat_obs_computed=1080  threat_obs_nonzero=1080  resisted_target=142  resisted_target:promoted:demoted=142
[guards @ 12000 decisions] zero_damage:demoted=1624  guards_ran=1219  threat_obs_computed=1127  threat_obs_nonzero=1127  resisted_target=154  resisted_target:promoted:demoted=154
[guards @ 12050 decisions] zero_damage:demoted=1680  guards_ran=1269  threat_obs_computed=1175  threat_obs_nonzero=1175  resisted_target=160  resisted_target:promoted:demoted=160
[guards @ 12100 decisions] zero_damage:demoted=1764  guards_ran=1319  threat_obs_computed=1220  threat_obs_nonzero=1220  resisted_target=161  resisted_target:promoted:demoted=161
[guards @ 12150 decisions] zero_damage:demoted=1820  guards_ran=1369  threat_obs_computed=1268  threat_obs_nonzero=1268  protect_spam:demoted=168  resisted_target=167
[guards @ 12200 decisions] zero_damage:demoted=1904  guards_ran=1419  threat_obs_computed=1316  threat_obs_nonzero=1316  resisted_target=174  resisted_target:promoted:demoted=174
[guards @ 12250 decisions] zero_damage:demoted=1960  guards_ran=1469  threat_obs_computed=1362  threat_obs_nonzero=1362  resisted_target=182  resisted_target:promoted:demoted=182
[guards @ 12300 decisions] zero_damage:demoted=2030  guards_ran=1519  threat_obs_computed=1407  threat_obs_nonzero=1407  resisted_target=184  resisted_target:promoted:demoted=184
[guards @ 12350 decisions] zero_damage:demoted=2072  guards_ran=1569  threat_obs_computed=1454  threat_obs_nonzero=1454  resisted_target=187  resisted_target:promoted:demoted=187
[guards @ 12400 decisions] zero_damage:demoted=2128  guards_ran=1619  threat_obs_computed=1500  threat_obs_nonzero=1500  resisted_target=189  resisted_target:promoted:demoted=189
[guards @ 12450 decisions] zero_damage:demoted=2198  guards_ran=1669  threat_obs_computed=1548  threat_obs_nonzero=1548  resisted_target=196  resisted_target:promoted:demoted=196
[guards @ 12500 decisions] zero_damage:demoted=2254  guards_ran=1719  threat_obs_computed=1593  threat_obs_nonzero=1593  protect_spam:demoted=210  resisted_target=200
[guards @ 12550 decisions] zero_damage:demoted=2324  guards_ran=1769  threat_obs_computed=1637  threat_obs_nonzero=1637  protect_spam:demoted=222  resisted_target=205
[guards @ 12600 decisions] zero_damage:demoted=2408  guards_ran=1819  threat_obs_computed=1682  threat_obs_nonzero=1682  protect_spam:demoted=228  resisted_target=211
[guards @ 12650 decisions] zero_damage:demoted=2464  guards_ran=1869  threat_obs_computed=1729  threat_obs_nonzero=1729  protect_spam:demoted=228  resisted_target=217
[guards @ 12700 decisions] zero_damage:demoted=2520  guards_ran=1919  threat_obs_computed=1776  threat_obs_nonzero=1776  protect_spam:demoted=228  resisted_target=224
[guards @ 12750 decisions] zero_damage:demoted=2576  guards_ran=1969  threat_obs_computed=1823  threat_obs_nonzero=1823  resisted_target=231  resisted_target:promoted:demoted=231
[guards @ 12800 decisions] zero_damage:demoted=2688  guards_ran=2019  threat_obs_computed=1869  threat_obs_nonzero=1869  resisted_target=236  resisted_target:promoted:demoted=236
[guards @ 12850 decisions] zero_damage:demoted=2730  guards_ran=2069  threat_obs_computed=1917  threat_obs_nonzero=1917  resisted_target=244  resisted_target:promoted:demoted=244
[guards @ 12900 decisions] zero_damage:demoted=2800  guards_ran=2119  threat_obs_computed=1963  threat_obs_nonzero=1963  resisted_target=250  resisted_target:promoted:demoted=250
[guards @ 12950 decisions] zero_damage:demoted=2856  guards_ran=2169  threat_obs_computed=2010  threat_obs_nonzero=2010  resisted_target=258  resisted_target:promoted:demoted=258
[guards @ 13000 decisions] zero_damage:demoted=2912  guards_ran=2219  threat_obs_computed=2058  threat_obs_nonzero=2058  resisted_target=262  resisted_target:promoted:demoted=262
[guards @ 13050 decisions] zero_damage:demoted=2996  guards_ran=2269  threat_obs_computed=2104  threat_obs_nonzero=2104  resisted_target=270  resisted_target:promoted:demoted=269
[guards @ 13100 decisions] zero_damage:demoted=3066  guards_ran=2319  threat_obs_computed=2152  threat_obs_nonzero=2152  resisted_target=275  resisted_target:promoted:demoted=274
[guards @ 13150 decisions] zero_damage:demoted=3108  guards_ran=2369  threat_obs_computed=2198  threat_obs_nonzero=2198  resisted_target=280  resisted_target:promoted:demoted=279
[guards @ 13200 decisions] zero_damage:demoted=3192  guards_ran=2419  threat_obs_computed=2243  threat_obs_nonzero=2243  resisted_target=283  resisted_target:promoted:demoted=282
[guards @ 13250 decisions] zero_damage:demoted=3276  guards_ran=2469  threat_obs_computed=2290  threat_obs_nonzero=2290  resisted_target=288  resisted_target:promoted:demoted=287
[guards @ 13300 decisions] zero_damage:demoted=3338  guards_ran=2519  threat_obs_computed=2337  threat_obs_nonzero=2337  resisted_target=293  resisted_target:promoted:demoted=292
[guards @ 13350 decisions] zero_damage:demoted=3394  guards_ran=2569  threat_obs_computed=2385  threat_obs_nonzero=2385  resisted_target=300  resisted_target:promoted:demoted=299
[guards @ 13400 decisions] zero_damage:demoted=3450  guards_ran=2619  threat_obs_computed=2433  threat_obs_nonzero=2433  resisted_target=304  resisted_target:promoted:demoted=303
[guards @ 13450 decisions] zero_damage:demoted=3534  guards_ran=2669  threat_obs_computed=2479  threat_obs_nonzero=2479  resisted_target=310  resisted_target:promoted:demoted=309
[guards @ 13500 decisions] zero_damage:demoted=3590  guards_ran=2719  threat_obs_computed=2525  threat_obs_nonzero=2525  resisted_target=315  resisted_target:promoted:demoted=314
[guards @ 13550 decisions] zero_damage:demoted=3674  guards_ran=2769  threat_obs_computed=2571  threat_obs_nonzero=2571  resisted_target=322  resisted_target:promoted:demoted=321
[guards @ 13600 decisions] zero_damage:demoted=3730  guards_ran=2819  threat_obs_computed=2618  threat_obs_nonzero=2618  resisted_target=326  resisted_target:promoted:demoted=325
[guards @ 13650 decisions] zero_damage:demoted=3786  guards_ran=2869  threat_obs_computed=2665  threat_obs_nonzero=2665  resisted_target=334  resisted_target:promoted:demoted=333
[guards @ 13700 decisions] zero_damage:demoted=3842  guards_ran=2919  threat_obs_computed=2713  threat_obs_nonzero=2713  protect_spam:demoted=344  resisted_target=337
[guards @ 13750 decisions] zero_damage:demoted=3912  guards_ran=2969  threat_obs_computed=2761  threat_obs_nonzero=2761  protect_spam:demoted=356  resisted_target=342
[guards @ 13800 decisions] zero_damage:demoted=3968  guards_ran=3019  threat_obs_computed=2807  threat_obs_nonzero=2807  protect_spam:demoted=356  resisted_target=349
[guards @ 13850 decisions] zero_damage:demoted=4038  guards_ran=3069  threat_obs_computed=2854  threat_obs_nonzero=2854  protect_spam:demoted=356  resisted_target=353
[guards @ 13900 decisions] zero_damage:demoted=4094  guards_ran=3119  threat_obs_computed=2902  threat_obs_nonzero=2902  resisted_target=358  resisted_target:promoted:demoted=357
[guards @ 13950 decisions] zero_damage:demoted=4178  guards_ran=3169  threat_obs_computed=2945  threat_obs_nonzero=2945  resisted_target=361  resisted_target:promoted:demoted=360
[guards @ 14000 decisions] zero_damage:demoted=4234  guards_ran=3219  threat_obs_computed=2992  threat_obs_nonzero=2992  resisted_target=364  resisted_target:promoted:demoted=363
[guards @ 14050 decisions] zero_damage:demoted=4290  guards_ran=3269  threat_obs_computed=3037  threat_obs_nonzero=3037  resisted_target=365  resisted_target:promoted:demoted=364
[guards @ 14100 decisions] zero_damage:demoted=4346  guards_ran=3319  threat_obs_computed=3085  threat_obs_nonzero=3085  resisted_target=369  resisted_target:promoted:demoted=368
[guards @ 14150 decisions] zero_damage:demoted=4402  guards_ran=3369  threat_obs_computed=3132  threat_obs_nonzero=3132  resisted_target=376  resisted_target:promoted:demoted=375
[guards @ 14200 decisions] zero_damage:demoted=4458  guards_ran=3419  threat_obs_computed=3179  threat_obs_nonzero=3179  resisted_target=377  resisted_target:promoted:demoted=376
[guards @ 14250 decisions] zero_damage:demoted=4514  guards_ran=3469  threat_obs_computed=3226  threat_obs_nonzero=3226  resisted_target=387  resisted_target:promoted:demoted=386
[guards @ 14300 decisions] zero_damage:demoted=4570  guards_ran=3519  threat_obs_computed=3272  threat_obs_nonzero=3272  resisted_target=390  resisted_target:promoted:demoted=389
[guards @ 14350 decisions] zero_damage:demoted=4654  guards_ran=3569  threat_obs_computed=3319  threat_obs_nonzero=3319  resisted_target=399  resisted_target:promoted:demoted=398
[guards @ 14400 decisions] zero_damage:demoted=4710  guards_ran=3619  threat_obs_computed=3366  threat_obs_nonzero=3366  resisted_target=404  resisted_target:promoted:demoted=403
[guards @ 14450 decisions] zero_damage:demoted=4766  guards_ran=3669  threat_obs_computed=3413  threat_obs_nonzero=3413  resisted_target=411  resisted_target:promoted:demoted=410
[guards @ 14500 decisions] zero_damage:demoted=4822  guards_ran=3719  threat_obs_computed=3460  threat_obs_nonzero=3460  resisted_target=415  resisted_target:promoted:demoted=414
[guards @ 14550 decisions] zero_damage:demoted=4906  guards_ran=3769  threat_obs_computed=3506  threat_obs_nonzero=3506  resisted_target=423  resisted_target:promoted:demoted=422
[guards @ 14600 decisions] zero_damage:demoted=4976  guards_ran=3819  threat_obs_computed=3553  threat_obs_nonzero=3553  resisted_target=425  resisted_target:promoted:demoted=424
[guards @ 14650 decisions] zero_damage:demoted=5046  guards_ran=3869  threat_obs_computed=3598  threat_obs_nonzero=3598  resisted_target=431  resisted_target:promoted:demoted=430
[guards @ 14700 decisions] zero_damage:demoted=5102  guards_ran=3919  threat_obs_computed=3644  threat_obs_nonzero=3644  resisted_target=436  resisted_target:promoted:demoted=435
[guards @ 14750 decisions] zero_damage:demoted=5186  guards_ran=3969  threat_obs_computed=3690  threat_obs_nonzero=3690  resisted_target=440  resisted_target:promoted:demoted=439
[guards @ 14800 decisions] zero_damage:demoted=5242  guards_ran=4019  threat_obs_computed=3737  threat_obs_nonzero=3737  resisted_target=447  resisted_target:promoted:demoted=446
[guards @ 14850 decisions] zero_damage:demoted=5312  guards_ran=4069  threat_obs_computed=3783  threat_obs_nonzero=3783  resisted_target=448  resisted_target:promoted:demoted=447
[guards @ 14900 decisions] zero_damage:demoted=5382  guards_ran=4119  threat_obs_computed=3828  threat_obs_nonzero=3828  resisted_target=450  resisted_target:promoted:demoted=449
[guards @ 14950 decisions] zero_damage:demoted=5452  guards_ran=4169  threat_obs_computed=3875  threat_obs_nonzero=3875  resisted_target=455  resisted_target:promoted:demoted=454
[guards @ 15000 decisions] zero_damage:demoted=5494  guards_ran=4219  threat_obs_computed=3923  threat_obs_nonzero=3923  resisted_target=460  resisted_target:promoted:demoted=459
[guards @ 15050 decisions] zero_damage:demoted=5578  guards_ran=4269  threat_obs_computed=3969  threat_obs_nonzero=3969  resisted_target=461  resisted_target:promoted:demoted=460
[guards @ 15100 decisions] zero_damage:demoted=5634  guards_ran=4319  threat_obs_computed=4017  threat_obs_nonzero=4017  resisted_target=470  resisted_target:promoted:demoted=469
[guards @ 15150 decisions] zero_damage:demoted=5690  guards_ran=4369  threat_obs_computed=4065  threat_obs_nonzero=4065  resisted_target=475  resisted_target:promoted:demoted=474
[guards @ 15200 decisions] zero_damage:demoted=5774  guards_ran=4419  threat_obs_computed=4111  threat_obs_nonzero=4111  resisted_target=479  resisted_target:promoted:demoted=478
[guards @ 15250 decisions] zero_damage:demoted=5858  guards_ran=4469  threat_obs_computed=4155  threat_obs_nonzero=4155  resisted_target=485  resisted_target:promoted:demoted=484
[guards @ 15300 decisions] zero_damage:demoted=5914  guards_ran=4519  threat_obs_computed=4203  threat_obs_nonzero=4203  resisted_target=492  resisted_target:promoted:demoted=491
[guards @ 15350 decisions] zero_damage:demoted=5970  guards_ran=4569  threat_obs_computed=4247  threat_obs_nonzero=4247  resisted_target=495  resisted_target:promoted:demoted=494
[guards @ 15400 decisions] zero_damage:demoted=6026  guards_ran=4619  threat_obs_computed=4294  threat_obs_nonzero=4294  resisted_target=503  resisted_target:promoted:demoted=502
[guards @ 15450 decisions] zero_damage:demoted=6110  guards_ran=4669  threat_obs_computed=4341  threat_obs_nonzero=4341  resisted_target=509  resisted_target:promoted:demoted=508
[guards @ 15500 decisions] zero_damage:demoted=6166  guards_ran=4719  threat_obs_computed=4389  threat_obs_nonzero=4389  resisted_target=512  resisted_target:promoted:demoted=511
[guards @ 15550 decisions] zero_damage:demoted=6236  guards_ran=4769  threat_obs_computed=4435  threat_obs_nonzero=4435  resisted_target=518  resisted_target:promoted:demoted=517
[guards @ 15600 decisions] zero_damage:demoted=6306  guards_ran=4819  threat_obs_computed=4481  threat_obs_nonzero=4481  resisted_target=526  resisted_target:promoted:demoted=525
[guards @ 15650 decisions] zero_damage:demoted=6348  guards_ran=4869  threat_obs_computed=4529  threat_obs_nonzero=4529  resisted_target=531  resisted_target:promoted:demoted=530
[guards @ 15700 decisions] zero_damage:demoted=6418  guards_ran=4919  threat_obs_computed=4574  threat_obs_nonzero=4574  resisted_target=533  resisted_target:promoted:demoted=532
[guards @ 15750 decisions] zero_damage:demoted=6502  guards_ran=4969  threat_obs_computed=4620  threat_obs_nonzero=4620  resisted_target=536  resisted_target:promoted:demoted=535
[guards @ 15800 decisions] zero_damage:demoted=6558  guards_ran=5019  threat_obs_computed=4666  threat_obs_nonzero=4666  resisted_target=541  resisted_target:promoted:demoted=540
[guards @ 15850 decisions] zero_damage:demoted=6642  guards_ran=5069  threat_obs_computed=4713  threat_obs_nonzero=4713  resisted_target=548  resisted_target:promoted:demoted=547
[guards @ 15900 decisions] zero_damage:demoted=6726  guards_ran=5119  threat_obs_computed=4760  threat_obs_nonzero=4760  resisted_target=558  resisted_target:promoted:demoted=557
[guards @ 15950 decisions] zero_damage:demoted=6754  guards_ran=5169  threat_obs_computed=4808  threat_obs_nonzero=4808  resisted_target=561  resisted_target:promoted:demoted=560
[guards @ 16000 decisions] zero_damage:demoted=6845  guards_ran=5219  threat_obs_computed=4854  threat_obs_nonzero=4854  resisted_target=571  resisted_target:promoted:demoted=570
[guards @ 16050 decisions] zero_damage:demoted=6901  guards_ran=5269  threat_obs_computed=4901  threat_obs_nonzero=4901  resisted_target=572  resisted_target:promoted:demoted=571
[guards @ 16100 decisions] zero_damage:demoted=6957  guards_ran=5319  threat_obs_computed=4948  threat_obs_nonzero=4948  resisted_target=579  resisted_target:promoted:demoted=578
[guards @ 16150 decisions] zero_damage:demoted=7027  guards_ran=5369  threat_obs_computed=4992  threat_obs_nonzero=4992  resisted_target=585  resisted_target:promoted:demoted=584
[guards @ 16200 decisions] zero_damage:demoted=7097  guards_ran=5419  threat_obs_computed=5038  threat_obs_nonzero=5038  resisted_target=593  resisted_target:promoted:demoted=592
[guards @ 16250 decisions] zero_damage:demoted=7153  guards_ran=5469  threat_obs_computed=5086  threat_obs_nonzero=5086  resisted_target=596  resisted_target:promoted:demoted=595
[guards @ 16300 decisions] zero_damage:demoted=7209  guards_ran=5519  threat_obs_computed=5133  threat_obs_nonzero=5133  resisted_target=601  resisted_target:promoted:demoted=600
[guards @ 16350 decisions] zero_damage:demoted=7265  guards_ran=5569  threat_obs_computed=5180  threat_obs_nonzero=5180  resisted_target=607  resisted_target:promoted:demoted=606
[guards @ 16400 decisions] zero_damage:demoted=7321  guards_ran=5619  threat_obs_computed=5227  threat_obs_nonzero=5227  resisted_target=613  resisted_target:promoted:demoted=612
[guards @ 16450 decisions] zero_damage:demoted=7405  guards_ran=5669  threat_obs_computed=5272  threat_obs_nonzero=5272  resisted_target=618  resisted_target:promoted:demoted=617
[guards @ 16500 decisions] zero_damage:demoted=7475  guards_ran=5719  threat_obs_computed=5320  threat_obs_nonzero=5320  resisted_target=623  resisted_target:promoted:demoted=622
[guards @ 16550 decisions] zero_damage:demoted=7545  guards_ran=5769  threat_obs_computed=5364  threat_obs_nonzero=5364  resisted_target=630  resisted_target:promoted:demoted=629
[guards @ 16600 decisions] zero_damage:demoted=7601  guards_ran=5819  threat_obs_computed=5411  threat_obs_nonzero=5411  resisted_target=635  resisted_target:promoted:demoted=634
[guards @ 16650 decisions] zero_damage:demoted=7657  guards_ran=5869  threat_obs_computed=5458  threat_obs_nonzero=5458  resisted_target=638  resisted_target:promoted:demoted=637
[guards @ 16700 decisions] zero_damage:demoted=7727  guards_ran=5919  threat_obs_computed=5505  threat_obs_nonzero=5505  resisted_target=643  resisted_target:promoted:demoted=642
[guards @ 16750 decisions] zero_damage:demoted=7797  guards_ran=5969  threat_obs_computed=5552  threat_obs_nonzero=5552  resisted_target=649  resisted_target:promoted:demoted=648
[guards @ 16800 decisions] zero_damage:demoted=7853  guards_ran=6019  threat_obs_computed=5600  threat_obs_nonzero=5600  resisted_target=651  resisted_target:promoted:demoted=650
[guards @ 16850 decisions] zero_damage:demoted=7881  guards_ran=6069  threat_obs_computed=5647  threat_obs_nonzero=5647  resisted_target=659  resisted_target:promoted:demoted=658
[guards @ 16900 decisions] zero_damage:demoted=7937  guards_ran=6119  threat_obs_computed=5693  threat_obs_nonzero=5693  resisted_target=663  resisted_target:promoted:demoted=662
[guards @ 16950 decisions] zero_damage:demoted=8021  guards_ran=6169  threat_obs_computed=5738  threat_obs_nonzero=5738  resisted_target=666  resisted_target:promoted:demoted=665
[guards @ 17000 decisions] zero_damage:demoted=8105  guards_ran=6219  threat_obs_computed=5785  threat_obs_nonzero=5785  resisted_target=675  resisted_target:promoted:demoted=674
[guards @ 17050 decisions] zero_damage:demoted=8161  guards_ran=6269  threat_obs_computed=5833  threat_obs_nonzero=5833  resisted_target=683  resisted_target:promoted:demoted=682
[guards @ 17100 decisions] zero_damage:demoted=8245  guards_ran=6319  threat_obs_computed=5880  threat_obs_nonzero=5880  resisted_target=686  resisted_target:promoted:demoted=685
[guards @ 17150 decisions] zero_damage:demoted=8301  guards_ran=6369  threat_obs_computed=5927  threat_obs_nonzero=5927  resisted_target=691  resisted_target:promoted:demoted=690
[guards @ 17200 decisions] zero_damage:demoted=8357  guards_ran=6419  threat_obs_computed=5974  threat_obs_nonzero=5974  resisted_target=694  resisted_target:promoted:demoted=693
[guards @ 17250 decisions] zero_damage:demoted=8413  guards_ran=6469  threat_obs_computed=6021  threat_obs_nonzero=6021  resisted_target=700  resisted_target:promoted:demoted=699
[guards @ 17300 decisions] zero_damage:demoted=8497  guards_ran=6519  threat_obs_computed=6068  threat_obs_nonzero=6068  resisted_target=707  resisted_target:promoted:demoted=706
[guards @ 17350 decisions] zero_damage:demoted=8553  guards_ran=6569  threat_obs_computed=6115  threat_obs_nonzero=6115  resisted_target=710  resisted_target:promoted:demoted=709
[guards @ 17400 decisions] zero_damage:demoted=8609  guards_ran=6619  threat_obs_computed=6163  threat_obs_nonzero=6163  resisted_target=716  resisted_target:promoted:demoted=715
[guards @ 17450 decisions] zero_damage:demoted=8665  guards_ran=6669  threat_obs_computed=6211  threat_obs_nonzero=6211  resisted_target=723  resisted_target:promoted:demoted=722
[guards @ 17500 decisions] zero_damage:demoted=8721  guards_ran=6719  threat_obs_computed=6257  threat_obs_nonzero=6257  resisted_target=731  resisted_target:promoted:demoted=730
[guards @ 17550 decisions] zero_damage:demoted=8777  guards_ran=6769  threat_obs_computed=6304  threat_obs_nonzero=6304  resisted_target=734  resisted_target:promoted:demoted=733
[guards @ 17600 decisions] zero_damage:demoted=8833  guards_ran=6819  threat_obs_computed=6352  threat_obs_nonzero=6352  resisted_target=743  resisted_target:promoted:demoted=742
[guards @ 17650 decisions] zero_damage:demoted=8917  guards_ran=6869  threat_obs_computed=6398  threat_obs_nonzero=6398  resisted_target=748  resisted_target:promoted:demoted=747
[guards @ 17700 decisions] zero_damage:demoted=8973  guards_ran=6919  threat_obs_computed=6445  threat_obs_nonzero=6445  resisted_target=755  resisted_target:promoted:demoted=754
[guards @ 17750 decisions] zero_damage:demoted=9029  guards_ran=6969  threat_obs_computed=6491  threat_obs_nonzero=6491  resisted_target=756  resisted_target:promoted:demoted=755
[guards @ 17800 decisions] zero_damage:demoted=9085  guards_ran=7019  threat_obs_computed=6538  threat_obs_nonzero=6538  resisted_target=759  resisted_target:promoted:demoted=758
[guards @ 17850 decisions] zero_damage:demoted=9141  guards_ran=7069  threat_obs_computed=6585  threat_obs_nonzero=6585  resisted_target=763  resisted_target:promoted:demoted=762
[guards @ 17900 decisions] zero_damage:demoted=9225  guards_ran=7119  threat_obs_computed=6632  threat_obs_nonzero=6632  resisted_target=770  resisted_target:promoted:demoted=769
[guards @ 17950 decisions] zero_damage:demoted=9281  guards_ran=7169  threat_obs_computed=6678  threat_obs_nonzero=6678  resisted_target=776  resisted_target:promoted:demoted=775
[guards @ 18000 decisions] zero_damage:demoted=9337  guards_ran=7219  threat_obs_computed=6725  threat_obs_nonzero=6725  resisted_target=784  resisted_target:promoted:demoted=783
[guards @ 18050 decisions] zero_damage:demoted=9407  guards_ran=7269  threat_obs_computed=6772  threat_obs_nonzero=6772  resisted_target=790  resisted_target:promoted:demoted=789
[guards @ 18100 decisions] zero_damage:demoted=9449  guards_ran=7319  threat_obs_computed=6819  threat_obs_nonzero=6819  resisted_target=796  resisted_target:promoted:demoted=795
[guards @ 18150 decisions] zero_damage:demoted=9533  guards_ran=7369  threat_obs_computed=6865  threat_obs_nonzero=6865  resisted_target=803  resisted_target:promoted:demoted=802
[guards @ 18200 decisions] zero_damage:demoted=9589  guards_ran=7419  threat_obs_computed=6913  threat_obs_nonzero=6913  resisted_target=811  resisted_target:promoted:demoted=810
[guards @ 18250 decisions] zero_damage:demoted=9631  guards_ran=7469  threat_obs_computed=6961  threat_obs_nonzero=6961  resisted_target=815  resisted_target:promoted:demoted=814
[guards @ 18300 decisions] zero_damage:demoted=9673  guards_ran=7519  threat_obs_computed=7009  threat_obs_nonzero=7009  resisted_target=819  resisted_target:promoted:demoted=818
[guards @ 18350 decisions] zero_damage:demoted=9757  guards_ran=7569  threat_obs_computed=7055  threat_obs_nonzero=7055  resisted_target=828  resisted_target:promoted:demoted=827
[guards @ 18400 decisions] zero_damage:demoted=9813  guards_ran=7619  threat_obs_computed=7100  threat_obs_nonzero=7100  resisted_target=828  resisted_target:promoted:demoted=827
[guards @ 18450 decisions] zero_damage:demoted=9855  guards_ran=7669  threat_obs_computed=7149  threat_obs_nonzero=7149  resisted_target=834  resisted_target:promoted:demoted=833
[guards @ 18500 decisions] zero_damage:demoted=9911  guards_ran=7719  threat_obs_computed=7197  threat_obs_nonzero=7197  resisted_target=839  resisted_target:promoted:demoted=838
[guards @ 18550 decisions] zero_damage:demoted=9953  guards_ran=7769  threat_obs_computed=7244  threat_obs_nonzero=7244  resisted_target=842  resisted_target:promoted:demoted=841
[guards @ 18600 decisions] zero_damage:demoted=10009  guards_ran=7819  threat_obs_computed=7292  threat_obs_nonzero=7292  resisted_target=847  resisted_target:promoted:demoted=846
[guards @ 18650 decisions] zero_damage:demoted=10065  guards_ran=7869  threat_obs_computed=7338  threat_obs_nonzero=7338  resisted_target=851  resisted_target:promoted:demoted=850
[guards @ 18700 decisions] zero_damage:demoted=10149  guards_ran=7919  threat_obs_computed=7384  threat_obs_nonzero=7384  resisted_target=857  resisted_target:promoted:demoted=856
[guards @ 18750 decisions] zero_damage:demoted=10205  guards_ran=7969  threat_obs_computed=7431  threat_obs_nonzero=7431  resisted_target=862  resisted_target:promoted:demoted=861
[guards @ 18800 decisions] zero_damage:demoted=10233  guards_ran=8019  threat_obs_computed=7480  threat_obs_nonzero=7480  resisted_target=864  resisted_target:promoted:demoted=863
[guards @ 18850 decisions] zero_damage:demoted=10317  guards_ran=8069  threat_obs_computed=7527  threat_obs_nonzero=7527  resisted_target=869  resisted_target:promoted:demoted=868
[guards @ 18900 decisions] zero_damage:demoted=10373  guards_ran=8119  threat_obs_computed=7574  threat_obs_nonzero=7574  resisted_target=875  resisted_target:promoted:demoted=874
[guards @ 18950 decisions] zero_damage:demoted=10429  guards_ran=8169  threat_obs_computed=7622  threat_obs_nonzero=7622  resisted_target=882  resisted_target:promoted:demoted=881
[guards @ 19000 decisions] zero_damage:demoted=10485  guards_ran=8219  threat_obs_computed=7669  threat_obs_nonzero=7669  resisted_target=888  resisted_target:promoted:demoted=887
[guards @ 19050 decisions] zero_damage:demoted=10555  guards_ran=8269  threat_obs_computed=7716  threat_obs_nonzero=7716  resisted_target=893  resisted_target:promoted:demoted=892
[guards @ 19100 decisions] zero_damage:demoted=10625  guards_ran=8319  threat_obs_computed=7762  threat_obs_nonzero=7762  resisted_target=899  resisted_target:promoted:demoted=898
[guards @ 19150 decisions] zero_damage:demoted=10681  guards_ran=8369  threat_obs_computed=7809  threat_obs_nonzero=7809  resisted_target=904  resisted_target:promoted:demoted=903
[guards @ 19200 decisions] zero_damage:demoted=10765  guards_ran=8419  threat_obs_computed=7854  threat_obs_nonzero=7854  resisted_target=909  resisted_target:promoted:demoted=908
[guards @ 19250 decisions] zero_damage:demoted=10821  guards_ran=8469  threat_obs_computed=7900  threat_obs_nonzero=7900  resisted_target=911  resisted_target:promoted:demoted=910
[guards @ 19300 decisions] zero_damage:demoted=10877  guards_ran=8519  threat_obs_computed=7947  threat_obs_nonzero=7947  resisted_target=916  resisted_target:promoted:demoted=915
[guards @ 19350 decisions] zero_damage:demoted=10933  guards_ran=8569  threat_obs_computed=7992  threat_obs_nonzero=7992  resisted_target=919  resisted_target:promoted:demoted=918
[guards @ 19400 decisions] zero_damage:demoted=11017  guards_ran=8619  threat_obs_computed=8038  threat_obs_nonzero=8038  resisted_target=923  resisted_target:promoted:demoted=922
[guards @ 19450 decisions] zero_damage:demoted=11073  guards_ran=8669  threat_obs_computed=8085  threat_obs_nonzero=8085  resisted_target=928  resisted_target:promoted:demoted=927
[guards @ 19500 decisions] zero_damage:demoted=11129  guards_ran=8719  threat_obs_computed=8133  threat_obs_nonzero=8133  resisted_target=931  resisted_target:promoted:demoted=930
[guards @ 19550 decisions] zero_damage:demoted=11185  guards_ran=8769  threat_obs_computed=8181  threat_obs_nonzero=8181  resisted_target=936  resisted_target:promoted:demoted=935
[guards @ 19600 decisions] zero_damage:demoted=11269  guards_ran=8819  threat_obs_computed=8227  threat_obs_nonzero=8227  resisted_target=944  resisted_target:promoted:demoted=943
[guards @ 19650 decisions] zero_damage:demoted=11325  guards_ran=8869  threat_obs_computed=8275  threat_obs_nonzero=8275  resisted_target=949  resisted_target:promoted:demoted=948
[guards @ 19700 decisions] zero_damage:demoted=11381  guards_ran=8919  threat_obs_computed=8319  threat_obs_nonzero=8319  resisted_target=957  resisted_target:promoted:demoted=956
[guards @ 19750 decisions] zero_damage:demoted=11465  guards_ran=8969  threat_obs_computed=8365  threat_obs_nonzero=8365  resisted_target=960  resisted_target:promoted:demoted=959
[guards @ 19800 decisions] zero_damage:demoted=11521  guards_ran=9019  threat_obs_computed=8410  threat_obs_nonzero=8410  resisted_target=964  resisted_target:promoted:demoted=963
[guards @ 19850 decisions] zero_damage:demoted=11619  guards_ran=9069  threat_obs_computed=8456  threat_obs_nonzero=8456  resisted_target=970  resisted_target:promoted:demoted=969
[guards @ 19900 decisions] zero_damage:demoted=11689  guards_ran=9119  threat_obs_computed=8502  threat_obs_nonzero=8502  resisted_target=978  resisted_target:promoted:demoted=977
[guards @ 19950 decisions] zero_damage:demoted=11745  guards_ran=9169  threat_obs_computed=8549  threat_obs_nonzero=8549  resisted_target=981  resisted_target:promoted:demoted=980
[guards @ 20000 decisions] zero_damage:demoted=11829  guards_ran=9219  threat_obs_computed=8595  threat_obs_nonzero=8595  resisted_target=985  resisted_target:promoted:demoted=984
[guards @ 20050 decisions] zero_damage:demoted=11885  guards_ran=9269  threat_obs_computed=8642  threat_obs_nonzero=8642  resisted_target=993  resisted_target:promoted:demoted=992
[guards @ 20100 decisions] zero_damage:demoted=11941  guards_ran=9319  threat_obs_computed=8689  threat_obs_nonzero=8689  resisted_target=997  resisted_target:promoted:demoted=996
[guards @ 20150 decisions] zero_damage:demoted=12025  guards_ran=9369  threat_obs_computed=8735  threat_obs_nonzero=8735  resisted_target=1005  resisted_target:promoted:demoted=1004
[guards @ 20200 decisions] zero_damage:demoted=12081  guards_ran=9419  threat_obs_computed=8781  threat_obs_nonzero=8781  resisted_target=1008  resisted_target:promoted:demoted=1007
[guards @ 20250 decisions] zero_damage:demoted=12137  guards_ran=9469  threat_obs_computed=8828  threat_obs_nonzero=8828  resisted_target=1013  resisted_target:promoted:demoted=1012
[guards @ 20300 decisions] zero_damage:demoted=12193  guards_ran=9519  threat_obs_computed=8875  threat_obs_nonzero=8875  resisted_target=1017  resisted_target:promoted:demoted=1016
[guards @ 20350 decisions] zero_damage:demoted=12249  guards_ran=9569  threat_obs_computed=8921  threat_obs_nonzero=8921  resisted_target=1021  resisted_target:promoted:demoted=1020
[guards @ 20400 decisions] zero_damage:demoted=12305  guards_ran=9619  threat_obs_computed=8969  threat_obs_nonzero=8969  resisted_target=1029  resisted_target:promoted:demoted=1028
[guards @ 20450 decisions] zero_damage:demoted=12389  guards_ran=9669  threat_obs_computed=9015  threat_obs_nonzero=9015  resisted_target=1034  resisted_target:promoted:demoted=1033
[guards @ 20500 decisions] zero_damage:demoted=12445  guards_ran=9719  threat_obs_computed=9063  threat_obs_nonzero=9063  resisted_target=1038  resisted_target:promoted:demoted=1037
[guards @ 20550 decisions] zero_damage:demoted=12529  guards_ran=9769  threat_obs_computed=9109  threat_obs_nonzero=9109  resisted_target=1048  resisted_target:promoted:demoted=1047
[guards @ 20600 decisions] zero_damage:demoted=12585  guards_ran=9819  threat_obs_computed=9156  threat_obs_nonzero=9156  resisted_target=1051  resisted_target:promoted:demoted=1050
[guards @ 20650 decisions] zero_damage:demoted=12641  guards_ran=9869  threat_obs_computed=9203  threat_obs_nonzero=9203  resisted_target=1060  resisted_target:promoted:demoted=1059
[guards @ 20700 decisions] zero_damage:demoted=12725  guards_ran=9919  threat_obs_computed=9248  threat_obs_nonzero=9248  resisted_target=1064  resisted_target:promoted:demoted=1063
[guards @ 20750 decisions] zero_damage:demoted=12781  guards_ran=9969  threat_obs_computed=9293  threat_obs_nonzero=9293  resisted_target=1068  resisted_target:promoted:demoted=1067
[guards @ 20800 decisions] zero_damage:demoted=12837  guards_ran=10019  threat_obs_computed=9340  threat_obs_nonzero=9340  resisted_target=1071  resisted_target:promoted:demoted=1070
[guards @ 20850 decisions] zero_damage:demoted=12893  guards_ran=10069  threat_obs_computed=9388  threat_obs_nonzero=9388  resisted_target=1081  resisted_target:promoted:demoted=1080
[guards @ 20900 decisions] zero_damage:demoted=12949  guards_ran=10119  threat_obs_computed=9434  threat_obs_nonzero=9434  resisted_target=1083  resisted_target:promoted:demoted=1082
[guards @ 20950 decisions] zero_damage:demoted=13005  guards_ran=10169  threat_obs_computed=9481  threat_obs_nonzero=9481  resisted_target=1087  resisted_target:promoted:demoted=1086
[guards @ 21000 decisions] zero_damage:demoted=13061  guards_ran=10219  threat_obs_computed=9527  threat_obs_nonzero=9527  resisted_target=1091  resisted_target:promoted:demoted=1090
[guards @ 21050 decisions] zero_damage:demoted=13117  guards_ran=10269  threat_obs_computed=9575  threat_obs_nonzero=9575  resisted_target=1093  resisted_target:promoted:demoted=1092
[guards @ 21100 decisions] zero_damage:demoted=13173  guards_ran=10319  threat_obs_computed=9623  threat_obs_nonzero=9623  resisted_target=1097  resisted_target:promoted:demoted=1096
[guards @ 21150 decisions] zero_damage:demoted=13229  guards_ran=10369  threat_obs_computed=9671  threat_obs_nonzero=9671  resisted_target=1104  resisted_target:promoted:demoted=1103
[guards @ 21200 decisions] zero_damage:demoted=13285  guards_ran=10419  threat_obs_computed=9719  threat_obs_nonzero=9719  resisted_target=1110  resisted_target:promoted:demoted=1109
[guards @ 21250 decisions] zero_damage:demoted=13369  guards_ran=10469  threat_obs_computed=9763  threat_obs_nonzero=9763  resisted_target=1114  resisted_target:promoted:demoted=1113
[guards @ 21300 decisions] zero_damage:demoted=13425  guards_ran=10519  threat_obs_computed=9810  threat_obs_nonzero=9810  resisted_target=1121  resisted_target:promoted:demoted=1120
[guards @ 21350 decisions] zero_damage:demoted=13509  guards_ran=10569  threat_obs_computed=9856  threat_obs_nonzero=9856  resisted_target=1129  resisted_target:promoted:demoted=1128
[guards @ 21400 decisions] zero_damage:demoted=13565  guards_ran=10619  threat_obs_computed=9903  threat_obs_nonzero=9903  resisted_target=1130  resisted_target:promoted:demoted=1129
[guards @ 21450 decisions] zero_damage:demoted=13621  guards_ran=10669  threat_obs_computed=9951  threat_obs_nonzero=9951  resisted_target=1134  resisted_target:promoted:demoted=1133
[guards @ 21500 decisions] zero_damage:demoted=13677  guards_ran=10719  threat_obs_computed=9998  threat_obs_nonzero=9998  resisted_target=1141  resisted_target:promoted:demoted=1140
[guards @ 21550 decisions] zero_damage:demoted=13733  guards_ran=10769  threat_obs_computed=10047  threat_obs_nonzero=10047  resisted_target=1149  resisted_target:promoted:demoted=1148
[guards @ 21600 decisions] zero_damage:demoted=13803  guards_ran=10819  threat_obs_computed=10094  threat_obs_nonzero=10094  resisted_target=1152  resisted_target:promoted:demoted=1151
[guards @ 21650 decisions] zero_damage:demoted=13873  guards_ran=10869  threat_obs_computed=10139  threat_obs_nonzero=10139  resisted_target=1154  resisted_target:promoted:demoted=1153
[guards @ 21700 decisions] zero_damage:demoted=13943  guards_ran=10919  threat_obs_computed=10187  threat_obs_nonzero=10187  resisted_target=1164  resisted_target:promoted:demoted=1163
[guards @ 21750 decisions] zero_damage:demoted=14013  guards_ran=10969  threat_obs_computed=10233  threat_obs_nonzero=10233  resisted_target=1170  resisted_target:promoted:demoted=1169
block hidden=False a_first=False: A 242.0/500; running A 49.1% [46.0, 52.2]
[guards @ 21800 decisions] priority_block_prior:demoted=42  guards_ran=16  threat_obs_computed=13  threat_obs_nonzero=13  learned_preview=6  resisted_target=1
[guards @ 21850 decisions] guards_ran=66  priority_block_prior:demoted=66  threat_obs_computed=60  threat_obs_nonzero=60  learned_preview=12  dominated_spread=7
[guards @ 21900 decisions] guards_ran=116  threat_obs_computed=107  threat_obs_nonzero=107  priority_block_prior:demoted=90  learned_preview=14  resisted_target=13
[guards @ 21950 decisions] guards_ran=166  threat_obs_computed=154  threat_obs_nonzero=154  priority_block_prior:demoted=114  protect_spam:demoted=19  learned_preview=18
[guards @ 22000 decisions] guards_ran=216  threat_obs_computed=202  threat_obs_nonzero=202  priority_block_prior:demoted=138  resisted_target=25  protect_spam:demoted=25
[guards @ 22050 decisions] guards_ran=266  threat_obs_computed=249  threat_obs_nonzero=249  priority_block_prior:demoted=162  resisted_target=31  protect_spam:demoted=31
[guards @ 22100 decisions] guards_ran=316  threat_obs_computed=297  threat_obs_nonzero=297  priority_block_prior:demoted=192  resisted_target=36  resisted_target:promoted:demoted=35
[guards @ 22150 decisions] guards_ran=366  threat_obs_computed=343  threat_obs_nonzero=343  priority_block_prior:demoted=216  resisted_target=38  resisted_target:promoted:demoted=37
[guards @ 22200 decisions] guards_ran=416  threat_obs_computed=391  threat_obs_nonzero=391  priority_block_prior:demoted=240  protect_spam:demoted=44  resisted_target=43
[guards @ 22250 decisions] guards_ran=466  threat_obs_computed=436  threat_obs_nonzero=436  priority_block_prior:demoted=276  resisted_target=50  protect_spam:demoted=50
[guards @ 22300 decisions] guards_ran=516  threat_obs_computed=483  threat_obs_nonzero=483  priority_block_prior:demoted=306  resisted_target=53  resisted_target:promoted:demoted=52
[guards @ 22350 decisions] guards_ran=566  threat_obs_computed=529  threat_obs_nonzero=529  priority_block_prior:demoted=336  resisted_target=57  learned_preview=56
[guards @ 22400 decisions] guards_ran=616  threat_obs_computed=575  threat_obs_nonzero=575  priority_block_prior:demoted=366  learned_preview=60  resisted_target=60
[guards @ 22450 decisions] guards_ran=666  threat_obs_computed=620  threat_obs_nonzero=620  priority_block_prior:demoted=396  resisted_target=65  learned_preview=64
[guards @ 22500 decisions] guards_ran=716  threat_obs_computed=666  threat_obs_nonzero=666  priority_block_prior:demoted=420  learned_preview=70  resisted_target=68
[guards @ 22550 decisions] guards_ran=766  threat_obs_computed=710  threat_obs_nonzero=710  priority_block_prior:demoted=456  learned_preview=74  resisted_target=73
[guards @ 22600 decisions] guards_ran=816  threat_obs_computed=755  threat_obs_nonzero=755  priority_block_prior:demoted=492  learned_preview=80  resisted_target=75
[guards @ 22650 decisions] guards_ran=866  threat_obs_computed=801  threat_obs_nonzero=801  priority_block_prior:demoted=516  learned_preview=86  resisted_target=79
[guards @ 22700 decisions] guards_ran=916  threat_obs_computed=846  threat_obs_nonzero=846  priority_block_prior:demoted=552  learned_preview=90  resisted_target=82
[guards @ 22750 decisions] guards_ran=966  threat_obs_computed=892  threat_obs_nonzero=892  priority_block_prior:demoted=576  learned_preview=96  resisted_target=84
[guards @ 22800 decisions] guards_ran=1016  threat_obs_computed=938  threat_obs_nonzero=938  priority_block_prior:demoted=612  learned_preview=100  resisted_target=91
[guards @ 22850 decisions] guards_ran=1066  threat_obs_computed=983  threat_obs_nonzero=983  priority_block_prior:demoted=636  learned_preview=104  resisted_target=92
[guards @ 22900 decisions] guards_ran=1116  threat_obs_computed=1031  threat_obs_nonzero=1031  priority_block_prior:demoted=666  learned_preview=110  resisted_target=95
[guards @ 22950 decisions] guards_ran=1166  threat_obs_computed=1077  threat_obs_nonzero=1077  priority_block_prior:demoted=696  learned_preview=114  resisted_target=104
[guards @ 23000 decisions] guards_ran=1216  threat_obs_computed=1123  threat_obs_nonzero=1123  priority_block_prior:demoted=720  learned_preview=118  resisted_target=106
[guards @ 23050 decisions] guards_ran=1266  threat_obs_computed=1167  threat_obs_nonzero=1167  priority_block_prior:demoted=744  learned_preview=124  resisted_target=111
[guards @ 23100 decisions] guards_ran=1316  threat_obs_computed=1212  threat_obs_nonzero=1212  priority_block_prior:demoted=780  learned_preview=128  resisted_target=112
[guards @ 23150 decisions] guards_ran=1366  threat_obs_computed=1257  threat_obs_nonzero=1257  priority_block_prior:demoted=804  learned_preview=132  resisted_target=112
[guards @ 23200 decisions] guards_ran=1416  threat_obs_computed=1305  threat_obs_nonzero=1305  priority_block_prior:demoted=828  learned_preview=136  resisted_target=118
[guards @ 23250 decisions] guards_ran=1466  threat_obs_computed=1352  threat_obs_nonzero=1352  priority_block_prior:demoted=852  learned_preview=142  resisted_target=123
[guards @ 23300 decisions] guards_ran=1516  threat_obs_computed=1399  threat_obs_nonzero=1399  priority_block_prior:demoted=876  learned_preview=144  resisted_target=126
[guards @ 23350 decisions] guards_ran=1566  threat_obs_computed=1445  threat_obs_nonzero=1445  priority_block_prior:demoted=900  learned_preview=148  resisted_target=127
[guards @ 23400 decisions] guards_ran=1616  threat_obs_computed=1492  threat_obs_nonzero=1492  priority_block_prior:demoted=930  learned_preview=154  resisted_target=133
[guards @ 23450 decisions] guards_ran=1666  threat_obs_computed=1538  threat_obs_nonzero=1538  priority_block_prior:demoted=968  learned_preview=158  resisted_target=138
[guards @ 23500 decisions] guards_ran=1716  threat_obs_computed=1584  threat_obs_nonzero=1584  priority_block_prior:demoted=998  learned_preview=164  resisted_target=144
[guards @ 23550 decisions] guards_ran=1766  threat_obs_computed=1628  threat_obs_nonzero=1628  priority_block_prior:demoted=1028  learned_preview=168  resisted_target=145
[guards @ 23600 decisions] guards_ran=1816  threat_obs_computed=1676  threat_obs_nonzero=1676  priority_block_prior:demoted=1052  learned_preview=174  resisted_target=152
[guards @ 23650 decisions] guards_ran=1866  threat_obs_computed=1722  threat_obs_nonzero=1722  priority_block_prior:demoted=1082  learned_preview=178  resisted_target=158
[guards @ 23700 decisions] guards_ran=1916  threat_obs_computed=1767  threat_obs_nonzero=1767  priority_block_prior:demoted=1112  learned_preview=184  resisted_target=161
[guards @ 23750 decisions] guards_ran=1966  threat_obs_computed=1814  threat_obs_nonzero=1814  priority_block_prior:demoted=1148  learned_preview=188  resisted_target=168
[guards @ 23800 decisions] guards_ran=2016  threat_obs_computed=1861  threat_obs_nonzero=1861  priority_block_prior:demoted=1172  learned_preview=192  resisted_target=175
[guards @ 23850 decisions] guards_ran=2066  threat_obs_computed=1907  threat_obs_nonzero=1907  priority_block_prior:demoted=1196  learned_preview=196  resisted_target=178
[guards @ 23900 decisions] guards_ran=2116  threat_obs_computed=1951  threat_obs_nonzero=1951  priority_block_prior:demoted=1232  learned_preview=202  resisted_target=185
[guards @ 23950 decisions] guards_ran=2166  threat_obs_computed=1997  threat_obs_nonzero=1997  priority_block_prior:demoted=1256  learned_preview=208  resisted_target=188
[guards @ 24000 decisions] guards_ran=2216  threat_obs_computed=2044  threat_obs_nonzero=2044  priority_block_prior:demoted=1310  learned_preview=214  resisted_target=192
[guards @ 24050 decisions] guards_ran=2266  threat_obs_computed=2091  threat_obs_nonzero=2091  priority_block_prior:demoted=1334  learned_preview=216  resisted_target=194
[guards @ 24100 decisions] guards_ran=2316  threat_obs_computed=2138  threat_obs_nonzero=2138  priority_block_prior:demoted=1358  learned_preview=222  resisted_target=208
[guards @ 24150 decisions] guards_ran=2366  threat_obs_computed=2185  threat_obs_nonzero=2185  priority_block_prior:demoted=1394  learned_preview=226  resisted_target=213
[guards @ 24200 decisions] guards_ran=2416  threat_obs_computed=2232  threat_obs_nonzero=2232  priority_block_prior:demoted=1418  learned_preview=230  resisted_target=221
[guards @ 24250 decisions] guards_ran=2466  threat_obs_computed=2279  threat_obs_nonzero=2279  priority_block_prior:demoted=1442  learned_preview=234  resisted_target=228
[guards @ 24300 decisions] guards_ran=2516  threat_obs_computed=2325  threat_obs_nonzero=2325  priority_block_prior:demoted=1466  learned_preview=240  resisted_target=233
[guards @ 24350 decisions] guards_ran=2566  threat_obs_computed=2370  threat_obs_nonzero=2370  priority_block_prior:demoted=1490  learned_preview=244  resisted_target=235
[guards @ 24400 decisions] guards_ran=2616  threat_obs_computed=2417  threat_obs_nonzero=2417  priority_block_prior:demoted=1526  learned_preview=248  resisted_target=239
[guards @ 24450 decisions] guards_ran=2666  threat_obs_computed=2464  threat_obs_nonzero=2464  priority_block_prior:demoted=1538  learned_preview=252  resisted_target=244
[guards @ 24500 decisions] guards_ran=2716  threat_obs_computed=2510  threat_obs_nonzero=2510  priority_block_prior:demoted=1574  learned_preview=256  resisted_target=249
[guards @ 24550 decisions] guards_ran=2766  threat_obs_computed=2557  threat_obs_nonzero=2557  priority_block_prior:demoted=1598  learned_preview=260  resisted_target=250
[guards @ 24600 decisions] guards_ran=2816  threat_obs_computed=2604  threat_obs_nonzero=2604  priority_block_prior:demoted=1622  learned_preview=264  resisted_target=255
[guards @ 24650 decisions] guards_ran=2866  threat_obs_computed=2649  threat_obs_nonzero=2649  priority_block_prior:demoted=1664  learned_preview=270  resisted_target=258
[guards @ 24700 decisions] guards_ran=2916  threat_obs_computed=2694  threat_obs_nonzero=2694  priority_block_prior:demoted=1688  learned_preview=274  resisted_target=258
[guards @ 24750 decisions] guards_ran=2966  threat_obs_computed=2740  threat_obs_nonzero=2740  priority_block_prior:demoted=1718  learned_preview=280  resisted_target=262
[guards @ 24800 decisions] guards_ran=3016  threat_obs_computed=2787  threat_obs_nonzero=2787  priority_block_prior:demoted=1748  learned_preview=284  resisted_target=264
[guards @ 24850 decisions] guards_ran=3066  threat_obs_computed=2835  threat_obs_nonzero=2835  priority_block_prior:demoted=1778  learned_preview=290  resisted_target=275
[guards @ 24900 decisions] guards_ran=3116  threat_obs_computed=2880  threat_obs_nonzero=2880  priority_block_prior:demoted=1802  learned_preview=294  resisted_target=278
[guards @ 24950 decisions] guards_ran=3166  threat_obs_computed=2924  threat_obs_nonzero=2924  priority_block_prior:demoted=1832  learned_preview=298  resisted_target=282
[guards @ 25000 decisions] guards_ran=3216  threat_obs_computed=2971  threat_obs_nonzero=2971  priority_block_prior:demoted=1862  learned_preview=304  resisted_target=287
[guards @ 25050 decisions] guards_ran=3266  threat_obs_computed=3015  threat_obs_nonzero=3015  priority_block_prior:demoted=1892  learned_preview=308  resisted_target=291
[guards @ 25100 decisions] guards_ran=3316  threat_obs_computed=3060  threat_obs_nonzero=3060  priority_block_prior:demoted=1916  learned_preview=312  resisted_target=293
[guards @ 25150 decisions] guards_ran=3366  threat_obs_computed=3106  threat_obs_nonzero=3106  priority_block_prior:demoted=1952  learned_preview=318  dominated_spread=298
[guards @ 25200 decisions] guards_ran=3416  threat_obs_computed=3153  threat_obs_nonzero=3153  priority_block_prior:demoted=1976  learned_preview=322  resisted_target=307
[guards @ 25250 decisions] guards_ran=3466  threat_obs_computed=3199  threat_obs_nonzero=3199  priority_block_prior:demoted=2006  learned_preview=328  resisted_target=311
[guards @ 25300 decisions] guards_ran=3516  threat_obs_computed=3244  threat_obs_nonzero=3244  priority_block_prior:demoted=2036  learned_preview=332  resisted_target=314
[guards @ 25350 decisions] guards_ran=3566  threat_obs_computed=3289  threat_obs_nonzero=3289  priority_block_prior:demoted=2072  learned_preview=338  resisted_target=318
[guards @ 25400 decisions] guards_ran=3616  threat_obs_computed=3335  threat_obs_nonzero=3335  priority_block_prior:demoted=2096  learned_preview=342  resisted_target=320
[guards @ 25450 decisions] guards_ran=3666  threat_obs_computed=3381  threat_obs_nonzero=3381  priority_block_prior:demoted=2120  learned_preview=346  resisted_target=326
[guards @ 25500 decisions] guards_ran=3716  threat_obs_computed=3426  threat_obs_nonzero=3426  priority_block_prior:demoted=2156  learned_preview=352  resisted_target=332
[guards @ 25550 decisions] guards_ran=3766  threat_obs_computed=3471  threat_obs_nonzero=3471  priority_block_prior:demoted=2180  learned_preview=356  resisted_target=335
[guards @ 25600 decisions] guards_ran=3816  threat_obs_computed=3518  threat_obs_nonzero=3518  priority_block_prior:demoted=2210  learned_preview=362  dominated_spread=339
[guards @ 25650 decisions] guards_ran=3866  threat_obs_computed=3561  threat_obs_nonzero=3561  priority_block_prior:demoted=2240  learned_preview=366  dominated_spread=344
[guards @ 25700 decisions] guards_ran=3916  threat_obs_computed=3608  threat_obs_nonzero=3608  priority_block_prior:demoted=2264  learned_preview=372  resisted_target=353
[guards @ 25750 decisions] guards_ran=3966  threat_obs_computed=3653  threat_obs_nonzero=3653  priority_block_prior:demoted=2288  learned_preview=376  resisted_target=356
[guards @ 25800 decisions] guards_ran=4016  threat_obs_computed=3699  threat_obs_nonzero=3699  priority_block_prior:demoted=2324  learned_preview=380  resisted_target=361
[guards @ 25850 decisions] guards_ran=4066  threat_obs_computed=3746  threat_obs_nonzero=3746  priority_block_prior:demoted=2348  learned_preview=384  resisted_target=365
[guards @ 25900 decisions] guards_ran=4116  threat_obs_computed=3792  threat_obs_nonzero=3792  priority_block_prior:demoted=2372  learned_preview=390  resisted_target=370
[guards @ 25950 decisions] guards_ran=4166  threat_obs_computed=3840  threat_obs_nonzero=3840  priority_block_prior:demoted=2396  learned_preview=394  resisted_target=378
[guards @ 26000 decisions] guards_ran=4216  threat_obs_computed=3885  threat_obs_nonzero=3885  priority_block_prior:demoted=2432  learned_preview=398  resisted_target=381
[guards @ 26050 decisions] guards_ran=4266  threat_obs_computed=3932  threat_obs_nonzero=3932  priority_block_prior:demoted=2456  learned_preview=402  resisted_target=388
[guards @ 26100 decisions] guards_ran=4316  threat_obs_computed=3980  threat_obs_nonzero=3980  priority_block_prior:demoted=2480  learned_preview=406  resisted_target=391
[guards @ 26150 decisions] guards_ran=4366  threat_obs_computed=4027  threat_obs_nonzero=4027  priority_block_prior:demoted=2516  learned_preview=412  resisted_target=399
[guards @ 26200 decisions] guards_ran=4416  threat_obs_computed=4073  threat_obs_nonzero=4073  priority_block_prior:demoted=2540  learned_preview=416  resisted_target=401
[guards @ 26250 decisions] guards_ran=4466  threat_obs_computed=4119  threat_obs_nonzero=4119  priority_block_prior:demoted=2564  learned_preview=422  resisted_target=406
[guards @ 26300 decisions] guards_ran=4516  threat_obs_computed=4163  threat_obs_nonzero=4163  priority_block_prior:demoted=2600  learned_preview=426  resisted_target=415
[guards @ 26350 decisions] guards_ran=4566  threat_obs_computed=4209  threat_obs_nonzero=4209  priority_block_prior:demoted=2624  learned_preview=430  resisted_target=417
[guards @ 26400 decisions] guards_ran=4616  threat_obs_computed=4255  threat_obs_nonzero=4255  priority_block_prior:demoted=2648  learned_preview=436  resisted_target=423
[guards @ 26450 decisions] guards_ran=4666  threat_obs_computed=4300  threat_obs_nonzero=4300  priority_block_prior:demoted=2672  learned_preview=440  resisted_target=426
[guards @ 26500 decisions] guards_ran=4716  threat_obs_computed=4346  threat_obs_nonzero=4346  priority_block_prior:demoted=2708  learned_preview=444  resisted_target=430
[guards @ 26550 decisions] guards_ran=4766  threat_obs_computed=4392  threat_obs_nonzero=4392  priority_block_prior:demoted=2732  learned_preview=448  resisted_target=430
[guards @ 26600 decisions] guards_ran=4816  threat_obs_computed=4436  threat_obs_nonzero=4436  priority_block_prior:demoted=2768  learned_preview=454  dominated_spread=435
[guards @ 26650 decisions] guards_ran=4866  threat_obs_computed=4483  threat_obs_nonzero=4483  priority_block_prior:demoted=2792  learned_preview=460  dominated_spread=438
[guards @ 26700 decisions] guards_ran=4916  threat_obs_computed=4528  threat_obs_nonzero=4528  priority_block_prior:demoted=2828  learned_preview=464  resisted_target=445
[guards @ 26750 decisions] guards_ran=4966  threat_obs_computed=4575  threat_obs_nonzero=4575  priority_block_prior:demoted=2852  learned_preview=468  resisted_target=453
[guards @ 26800 decisions] guards_ran=5016  threat_obs_computed=4622  threat_obs_nonzero=4622  priority_block_prior:demoted=2876  learned_preview=472  resisted_target=462
[guards @ 26850 decisions] guards_ran=5066  threat_obs_computed=4670  threat_obs_nonzero=4670  priority_block_prior:demoted=2906  learned_preview=478  resisted_target=468
[guards @ 26900 decisions] guards_ran=5116  threat_obs_computed=4717  threat_obs_nonzero=4717  priority_block_prior:demoted=2924  learned_preview=480  resisted_target=472
[guards @ 26950 decisions] guards_ran=5166  threat_obs_computed=4764  threat_obs_nonzero=4764  priority_block_prior:demoted=2960  learned_preview=486  resisted_target=483
[guards @ 27000 decisions] guards_ran=5216  threat_obs_computed=4809  threat_obs_nonzero=4809  priority_block_prior:demoted=2984  learned_preview=492  resisted_target=489
[guards @ 27050 decisions] guards_ran=5266  threat_obs_computed=4856  threat_obs_nonzero=4856  priority_block_prior:demoted=3020  learned_preview=496  resisted_target=491
[guards @ 27100 decisions] guards_ran=5316  threat_obs_computed=4903  threat_obs_nonzero=4903  priority_block_prior:demoted=3044  learned_preview=500  resisted_target=498
[guards @ 27150 decisions] guards_ran=5366  threat_obs_computed=4949  threat_obs_nonzero=4949  priority_block_prior:demoted=3080  learned_preview=506  resisted_target=501
[guards @ 27200 decisions] guards_ran=5416  threat_obs_computed=4995  threat_obs_nonzero=4995  priority_block_prior:demoted=3104  learned_preview=512  resisted_target=505
[guards @ 27250 decisions] guards_ran=5466  threat_obs_computed=5041  threat_obs_nonzero=5041  priority_block_prior:demoted=3140  learned_preview=516  resisted_target=507
[guards @ 27300 decisions] guards_ran=5516  threat_obs_computed=5085  threat_obs_nonzero=5085  priority_block_prior:demoted=3176  learned_preview=522  resisted_target=512
[guards @ 27350 decisions] guards_ran=5566  threat_obs_computed=5133  threat_obs_nonzero=5133  priority_block_prior:demoted=3200  learned_preview=526  resisted_target=517
[guards @ 27400 decisions] guards_ran=5616  threat_obs_computed=5181  threat_obs_nonzero=5181  priority_block_prior:demoted=3224  learned_preview=532  resisted_target=522
[guards @ 27450 decisions] guards_ran=5666  threat_obs_computed=5225  threat_obs_nonzero=5225  priority_block_prior:demoted=3260  learned_preview=536  resisted_target=526
[guards @ 27500 decisions] guards_ran=5716  threat_obs_computed=5272  threat_obs_nonzero=5272  priority_block_prior:demoted=3296  learned_preview=542  resisted_target=531
[guards @ 27550 decisions] guards_ran=5766  threat_obs_computed=5319  threat_obs_nonzero=5319  priority_block_prior:demoted=3314  learned_preview=546  resisted_target=533
[guards @ 27600 decisions] guards_ran=5816  threat_obs_computed=5366  threat_obs_nonzero=5366  priority_block_prior:demoted=3344  learned_preview=550  resisted_target=540
[guards @ 27650 decisions] guards_ran=5866  threat_obs_computed=5412  threat_obs_nonzero=5412  priority_block_prior:demoted=3368  learned_preview=556  resisted_target=544
[guards @ 27700 decisions] guards_ran=5916  threat_obs_computed=5459  threat_obs_nonzero=5459  priority_block_prior:demoted=3392  learned_preview=560  resisted_target=548
[guards @ 27750 decisions] guards_ran=5966  threat_obs_computed=5504  threat_obs_nonzero=5504  priority_block_prior:demoted=3428  learned_preview=564  resisted_target=552
[guards @ 27800 decisions] guards_ran=6016  threat_obs_computed=5551  threat_obs_nonzero=5551  priority_block_prior:demoted=3452  learned_preview=568  resisted_target=557
[guards @ 27850 decisions] guards_ran=6066  threat_obs_computed=5598  threat_obs_nonzero=5598  priority_block_prior:demoted=3476  learned_preview=574  resisted_target=565
[guards @ 27900 decisions] guards_ran=6116  threat_obs_computed=5643  threat_obs_nonzero=5643  priority_block_prior:demoted=3508  learned_preview=578  resisted_target=566
[guards @ 27950 decisions] guards_ran=6166  threat_obs_computed=5688  threat_obs_nonzero=5688  priority_block_prior:demoted=3544  learned_preview=582  resisted_target=571
[guards @ 28000 decisions] guards_ran=6216  threat_obs_computed=5733  threat_obs_nonzero=5733  priority_block_prior:demoted=3568  learned_preview=588  resisted_target=572
[guards @ 28050 decisions] guards_ran=6266  threat_obs_computed=5779  threat_obs_nonzero=5779  priority_block_prior:demoted=3604  learned_preview=592  resisted_target=578
[guards @ 28100 decisions] guards_ran=6316  threat_obs_computed=5825  threat_obs_nonzero=5825  priority_block_prior:demoted=3628  learned_preview=596  resisted_target=581
[guards @ 28150 decisions] guards_ran=6366  threat_obs_computed=5871  threat_obs_nonzero=5871  priority_block_prior:demoted=3652  learned_preview=602  resisted_target=584
[guards @ 28200 decisions] guards_ran=6416  threat_obs_computed=5917  threat_obs_nonzero=5917  priority_block_prior:demoted=3688  learned_preview=606  resisted_target=591
[guards @ 28250 decisions] guards_ran=6466  threat_obs_computed=5963  threat_obs_nonzero=5963  priority_block_prior:demoted=3712  learned_preview=612  resisted_target=594
[guards @ 28300 decisions] guards_ran=6516  threat_obs_computed=6008  threat_obs_nonzero=6008  priority_block_prior:demoted=3748  learned_preview=616  resisted_target=598
[guards @ 28350 decisions] guards_ran=6566  threat_obs_computed=6056  threat_obs_nonzero=6056  priority_block_prior:demoted=3766  learned_preview=620  resisted_target=602
[guards @ 28400 decisions] guards_ran=6616  threat_obs_computed=6103  threat_obs_nonzero=6103  priority_block_prior:demoted=3784  learned_preview=624  resisted_target=608
[guards @ 28450 decisions] guards_ran=6666  threat_obs_computed=6148  threat_obs_nonzero=6148  priority_block_prior:demoted=3820  learned_preview=628  resisted_target=616
[guards @ 28500 decisions] guards_ran=6716  threat_obs_computed=6196  threat_obs_nonzero=6196  priority_block_prior:demoted=3844  learned_preview=632  resisted_target=623
[guards @ 28550 decisions] guards_ran=6766  threat_obs_computed=6242  threat_obs_nonzero=6242  priority_block_prior:demoted=3868  learned_preview=636  resisted_target=625
[guards @ 28600 decisions] guards_ran=6816  threat_obs_computed=6286  threat_obs_nonzero=6286  priority_block_prior:demoted=3892  learned_preview=642  resisted_target=627
[guards @ 28650 decisions] guards_ran=6866  threat_obs_computed=6333  threat_obs_nonzero=6333  priority_block_prior:demoted=3922  learned_preview=646  dominated_spread=632
[guards @ 28700 decisions] guards_ran=6916  threat_obs_computed=6377  threat_obs_nonzero=6377  priority_block_prior:demoted=3952  learned_preview=650  dominated_spread=639
[guards @ 28750 decisions] guards_ran=6966  threat_obs_computed=6422  threat_obs_nonzero=6422  priority_block_prior:demoted=3988  learned_preview=656  dominated_spread=645
[guards @ 28800 decisions] guards_ran=7016  threat_obs_computed=6470  threat_obs_nonzero=6470  priority_block_prior:demoted=4012  learned_preview=660  dominated_spread=648
[guards @ 28850 decisions] guards_ran=7066  threat_obs_computed=6517  threat_obs_nonzero=6517  priority_block_prior:demoted=4042  learned_preview=666  resisted_target=650
[guards @ 28900 decisions] guards_ran=7116  threat_obs_computed=6564  threat_obs_nonzero=6564  priority_block_prior:demoted=4060  learned_preview=670  dominated_spread=657
[guards @ 28950 decisions] guards_ran=7166  threat_obs_computed=6611  threat_obs_nonzero=6611  priority_block_prior:demoted=4084  learned_preview=672  resisted_target=663
[guards @ 29000 decisions] guards_ran=7216  threat_obs_computed=6659  threat_obs_nonzero=6659  priority_block_prior:demoted=4108  learned_preview=676  resisted_target=669
[guards @ 29050 decisions] guards_ran=7266  threat_obs_computed=6706  threat_obs_nonzero=6706  priority_block_prior:demoted=4144  learned_preview=682  resisted_target=677
[guards @ 29100 decisions] guards_ran=7316  threat_obs_computed=6751  threat_obs_nonzero=6751  priority_block_prior:demoted=4174  learned_preview=688  dominated_spread=688
[guards @ 29150 decisions] guards_ran=7366  threat_obs_computed=6797  threat_obs_nonzero=6797  priority_block_prior:demoted=4204  dominated_spread=694  dominated_spread:promoted:demoted=694
[guards @ 29200 decisions] guards_ran=7416  threat_obs_computed=6844  threat_obs_nonzero=6844  priority_block_prior:demoted=4228  dominated_spread=697  dominated_spread:promoted:demoted=697
[guards @ 29250 decisions] guards_ran=7466  threat_obs_computed=6891  threat_obs_nonzero=6891  priority_block_prior:demoted=4264  dominated_spread=704  dominated_spread:promoted:demoted=704
[guards @ 29300 decisions] guards_ran=7516  threat_obs_computed=6935  threat_obs_nonzero=6935  priority_block_prior:demoted=4288  learned_preview=708  dominated_spread=707
[guards @ 29350 decisions] guards_ran=7566  threat_obs_computed=6980  threat_obs_nonzero=6980  priority_block_prior:demoted=4324  dominated_spread=715  dominated_spread:promoted:demoted=715
[guards @ 29400 decisions] guards_ran=7616  threat_obs_computed=7025  threat_obs_nonzero=7025  priority_block_prior:demoted=4360  learned_preview=718  dominated_spread=718
[guards @ 29450 decisions] guards_ran=7666  threat_obs_computed=7070  threat_obs_nonzero=7070  priority_block_prior:demoted=4384  dominated_spread=725  dominated_spread:promoted:demoted=725
[guards @ 29500 decisions] guards_ran=7716  threat_obs_computed=7116  threat_obs_nonzero=7116  priority_block_prior:demoted=4408  learned_preview=728  dominated_spread=727
[guards @ 29550 decisions] guards_ran=7766  threat_obs_computed=7162  threat_obs_nonzero=7162  priority_block_prior:demoted=4444  dominated_spread=733  dominated_spread:promoted:demoted=733
[guards @ 29600 decisions] guards_ran=7816  threat_obs_computed=7207  threat_obs_nonzero=7207  priority_block_prior:demoted=4468  dominated_spread=739  dominated_spread:promoted:demoted=739
[guards @ 29650 decisions] guards_ran=7866  threat_obs_computed=7254  threat_obs_nonzero=7254  priority_block_prior:demoted=4498  dominated_spread=743  dominated_spread:promoted:demoted=743
[guards @ 29700 decisions] guards_ran=7916  threat_obs_computed=7299  threat_obs_nonzero=7299  priority_block_prior:demoted=4528  dominated_spread=747  dominated_spread:promoted:demoted=747
[guards @ 29750 decisions] guards_ran=7966  threat_obs_computed=7347  threat_obs_nonzero=7347  priority_block_prior:demoted=4558  learned_preview=752  dominated_spread=752
[guards @ 29800 decisions] guards_ran=8016  threat_obs_computed=7393  threat_obs_nonzero=7393  priority_block_prior:demoted=4582  dominated_spread=759  dominated_spread:promoted:demoted=759
[guards @ 29850 decisions] guards_ran=8066  threat_obs_computed=7439  threat_obs_nonzero=7439  priority_block_prior:demoted=4612  dominated_spread=764  dominated_spread:promoted:demoted=764
[guards @ 29900 decisions] guards_ran=8116  threat_obs_computed=7486  threat_obs_nonzero=7486  priority_block_prior:demoted=4636  dominated_spread=771  dominated_spread:promoted:demoted=771
[guards @ 29950 decisions] guards_ran=8166  threat_obs_computed=7532  threat_obs_nonzero=7532  priority_block_prior:demoted=4660  dominated_spread=775  dominated_spread:promoted:demoted=775
[guards @ 30000 decisions] guards_ran=8216  threat_obs_computed=7576  threat_obs_nonzero=7576  priority_block_prior:demoted=4696  dominated_spread=781  dominated_spread:promoted:demoted=781
[guards @ 30050 decisions] guards_ran=8266  threat_obs_computed=7624  threat_obs_nonzero=7624  priority_block_prior:demoted=4720  dominated_spread=785  dominated_spread:promoted:demoted=785
[guards @ 30100 decisions] guards_ran=8316  threat_obs_computed=7670  threat_obs_nonzero=7670  priority_block_prior:demoted=4756  dominated_spread=789  dominated_spread:promoted:demoted=789
[guards @ 30150 decisions] guards_ran=8366  threat_obs_computed=7717  threat_obs_nonzero=7717  priority_block_prior:demoted=4780  resisted_target=797  dominated_spread=793
[guards @ 30200 decisions] guards_ran=8416  threat_obs_computed=7761  threat_obs_nonzero=7761  priority_block_prior:demoted=4810  resisted_target=805  dominated_spread=801
[guards @ 30250 decisions] guards_ran=8466  threat_obs_computed=7803  threat_obs_nonzero=7803  priority_block_prior:demoted=4840  dominated_spread=811  dominated_spread:promoted:demoted=811
[guards @ 30300 decisions] guards_ran=8516  threat_obs_computed=7849  threat_obs_nonzero=7849  priority_block_prior:demoted=4864  dominated_spread=814  dominated_spread:promoted:demoted=814
[guards @ 30350 decisions] guards_ran=8566  threat_obs_computed=7895  threat_obs_nonzero=7895  priority_block_prior:demoted=4888  dominated_spread=820  dominated_spread:promoted:demoted=820
[guards @ 30400 decisions] guards_ran=8616  threat_obs_computed=7940  threat_obs_nonzero=7940  priority_block_prior:demoted=4912  dominated_spread=824  dominated_spread:promoted:demoted=824
[guards @ 30450 decisions] guards_ran=8666  threat_obs_computed=7985  threat_obs_nonzero=7985  priority_block_prior:demoted=4948  dominated_spread=830  dominated_spread:promoted:demoted=830
[guards @ 30500 decisions] guards_ran=8716  threat_obs_computed=8031  threat_obs_nonzero=8031  priority_block_prior:demoted=4972  dominated_spread=834  dominated_spread:promoted:demoted=834
[guards @ 30550 decisions] guards_ran=8766  threat_obs_computed=8077  threat_obs_nonzero=8077  priority_block_prior:demoted=5008  dominated_spread=839  dominated_spread:promoted:demoted=839
[guards @ 30600 decisions] guards_ran=8816  threat_obs_computed=8122  threat_obs_nonzero=8122  priority_block_prior:demoted=5032  dominated_spread=844  dominated_spread:promoted:demoted=844
[guards @ 30650 decisions] guards_ran=8866  threat_obs_computed=8168  threat_obs_nonzero=8168  priority_block_prior:demoted=5056  dominated_spread=851  dominated_spread:promoted:demoted=851
[guards @ 30700 decisions] guards_ran=8916  threat_obs_computed=8215  threat_obs_nonzero=8215  priority_block_prior:demoted=5092  dominated_spread=852  dominated_spread:promoted:demoted=852
[guards @ 30750 decisions] guards_ran=8966  threat_obs_computed=8260  threat_obs_nonzero=8260  priority_block_prior:demoted=5116  dominated_spread=860  dominated_spread:promoted:demoted=860
[guards @ 30800 decisions] guards_ran=9016  threat_obs_computed=8306  threat_obs_nonzero=8306  priority_block_prior:demoted=5152  dominated_spread=865  dominated_spread:promoted:demoted=865
[guards @ 30850 decisions] guards_ran=9066  threat_obs_computed=8352  threat_obs_nonzero=8352  priority_block_prior:demoted=5176  dominated_spread=871  dominated_spread:promoted:demoted=871
[guards @ 30900 decisions] guards_ran=9116  threat_obs_computed=8398  threat_obs_nonzero=8398  priority_block_prior:demoted=5200  dominated_spread=878  dominated_spread:promoted:demoted=878
[guards @ 30950 decisions] guards_ran=9166  threat_obs_computed=8445  threat_obs_nonzero=8445  priority_block_prior:demoted=5224  dominated_spread=882  dominated_spread:promoted:demoted=882
[guards @ 31000 decisions] guards_ran=9216  threat_obs_computed=8492  threat_obs_nonzero=8492  priority_block_prior:demoted=5254  dominated_spread=887  dominated_spread:promoted:demoted=887
[guards @ 31050 decisions] guards_ran=9266  threat_obs_computed=8534  threat_obs_nonzero=8534  priority_block_prior:demoted=5296  dominated_spread=894  dominated_spread:promoted:demoted=894
[guards @ 31100 decisions] guards_ran=9316  threat_obs_computed=8581  threat_obs_nonzero=8581  priority_block_prior:demoted=5320  dominated_spread=896  dominated_spread:promoted:demoted=896
[guards @ 31150 decisions] guards_ran=9366  threat_obs_computed=8627  threat_obs_nonzero=8627  priority_block_prior:demoted=5344  dominated_spread=902  dominated_spread:promoted:demoted=902
[guards @ 31200 decisions] guards_ran=9416  threat_obs_computed=8672  threat_obs_nonzero=8672  priority_block_prior:demoted=5380  dominated_spread=909  dominated_spread:promoted:demoted=909
[guards @ 31250 decisions] guards_ran=9466  threat_obs_computed=8719  threat_obs_nonzero=8719  priority_block_prior:demoted=5404  dominated_spread=911  dominated_spread:promoted:demoted=911
[guards @ 31300 decisions] guards_ran=9516  threat_obs_computed=8766  threat_obs_nonzero=8766  priority_block_prior:demoted=5428  dominated_spread=913  dominated_spread:promoted:demoted=913
[guards @ 31350 decisions] guards_ran=9566  threat_obs_computed=8812  threat_obs_nonzero=8812  priority_block_prior:demoted=5452  dominated_spread=918  dominated_spread:promoted:demoted=918
[guards @ 31400 decisions] guards_ran=9616  threat_obs_computed=8859  threat_obs_nonzero=8859  priority_block_prior:demoted=5488  dominated_spread=928  dominated_spread:promoted:demoted=928
[guards @ 31450 decisions] guards_ran=9666  threat_obs_computed=8906  threat_obs_nonzero=8906  priority_block_prior:demoted=5512  dominated_spread=936  dominated_spread:promoted:demoted=936
[guards @ 31500 decisions] guards_ran=9716  threat_obs_computed=8952  threat_obs_nonzero=8952  priority_block_prior:demoted=5548  dominated_spread=938  dominated_spread:promoted:demoted=938
[guards @ 31550 decisions] guards_ran=9766  threat_obs_computed=8999  threat_obs_nonzero=8999  priority_block_prior:demoted=5560  dominated_spread=942  dominated_spread:promoted:demoted=942
[guards @ 31600 decisions] guards_ran=9816  threat_obs_computed=9045  threat_obs_nonzero=9045  priority_block_prior:demoted=5596  dominated_spread=949  dominated_spread:promoted:demoted=949
[guards @ 31650 decisions] guards_ran=9866  threat_obs_computed=9089  threat_obs_nonzero=9089  priority_block_prior:demoted=5632  dominated_spread=953  dominated_spread:promoted:demoted=953
[guards @ 31700 decisions] guards_ran=9916  threat_obs_computed=9136  threat_obs_nonzero=9136  priority_block_prior:demoted=5656  dominated_spread=957  dominated_spread:promoted:demoted=957
[guards @ 31750 decisions] guards_ran=9966  threat_obs_computed=9183  threat_obs_nonzero=9183  priority_block_prior:demoted=5680  dominated_spread=961  dominated_spread:promoted:demoted=961
[guards @ 31800 decisions] guards_ran=10016  threat_obs_computed=9230  threat_obs_nonzero=9230  priority_block_prior:demoted=5716  dominated_spread=967  dominated_spread:promoted:demoted=967
[guards @ 31850 decisions] guards_ran=10066  threat_obs_computed=9275  threat_obs_nonzero=9275  priority_block_prior:demoted=5740  dominated_spread=971  dominated_spread:promoted:demoted=971
[guards @ 31900 decisions] guards_ran=10116  threat_obs_computed=9320  threat_obs_nonzero=9320  priority_block_prior:demoted=5764  dominated_spread=974  dominated_spread:promoted:demoted=974
[guards @ 31950 decisions] guards_ran=10166  threat_obs_computed=9366  threat_obs_nonzero=9366  priority_block_prior:demoted=5800  dominated_spread=979  dominated_spread:promoted:demoted=979
[guards @ 32000 decisions] guards_ran=10216  threat_obs_computed=9411  threat_obs_nonzero=9411  priority_block_prior:demoted=5830  dominated_spread=984  dominated_spread:promoted:demoted=984
[guards @ 32050 decisions] guards_ran=10266  threat_obs_computed=9456  threat_obs_nonzero=9456  priority_block_prior:demoted=5890  dominated_spread=989  dominated_spread:promoted:demoted=989
[guards @ 32100 decisions] guards_ran=10316  threat_obs_computed=9501  threat_obs_nonzero=9501  priority_block_prior:demoted=5920  dominated_spread=995  dominated_spread:promoted:demoted=995
[guards @ 32150 decisions] guards_ran=10366  threat_obs_computed=9546  threat_obs_nonzero=9546  priority_block_prior:demoted=5944  dominated_spread=999  dominated_spread:promoted:demoted=999
[guards @ 32200 decisions] guards_ran=10416  threat_obs_computed=9594  threat_obs_nonzero=9594  priority_block_prior:demoted=5968  dominated_spread=1005  dominated_spread:promoted:demoted=1005
[guards @ 32250 decisions] guards_ran=10466  threat_obs_computed=9640  threat_obs_nonzero=9640  priority_block_prior:demoted=6004  dominated_spread=1008  dominated_spread:promoted:demoted=1008
[guards @ 32300 decisions] guards_ran=10516  threat_obs_computed=9688  threat_obs_nonzero=9688  priority_block_prior:demoted=6028  dominated_spread=1015  dominated_spread:promoted:demoted=1015
[guards @ 32350 decisions] guards_ran=10566  threat_obs_computed=9734  threat_obs_nonzero=9734  priority_block_prior:demoted=6058  dominated_spread=1021  dominated_spread:promoted:demoted=1021
[guards @ 32400 decisions] guards_ran=10616  threat_obs_computed=9780  threat_obs_nonzero=9780  priority_block_prior:demoted=6076  dominated_spread=1024  dominated_spread:promoted:demoted=1024
block hidden=True a_first=True: A 182.0/500; running A 44.9% [42.4, 47.4]
[guards @ 32450 decisions] priority_block_prior:demoted=72  guards_ran=40  threat_obs_computed=34  threat_obs_nonzero=34  learned_preview=10  dominated_spread=5
[guards @ 32500 decisions] priority_block_prior:demoted=108  guards_ran=90  threat_obs_computed=80  threat_obs_nonzero=80  learned_preview=12  protect_spam:demoted=12
[guards @ 32550 decisions] priority_block_prior:demoted=144  guards_ran=140  threat_obs_computed=128  threat_obs_nonzero=128  learned_preview=18  dominated_spread=14
[guards @ 32600 decisions] guards_ran=190  priority_block_prior:demoted=180  threat_obs_computed=176  threat_obs_nonzero=176  learned_preview=22  dominated_spread=20
[guards @ 32650 decisions] guards_ran=240  priority_block_prior:demoted=228  threat_obs_computed=223  threat_obs_nonzero=223  learned_preview=26  protect_spam:demoted=26
[guards @ 32700 decisions] guards_ran=290  threat_obs_computed=270  threat_obs_nonzero=270  priority_block_prior:demoted=270  protect_spam:demoted=34  dominated_spread=33
[guards @ 32750 decisions] guards_ran=340  threat_obs_computed=317  threat_obs_nonzero=317  priority_block_prior:demoted=306  dominated_spread=39  dominated_spread:promoted:demoted=39
[guards @ 32800 decisions] guards_ran=390  threat_obs_computed=362  threat_obs_nonzero=362  priority_block_prior:demoted=360  learned_preview=40  dominated_spread=40
[guards @ 32850 decisions] guards_ran=440  priority_block_prior:demoted=408  threat_obs_computed=407  threat_obs_nonzero=407  learned_preview=46  dominated_spread=45
[guards @ 32900 decisions] guards_ran=490  threat_obs_computed=454  threat_obs_nonzero=454  priority_block_prior:demoted=450  learned_preview=50  dominated_spread=50
[guards @ 32950 decisions] guards_ran=540  threat_obs_computed=501  threat_obs_nonzero=501  priority_block_prior:demoted=486  dominated_spread=56  dominated_spread:promoted:demoted=56
[guards @ 33000 decisions] guards_ran=590  threat_obs_computed=548  threat_obs_nonzero=548  priority_block_prior:demoted=522  protect_spam:demoted=60  learned_preview=58
[guards @ 33050 decisions] guards_ran=640  threat_obs_computed=595  threat_obs_nonzero=595  priority_block_prior:demoted=558  learned_preview=64  dominated_spread=64
[guards @ 33100 decisions] guards_ran=690  threat_obs_computed=642  threat_obs_nonzero=642  priority_block_prior:demoted=612  dominated_spread=72  dominated_spread:promoted:demoted=72
[guards @ 33150 decisions] guards_ran=740  threat_obs_computed=688  threat_obs_nonzero=688  priority_block_prior:demoted=648  learned_preview=74  resisted_target=74
[guards @ 33200 decisions] guards_ran=790  threat_obs_computed=732  threat_obs_nonzero=732  priority_block_prior:demoted=684  resisted_target=83  resisted_target:promoted:demoted=82
[guards @ 33250 decisions] guards_ran=840  threat_obs_computed=779  threat_obs_nonzero=779  priority_block_prior:demoted=720  resisted_target=86  resisted_target:promoted:demoted=85
[guards @ 33300 decisions] guards_ran=890  threat_obs_computed=825  threat_obs_nonzero=825  priority_block_prior:demoted=774  resisted_target=90  resisted_target:promoted:demoted=89
[guards @ 33350 decisions] guards_ran=940  threat_obs_computed=871  threat_obs_nonzero=871  priority_block_prior:demoted=828  dominated_spread=95  resisted_target=95
[guards @ 33400 decisions] guards_ran=990  threat_obs_computed=918  threat_obs_nonzero=918  priority_block_prior:demoted=864  resisted_target=99  resisted_target:promoted:demoted=98
[guards @ 33450 decisions] guards_ran=1040  threat_obs_computed=963  threat_obs_nonzero=963  priority_block_prior:demoted=918  resisted_target=106  resisted_target:promoted:demoted=105
[guards @ 33500 decisions] guards_ran=1090  threat_obs_computed=1009  threat_obs_nonzero=1009  priority_block_prior:demoted=954  resisted_target=108  resisted_target:promoted:demoted=107
[guards @ 33550 decisions] guards_ran=1140  threat_obs_computed=1055  threat_obs_nonzero=1055  priority_block_prior:demoted=990  resisted_target=114  resisted_target:promoted:demoted=113
[guards @ 33600 decisions] guards_ran=1190  threat_obs_computed=1103  threat_obs_nonzero=1103  priority_block_prior:demoted=1026  resisted_target=121  resisted_target:promoted:demoted=120
[guards @ 33650 decisions] guards_ran=1240  threat_obs_computed=1149  threat_obs_nonzero=1149  priority_block_prior:demoted=1062  resisted_target=124  resisted_target:promoted:demoted=123
[guards @ 33700 decisions] guards_ran=1290  threat_obs_computed=1196  threat_obs_nonzero=1196  priority_block_prior:demoted=1098  resisted_target=127  dominated_spread=126
[guards @ 33750 decisions] guards_ran=1340  threat_obs_computed=1242  threat_obs_nonzero=1242  priority_block_prior:demoted=1152  resisted_target=132  dominated_spread=131
[guards @ 33800 decisions] guards_ran=1390  threat_obs_computed=1289  threat_obs_nonzero=1289  priority_block_prior:demoted=1209  resisted_target=138  resisted_target:promoted:demoted=137
[guards @ 33850 decisions] guards_ran=1440  threat_obs_computed=1334  threat_obs_nonzero=1334  priority_block_prior:demoted=1251  dominated_spread=143  dominated_spread:promoted:demoted=143
[guards @ 33900 decisions] guards_ran=1490  threat_obs_computed=1380  threat_obs_nonzero=1380  priority_block_prior:demoted=1299  dominated_spread=149  dominated_spread:promoted:demoted=149
[guards @ 33950 decisions] guards_ran=1540  threat_obs_computed=1427  threat_obs_nonzero=1427  priority_block_prior:demoted=1341  dominated_spread=151  dominated_spread:promoted:demoted=151
[guards @ 34000 decisions] guards_ran=1590  threat_obs_computed=1474  threat_obs_nonzero=1474  priority_block_prior:demoted=1377  resisted_target=155  resisted_target:promoted:demoted=154
[guards @ 34050 decisions] guards_ran=1640  threat_obs_computed=1520  threat_obs_nonzero=1520  priority_block_prior:demoted=1407  dominated_spread=158  resisted_target=158
[guards @ 34100 decisions] guards_ran=1690  threat_obs_computed=1564  threat_obs_nonzero=1564  priority_block_prior:demoted=1461  learned_preview=162  dominated_spread=162
[guards @ 34150 decisions] guards_ran=1740  threat_obs_computed=1612  threat_obs_nonzero=1612  priority_block_prior:demoted=1497  learned_preview=166  dominated_spread=164
[guards @ 34200 decisions] guards_ran=1790  threat_obs_computed=1657  threat_obs_nonzero=1657  priority_block_prior:demoted=1533  learned_preview=172  resisted_target=169
[guards @ 34250 decisions] guards_ran=1840  threat_obs_computed=1704  threat_obs_nonzero=1704  priority_block_prior:demoted=1569  learned_preview=176  resisted_target=173
[guards @ 34300 decisions] guards_ran=1890  threat_obs_computed=1749  threat_obs_nonzero=1749  priority_block_prior:demoted=1623  learned_preview=180  resisted_target=180
[guards @ 34350 decisions] guards_ran=1940  threat_obs_computed=1796  threat_obs_nonzero=1796  priority_block_prior:demoted=1659  resisted_target=185  learned_preview=184
[guards @ 34400 decisions] guards_ran=1990  threat_obs_computed=1842  threat_obs_nonzero=1842  priority_block_prior:demoted=1695  learned_preview=190  resisted_target=187
[guards @ 34450 decisions] guards_ran=2040  threat_obs_computed=1889  threat_obs_nonzero=1889  priority_block_prior:demoted=1749  learned_preview=194  resisted_target=191
[guards @ 34500 decisions] guards_ran=2090  threat_obs_computed=1935  threat_obs_nonzero=1935  priority_block_prior:demoted=1785  resisted_target=200  learned_preview=198
[guards @ 34550 decisions] guards_ran=2140  threat_obs_computed=1979  threat_obs_nonzero=1979  priority_block_prior:demoted=1821  resisted_target=205  learned_preview=204
[guards @ 34600 decisions] guards_ran=2190  threat_obs_computed=2023  threat_obs_nonzero=2023  priority_block_prior:demoted=1875  protect_spam:demoted=210  resisted_target=209
[guards @ 34650 decisions] guards_ran=2240  threat_obs_computed=2070  threat_obs_nonzero=2070  priority_block_prior:demoted=1911  resisted_target=213  learned_preview=212
[guards @ 34700 decisions] guards_ran=2290  threat_obs_computed=2115  threat_obs_nonzero=2115  priority_block_prior:demoted=1965  resisted_target=220  learned_preview=218
[guards @ 34750 decisions] guards_ran=2340  threat_obs_computed=2162  threat_obs_nonzero=2162  priority_block_prior:demoted=2001  resisted_target=223  learned_preview=222
[guards @ 34800 decisions] guards_ran=2390  threat_obs_computed=2209  threat_obs_nonzero=2209  priority_block_prior:demoted=2055  learned_preview=228  resisted_target=228
[guards @ 34850 decisions] guards_ran=2440  threat_obs_computed=2255  threat_obs_nonzero=2255  priority_block_prior:demoted=2091  learned_preview=232  resisted_target=230
[guards @ 34900 decisions] guards_ran=2490  threat_obs_computed=2298  threat_obs_nonzero=2298  priority_block_prior:demoted=2139  learned_preview=238  dominated_spread=232
[guards @ 34950 decisions] guards_ran=2540  threat_obs_computed=2344  threat_obs_nonzero=2344  priority_block_prior:demoted=2181  learned_preview=242  dominated_spread=240
[guards @ 35000 decisions] guards_ran=2590  threat_obs_computed=2391  threat_obs_nonzero=2391  priority_block_prior:demoted=2217  learned_preview=246  dominated_spread=245
[guards @ 35050 decisions] guards_ran=2640  threat_obs_computed=2436  threat_obs_nonzero=2436  priority_block_prior:demoted=2271  protect_spam:demoted=260  learned_preview=252
[guards @ 35100 decisions] guards_ran=2690  threat_obs_computed=2483  threat_obs_nonzero=2483  priority_block_prior:demoted=2307  protect_spam:demoted=260  learned_preview=258
[guards @ 35150 decisions] guards_ran=2740  threat_obs_computed=2528  threat_obs_nonzero=2528  priority_block_prior:demoted=2361  protect_spam:demoted=272  learned_preview=262
[guards @ 35200 decisions] guards_ran=2790  threat_obs_computed=2574  threat_obs_nonzero=2574  priority_block_prior:demoted=2409  protect_spam:demoted=272  learned_preview=268
[guards @ 35250 decisions] guards_ran=2840  threat_obs_computed=2618  threat_obs_nonzero=2618  priority_block_prior:demoted=2451  dominated_spread=273  dominated_spread:promoted:demoted=273
[guards @ 35300 decisions] guards_ran=2890  threat_obs_computed=2664  threat_obs_nonzero=2664  priority_block_prior:demoted=2505  dominated_spread=280  dominated_spread:promoted:demoted=280
[guards @ 35350 decisions] guards_ran=2940  threat_obs_computed=2710  threat_obs_nonzero=2710  priority_block_prior:demoted=2541  dominated_spread=286  dominated_spread:promoted:demoted=286
[guards @ 35400 decisions] guards_ran=2990  threat_obs_computed=2755  threat_obs_nonzero=2755  priority_block_prior:demoted=2577  dominated_spread=290  dominated_spread:promoted:demoted=290
[guards @ 35450 decisions] guards_ran=3040  threat_obs_computed=2801  threat_obs_nonzero=2801  priority_block_prior:demoted=2631  dominated_spread=295  dominated_spread:promoted:demoted=295
[guards @ 35500 decisions] guards_ran=3090  threat_obs_computed=2847  threat_obs_nonzero=2847  priority_block_prior:demoted=2685  learned_preview=298  dominated_spread=297
[guards @ 35550 decisions] guards_ran=3140  threat_obs_computed=2894  threat_obs_nonzero=2894  priority_block_prior:demoted=2721  learned_preview=304  dominated_spread=301
[guards @ 35600 decisions] guards_ran=3190  threat_obs_computed=2941  threat_obs_nonzero=2941  priority_block_prior:demoted=2757  learned_preview=308  dominated_spread=304
[guards @ 35650 decisions] guards_ran=3240  threat_obs_computed=2988  threat_obs_nonzero=2988  priority_block_prior:demoted=2805  learned_preview=312  protect_spam:demoted=308
[guards @ 35700 decisions] guards_ran=3290  threat_obs_computed=3031  threat_obs_nonzero=3031  priority_block_prior:demoted=2847  learned_preview=318  dominated_spread=312
[guards @ 35750 decisions] guards_ran=3340  threat_obs_computed=3078  threat_obs_nonzero=3078  priority_block_prior:demoted=2883  learned_preview=322  protect_spam:demoted=320
[guards @ 35800 decisions] guards_ran=3390  threat_obs_computed=3124  threat_obs_nonzero=3124  priority_block_prior:demoted=2931  protect_spam:demoted=333  learned_preview=326
[guards @ 35850 decisions] guards_ran=3440  threat_obs_computed=3171  threat_obs_nonzero=3171  priority_block_prior:demoted=2973  protect_spam:demoted=334  learned_preview=332
[guards @ 35900 decisions] guards_ran=3490  threat_obs_computed=3216  threat_obs_nonzero=3216  priority_block_prior:demoted=3009  learned_preview=336  protect_spam:demoted=334
[guards @ 35950 decisions] guards_ran=3540  threat_obs_computed=3262  threat_obs_nonzero=3262  priority_block_prior:demoted=3051  learned_preview=340  protect_spam:demoted=334
[guards @ 36000 decisions] guards_ran=3590  threat_obs_computed=3308  threat_obs_nonzero=3308  priority_block_prior:demoted=3099  learned_preview=346  protect_spam:demoted=336
[guards @ 36050 decisions] guards_ran=3640  threat_obs_computed=3355  threat_obs_nonzero=3355  priority_block_prior:demoted=3135  learned_preview=350  protect_spam:demoted=349
[guards @ 36100 decisions] guards_ran=3690  threat_obs_computed=3404  threat_obs_nonzero=3404  priority_block_prior:demoted=3165  learned_preview=354  protect_spam:demoted=351
[guards @ 36150 decisions] guards_ran=3740  threat_obs_computed=3451  threat_obs_nonzero=3451  priority_block_prior:demoted=3207  learned_preview=358  protect_spam:demoted=358
[guards @ 36200 decisions] guards_ran=3790  threat_obs_computed=3498  threat_obs_nonzero=3498  priority_block_prior:demoted=3243  learned_preview=362  dominated_spread=362
[guards @ 36250 decisions] guards_ran=3840  threat_obs_computed=3545  threat_obs_nonzero=3545  priority_block_prior:demoted=3279  protect_spam:demoted=369  learned_preview=368
[guards @ 36300 decisions] guards_ran=3890  threat_obs_computed=3592  threat_obs_nonzero=3592  priority_block_prior:demoted=3333  learned_preview=374  dominated_spread=369
[guards @ 36350 decisions] guards_ran=3940  threat_obs_computed=3637  threat_obs_nonzero=3637  priority_block_prior:demoted=3369  learned_preview=378  dominated_spread=376
[guards @ 36400 decisions] guards_ran=3990  threat_obs_computed=3682  threat_obs_nonzero=3682  priority_block_prior:demoted=3431  protect_spam:demoted=387  learned_preview=382
[guards @ 36450 decisions] guards_ran=4040  threat_obs_computed=3729  threat_obs_nonzero=3729  priority_block_prior:demoted=3467  protect_spam:demoted=405  learned_preview=386
[guards @ 36500 decisions] guards_ran=4090  threat_obs_computed=3776  threat_obs_nonzero=3776  priority_block_prior:demoted=3503  protect_spam:demoted=406  learned_preview=390
[guards @ 36550 decisions] guards_ran=4140  threat_obs_computed=3822  threat_obs_nonzero=3822  priority_block_prior:demoted=3539  protect_spam:demoted=409  learned_preview=394
[guards @ 36600 decisions] guards_ran=4190  threat_obs_computed=3868  threat_obs_nonzero=3868  priority_block_prior:demoted=3593  protect_spam:demoted=410  learned_preview=400
[guards @ 36650 decisions] guards_ran=4240  threat_obs_computed=3913  threat_obs_nonzero=3913  priority_block_prior:demoted=3647  protect_spam:demoted=410  learned_preview=406
[guards @ 36700 decisions] guards_ran=4290  threat_obs_computed=3962  threat_obs_nonzero=3962  priority_block_prior:demoted=3677  protect_spam:demoted=422  learned_preview=410
[guards @ 36750 decisions] guards_ran=4340  threat_obs_computed=4006  threat_obs_nonzero=4006  priority_block_prior:demoted=3719  protect_spam:demoted=428  learned_preview=414
[guards @ 36800 decisions] guards_ran=4390  threat_obs_computed=4054  threat_obs_nonzero=4054  priority_block_prior:demoted=3767  protect_spam:demoted=429  learned_preview=420
[guards @ 36850 decisions] guards_ran=4440  threat_obs_computed=4098  threat_obs_nonzero=4098  priority_block_prior:demoted=3809  protect_spam:demoted=430  learned_preview=424
[guards @ 36900 decisions] guards_ran=4490  threat_obs_computed=4146  threat_obs_nonzero=4146  priority_block_prior:demoted=3845  protect_spam:demoted=448  learned_preview=428
[guards @ 36950 decisions] guards_ran=4540  threat_obs_computed=4191  threat_obs_nonzero=4191  priority_block_prior:demoted=3899  protect_spam:demoted=460  learned_preview=434
[guards @ 37000 decisions] guards_ran=4590  threat_obs_computed=4236  threat_obs_nonzero=4236  priority_block_prior:demoted=3935  protect_spam:demoted=466  learned_preview=438
[guards @ 37050 decisions] guards_ran=4640  threat_obs_computed=4282  threat_obs_nonzero=4282  priority_block_prior:demoted=3989  protect_spam:demoted=466  learned_preview=444
[guards @ 37100 decisions] guards_ran=4690  threat_obs_computed=4329  threat_obs_nonzero=4329  priority_block_prior:demoted=4043  protect_spam:demoted=473  learned_preview=450
[guards @ 37150 decisions] guards_ran=4740  threat_obs_computed=4374  threat_obs_nonzero=4374  priority_block_prior:demoted=4091  protect_spam:demoted=473  learned_preview=456
[guards @ 37200 decisions] guards_ran=4790  threat_obs_computed=4422  threat_obs_nonzero=4422  priority_block_prior:demoted=4127  protect_spam:demoted=485  learned_preview=460
[guards @ 37250 decisions] guards_ran=4840  threat_obs_computed=4467  threat_obs_nonzero=4467  priority_block_prior:demoted=4169  protect_spam:demoted=485  learned_preview=466
[guards @ 37300 decisions] guards_ran=4890  threat_obs_computed=4512  threat_obs_nonzero=4512  priority_block_prior:demoted=4223  protect_spam:demoted=485  learned_preview=470
[guards @ 37350 decisions] guards_ran=4940  threat_obs_computed=4559  threat_obs_nonzero=4559  priority_block_prior:demoted=4259  protect_spam:demoted=488  learned_preview=474
[guards @ 37400 decisions] guards_ran=4990  threat_obs_computed=4606  threat_obs_nonzero=4606  priority_block_prior:demoted=4295  protect_spam:demoted=490  learned_preview=480
[guards @ 37450 decisions] guards_ran=5040  threat_obs_computed=4652  threat_obs_nonzero=4652  priority_block_prior:demoted=4349  protect_spam:demoted=490  learned_preview=484
[guards @ 37500 decisions] guards_ran=5090  threat_obs_computed=4700  threat_obs_nonzero=4700  priority_block_prior:demoted=4385  protect_spam:demoted=492  dominated_spread=489
[guards @ 37550 decisions] guards_ran=5140  threat_obs_computed=4747  threat_obs_nonzero=4747  priority_block_prior:demoted=4421  dominated_spread=496  dominated_spread:promoted:demoted=496
[guards @ 37600 decisions] guards_ran=5190  threat_obs_computed=4795  threat_obs_nonzero=4795  priority_block_prior:demoted=4457  protect_spam:demoted=502  dominated_spread=498
[guards @ 37650 decisions] guards_ran=5240  threat_obs_computed=4842  threat_obs_nonzero=4842  priority_block_prior:demoted=4493  dominated_spread=506  resisted_target=506
[guards @ 37700 decisions] guards_ran=5290  threat_obs_computed=4890  threat_obs_nonzero=4890  priority_block_prior:demoted=4529  resisted_target=517  resisted_target:promoted:demoted=510
[guards @ 37750 decisions] guards_ran=5340  threat_obs_computed=4936  threat_obs_nonzero=4936  priority_block_prior:demoted=4583  resisted_target=525  resisted_target:promoted:demoted=518
[guards @ 37800 decisions] guards_ran=5390  threat_obs_computed=4983  threat_obs_nonzero=4983  priority_block_prior:demoted=4631  resisted_target=534  resisted_target:promoted:demoted=527
[guards @ 37850 decisions] guards_ran=5440  threat_obs_computed=5028  threat_obs_nonzero=5028  priority_block_prior:demoted=4673  resisted_target=539  resisted_target:promoted:demoted=532
[guards @ 37900 decisions] guards_ran=5490  threat_obs_computed=5076  threat_obs_nonzero=5076  priority_block_prior:demoted=4709  resisted_target=541  resisted_target:promoted:demoted=534
[guards @ 37950 decisions] guards_ran=5540  threat_obs_computed=5124  threat_obs_nonzero=5124  priority_block_prior:demoted=4745  resisted_target=547  resisted_target:promoted:demoted=540
[guards @ 38000 decisions] guards_ran=5590  threat_obs_computed=5170  threat_obs_nonzero=5170  priority_block_prior:demoted=4793  resisted_target=553  resisted_target:promoted:demoted=546
[guards @ 38050 decisions] guards_ran=5640  threat_obs_computed=5216  threat_obs_nonzero=5216  priority_block_prior:demoted=4835  resisted_target=558  resisted_target:promoted:demoted=551
[guards @ 38100 decisions] guards_ran=5690  threat_obs_computed=5262  threat_obs_nonzero=5262  priority_block_prior:demoted=4871  resisted_target=560  resisted_target:promoted:demoted=553
[guards @ 38150 decisions] guards_ran=5740  threat_obs_computed=5305  threat_obs_nonzero=5305  priority_block_prior:demoted=4925  resisted_target=564  resisted_target:promoted:demoted=557
[guards @ 38200 decisions] guards_ran=5790  threat_obs_computed=5351  threat_obs_nonzero=5351  priority_block_prior:demoted=4961  resisted_target=567  resisted_target:promoted:demoted=560
[guards @ 38250 decisions] guards_ran=5840  threat_obs_computed=5398  threat_obs_nonzero=5398  priority_block_prior:demoted=5009  resisted_target=567  resisted_target:promoted:demoted=560
[guards @ 38300 decisions] guards_ran=5890  threat_obs_computed=5444  threat_obs_nonzero=5444  priority_block_prior:demoted=5051  resisted_target=572  resisted_target:promoted:demoted=565
[guards @ 38350 decisions] guards_ran=5940  threat_obs_computed=5491  threat_obs_nonzero=5491  priority_block_prior:demoted=5087  resisted_target=578  protect_spam:demoted=572
[guards @ 38400 decisions] guards_ran=5990  threat_obs_computed=5538  threat_obs_nonzero=5538  priority_block_prior:demoted=5123  resisted_target=582  resisted_target:promoted:demoted=575
[guards @ 38450 decisions] guards_ran=6040  threat_obs_computed=5584  threat_obs_nonzero=5584  priority_block_prior:demoted=5171  resisted_target=584  resisted_target:promoted:demoted=577
[guards @ 38500 decisions] guards_ran=6090  threat_obs_computed=5629  threat_obs_nonzero=5629  priority_block_prior:demoted=5213  resisted_target=586  learned_preview=582
[guards @ 38550 decisions] guards_ran=6140  threat_obs_computed=5675  threat_obs_nonzero=5675  priority_block_prior:demoted=5267  resisted_target=587  learned_preview=586
[guards @ 38600 decisions] guards_ran=6190  threat_obs_computed=5722  threat_obs_nonzero=5722  priority_block_prior:demoted=5321  resisted_target=593  learned_preview=592
[guards @ 38650 decisions] guards_ran=6240  threat_obs_computed=5769  threat_obs_nonzero=5769  priority_block_prior:demoted=5357  resisted_target=600  dominated_spread=597
[guards @ 38700 decisions] guards_ran=6290  threat_obs_computed=5815  threat_obs_nonzero=5815  priority_block_prior:demoted=5393  learned_preview=602  dominated_spread=602
[guards @ 38750 decisions] guards_ran=6340  threat_obs_computed=5861  threat_obs_nonzero=5861  priority_block_prior:demoted=5447  dominated_spread=609  dominated_spread:promoted:demoted=609
[guards @ 38800 decisions] guards_ran=6390  threat_obs_computed=5907  threat_obs_nonzero=5907  priority_block_prior:demoted=5483  resisted_target=613  learned_preview=612
[guards @ 38850 decisions] guards_ran=6440  threat_obs_computed=5953  threat_obs_nonzero=5953  priority_block_prior:demoted=5519  learned_preview=616  dominated_spread=615
[guards @ 38900 decisions] guards_ran=6490  threat_obs_computed=5999  threat_obs_nonzero=5999  priority_block_prior:demoted=5573  dominated_spread=624  dominated_spread:promoted:demoted=624
[guards @ 38950 decisions] guards_ran=6540  threat_obs_computed=6045  threat_obs_nonzero=6045  priority_block_prior:demoted=5639  dominated_spread=629  dominated_spread:promoted:demoted=629
[guards @ 39000 decisions] guards_ran=6590  threat_obs_computed=6091  threat_obs_nonzero=6091  priority_block_prior:demoted=5681  dominated_spread=635  dominated_spread:promoted:demoted=635
[guards @ 39050 decisions] guards_ran=6640  threat_obs_computed=6137  threat_obs_nonzero=6137  priority_block_prior:demoted=5717  dominated_spread=638  resisted_target=638
[guards @ 39100 decisions] guards_ran=6690  threat_obs_computed=6185  threat_obs_nonzero=6185  priority_block_prior:demoted=5765  dominated_spread=643  resisted_target=643
[guards @ 39150 decisions] guards_ran=6740  threat_obs_computed=6228  threat_obs_nonzero=6228  priority_block_prior:demoted=5807  learned_preview=648  dominated_spread=647
[guards @ 39200 decisions] guards_ran=6790  threat_obs_computed=6272  threat_obs_nonzero=6272  priority_block_prior:demoted=5861  learned_preview=652  dominated_spread=651
[guards @ 39250 decisions] guards_ran=6840  threat_obs_computed=6315  threat_obs_nonzero=6315  priority_block_prior:demoted=5915  learned_preview=658  dominated_spread=657
[guards @ 39300 decisions] guards_ran=6890  threat_obs_computed=6360  threat_obs_nonzero=6360  priority_block_prior:demoted=5951  dominated_spread=667  dominated_spread:promoted:demoted=667
[guards @ 39350 decisions] guards_ran=6940  threat_obs_computed=6405  threat_obs_nonzero=6405  priority_block_prior:demoted=6005  dominated_spread=671  dominated_spread:promoted:demoted=671
[guards @ 39400 decisions] guards_ran=6990  threat_obs_computed=6451  threat_obs_nonzero=6451  priority_block_prior:demoted=6041  dominated_spread=676  dominated_spread:promoted:demoted=676
[guards @ 39450 decisions] guards_ran=7040  threat_obs_computed=6497  threat_obs_nonzero=6497  priority_block_prior:demoted=6095  dominated_spread=684  dominated_spread:promoted:demoted=684
[guards @ 39500 decisions] guards_ran=7090  threat_obs_computed=6544  threat_obs_nonzero=6544  priority_block_prior:demoted=6143  dominated_spread=687  dominated_spread:promoted:demoted=687
[guards @ 39550 decisions] guards_ran=7140  threat_obs_computed=6588  threat_obs_nonzero=6588  priority_block_prior:demoted=6185  dominated_spread=690  dominated_spread:promoted:demoted=690
[guards @ 39600 decisions] guards_ran=7190  threat_obs_computed=6634  threat_obs_nonzero=6634  priority_block_prior:demoted=6239  dominated_spread=697  dominated_spread:promoted:demoted=697
[guards @ 39650 decisions] guards_ran=7240  threat_obs_computed=6680  threat_obs_nonzero=6680  priority_block_prior:demoted=6275  dominated_spread=705  dominated_spread:promoted:demoted=705
[guards @ 39700 decisions] guards_ran=7290  threat_obs_computed=6726  threat_obs_nonzero=6726  priority_block_prior:demoted=6329  dominated_spread=712  dominated_spread:promoted:demoted=712
[guards @ 39750 decisions] guards_ran=7340  threat_obs_computed=6774  threat_obs_nonzero=6774  priority_block_prior:demoted=6377  dominated_spread=719  dominated_spread:promoted:demoted=719
[guards @ 39800 decisions] guards_ran=7390  threat_obs_computed=6819  threat_obs_nonzero=6819  priority_block_prior:demoted=6431  dominated_spread=725  dominated_spread:promoted:demoted=725
[guards @ 39850 decisions] guards_ran=7440  threat_obs_computed=6864  threat_obs_nonzero=6864  priority_block_prior:demoted=6473  dominated_spread=733  dominated_spread:promoted:demoted=733
[guards @ 39900 decisions] guards_ran=7490  threat_obs_computed=6907  threat_obs_nonzero=6907  priority_block_prior:demoted=6527  dominated_spread=734  dominated_spread:promoted:demoted=734
[guards @ 39950 decisions] guards_ran=7540  threat_obs_computed=6954  threat_obs_nonzero=6954  priority_block_prior:demoted=6575  dominated_spread=738  dominated_spread:promoted:demoted=738
[guards @ 40000 decisions] guards_ran=7590  threat_obs_computed=7001  threat_obs_nonzero=7001  priority_block_prior:demoted=6617  dominated_spread=744  dominated_spread:promoted:demoted=744
[guards @ 40050 decisions] guards_ran=7640  threat_obs_computed=7047  threat_obs_nonzero=7047  priority_block_prior:demoted=6653  dominated_spread=751  dominated_spread:promoted:demoted=751
[guards @ 40100 decisions] guards_ran=7690  threat_obs_computed=7094  threat_obs_nonzero=7094  priority_block_prior:demoted=6689  dominated_spread=754  dominated_spread:promoted:demoted=754
[guards @ 40150 decisions] guards_ran=7740  threat_obs_computed=7140  threat_obs_nonzero=7140  priority_block_prior:demoted=6725  dominated_spread=756  dominated_spread:promoted:demoted=756
[guards @ 40200 decisions] guards_ran=7790  threat_obs_computed=7186  threat_obs_nonzero=7186  priority_block_prior:demoted=6779  dominated_spread=763  dominated_spread:promoted:demoted=763
[guards @ 40250 decisions] guards_ran=7840  threat_obs_computed=7230  threat_obs_nonzero=7230  priority_block_prior:demoted=6827  dominated_spread=767  dominated_spread:promoted:demoted=767
[guards @ 40300 decisions] guards_ran=7890  threat_obs_computed=7276  threat_obs_nonzero=7276  priority_block_prior:demoted=6869  dominated_spread=769  dominated_spread:promoted:demoted=769
[guards @ 40350 decisions] guards_ran=7940  threat_obs_computed=7321  threat_obs_nonzero=7321  priority_block_prior:demoted=6905  dominated_spread=773  dominated_spread:promoted:demoted=773
[guards @ 40400 decisions] guards_ran=7990  threat_obs_computed=7365  threat_obs_nonzero=7365  priority_block_prior:demoted=6959  dominated_spread=778  dominated_spread:promoted:demoted=778
[guards @ 40450 decisions] guards_ran=8040  threat_obs_computed=7413  threat_obs_nonzero=7413  priority_block_prior:demoted=6995  learned_preview=780  dominated_spread=780
[guards @ 40500 decisions] guards_ran=8090  threat_obs_computed=7458  threat_obs_nonzero=7458  priority_block_prior:demoted=7031  dominated_spread=785  dominated_spread:promoted:demoted=785
[guards @ 40550 decisions] guards_ran=8140  threat_obs_computed=7504  threat_obs_nonzero=7504  priority_block_prior:demoted=7085  learned_preview=788  dominated_spread=788
[guards @ 40600 decisions] guards_ran=8190  threat_obs_computed=7551  threat_obs_nonzero=7551  priority_block_prior:demoted=7121  learned_preview=792  dominated_spread=792
[guards @ 40650 decisions] guards_ran=8240  threat_obs_computed=7596  threat_obs_nonzero=7596  priority_block_prior:demoted=7157  learned_preview=798  dominated_spread=795
[guards @ 40700 decisions] guards_ran=8290  threat_obs_computed=7641  threat_obs_nonzero=7641  priority_block_prior:demoted=7211  learned_preview=802  dominated_spread=797
[guards @ 40750 decisions] guards_ran=8340  threat_obs_computed=7685  threat_obs_nonzero=7685  priority_block_prior:demoted=7247  learned_preview=806  dominated_spread=804
[guards @ 40800 decisions] guards_ran=8390  threat_obs_computed=7731  threat_obs_nonzero=7731  priority_block_prior:demoted=7295  learned_preview=812  dominated_spread=808
[guards @ 40850 decisions] guards_ran=8440  threat_obs_computed=7777  threat_obs_nonzero=7777  priority_block_prior:demoted=7337  learned_preview=816  dominated_spread=814
[guards @ 40900 decisions] guards_ran=8490  threat_obs_computed=7825  threat_obs_nonzero=7825  priority_block_prior:demoted=7373  learned_preview=822  dominated_spread=821
[guards @ 40950 decisions] guards_ran=8540  threat_obs_computed=7871  threat_obs_nonzero=7871  priority_block_prior:demoted=7427  learned_preview=826  dominated_spread=825
[guards @ 41000 decisions] guards_ran=8590  threat_obs_computed=7918  threat_obs_nonzero=7918  priority_block_prior:demoted=7463  learned_preview=832  dominated_spread=831
[guards @ 41050 decisions] guards_ran=8640  threat_obs_computed=7965  threat_obs_nonzero=7965  priority_block_prior:demoted=7499  learned_preview=836  dominated_spread=834
[guards @ 41100 decisions] guards_ran=8690  threat_obs_computed=8010  threat_obs_nonzero=8010  priority_block_prior:demoted=7535  learned_preview=840  dominated_spread=838
[guards @ 41150 decisions] guards_ran=8740  threat_obs_computed=8055  threat_obs_nonzero=8055  priority_block_prior:demoted=7589  learned_preview=844  dominated_spread=842
[guards @ 41200 decisions] guards_ran=8790  threat_obs_computed=8103  threat_obs_nonzero=8103  priority_block_prior:demoted=7625  learned_preview=848  dominated_spread=847
[guards @ 41250 decisions] guards_ran=8840  threat_obs_computed=8151  threat_obs_nonzero=8151  priority_block_prior:demoted=7661  learned_preview=854  dominated_spread=854
[guards @ 41300 decisions] guards_ran=8890  threat_obs_computed=8194  threat_obs_nonzero=8194  priority_block_prior:demoted=7715  learned_preview=860  dominated_spread=857
[guards @ 41350 decisions] guards_ran=8940  threat_obs_computed=8239  threat_obs_nonzero=8239  priority_block_prior:demoted=7769  dominated_spread=865  dominated_spread:promoted:demoted=865
[guards @ 41400 decisions] guards_ran=8990  threat_obs_computed=8284  threat_obs_nonzero=8284  priority_block_prior:demoted=7823  dominated_spread=873  dominated_spread:promoted:demoted=873
[guards @ 41450 decisions] guards_ran=9040  threat_obs_computed=8331  threat_obs_nonzero=8331  priority_block_prior:demoted=7859  dominated_spread=877  dominated_spread:promoted:demoted=877
[guards @ 41500 decisions] guards_ran=9090  threat_obs_computed=8374  threat_obs_nonzero=8374  priority_block_prior:demoted=7913  dominated_spread=881  dominated_spread:promoted:demoted=881
[guards @ 41550 decisions] guards_ran=9140  threat_obs_computed=8419  threat_obs_nonzero=8419  priority_block_prior:demoted=7967  learned_preview=886  dominated_spread=884
[guards @ 41600 decisions] guards_ran=9190  threat_obs_computed=8465  threat_obs_nonzero=8465  priority_block_prior:demoted=8003  learned_preview=892  dominated_spread=892
[guards @ 41650 decisions] guards_ran=9240  threat_obs_computed=8510  threat_obs_nonzero=8510  priority_block_prior:demoted=8039  learned_preview=896  dominated_spread=896
[guards @ 41700 decisions] guards_ran=9290  threat_obs_computed=8555  threat_obs_nonzero=8555  priority_block_prior:demoted=8093  dominated_spread=901  dominated_spread:promoted:demoted=901
[guards @ 41750 decisions] guards_ran=9340  threat_obs_computed=8602  threat_obs_nonzero=8602  priority_block_prior:demoted=8129  learned_preview=906  dominated_spread=904
[guards @ 41800 decisions] guards_ran=9390  threat_obs_computed=8647  threat_obs_nonzero=8647  priority_block_prior:demoted=8183  learned_preview=910  dominated_spread=908
[guards @ 41850 decisions] guards_ran=9440  threat_obs_computed=8695  threat_obs_nonzero=8695  priority_block_prior:demoted=8219  learned_preview=916  dominated_spread=912
[guards @ 41900 decisions] guards_ran=9490  threat_obs_computed=8743  threat_obs_nonzero=8743  priority_block_prior:demoted=8255  learned_preview=918  resisted_target=918
[guards @ 41950 decisions] guards_ran=9540  threat_obs_computed=8789  threat_obs_nonzero=8789  priority_block_prior:demoted=8309  learned_preview=924  resisted_target=920
[guards @ 42000 decisions] guards_ran=9590  threat_obs_computed=8836  threat_obs_nonzero=8836  priority_block_prior:demoted=8339  learned_preview=928  resisted_target=924
[guards @ 42050 decisions] guards_ran=9640  threat_obs_computed=8883  threat_obs_nonzero=8883  priority_block_prior:demoted=8363  learned_preview=932  resisted_target=928
[guards @ 42100 decisions] guards_ran=9690  threat_obs_computed=8930  threat_obs_nonzero=8930  priority_block_prior:demoted=8417  resisted_target=938  learned_preview=936
[guards @ 42150 decisions] guards_ran=9740  threat_obs_computed=8977  threat_obs_nonzero=8977  priority_block_prior:demoted=8453  resisted_target=947  learned_preview=942
[guards @ 42200 decisions] guards_ran=9790  threat_obs_computed=9023  threat_obs_nonzero=9023  priority_block_prior:demoted=8501  resisted_target=950  learned_preview=946
[guards @ 42250 decisions] guards_ran=9840  threat_obs_computed=9069  threat_obs_nonzero=9069  priority_block_prior:demoted=8543  resisted_target=956  learned_preview=950
[guards @ 42300 decisions] guards_ran=9890  threat_obs_computed=9115  threat_obs_nonzero=9115  priority_block_prior:demoted=8597  resisted_target=961  learned_preview=956
[guards @ 42350 decisions] guards_ran=9940  threat_obs_computed=9163  threat_obs_nonzero=9163  priority_block_prior:demoted=8633  resisted_target=968  learned_preview=960
[guards @ 42400 decisions] guards_ran=9990  threat_obs_computed=9211  threat_obs_nonzero=9211  priority_block_prior:demoted=8669  resisted_target=976  resisted_target:promoted:demoted=966
[guards @ 42450 decisions] guards_ran=10040  threat_obs_computed=9256  threat_obs_nonzero=9256  priority_block_prior:demoted=8705  resisted_target=977  learned_preview=970
[guards @ 42500 decisions] guards_ran=10090  threat_obs_computed=9302  threat_obs_nonzero=9302  priority_block_prior:demoted=8759  resisted_target=982  learned_preview=974
[guards @ 42550 decisions] guards_ran=10140  threat_obs_computed=9349  threat_obs_nonzero=9349  priority_block_prior:demoted=8807  resisted_target=986  learned_preview=980
[guards @ 42600 decisions] guards_ran=10190  threat_obs_computed=9395  threat_obs_nonzero=9395  priority_block_prior:demoted=8843  resisted_target=990  learned_preview=984
[guards @ 42650 decisions] guards_ran=10240  threat_obs_computed=9441  threat_obs_nonzero=9441  priority_block_prior:demoted=8885  resisted_target=998  learned_preview=988
[guards @ 42700 decisions] guards_ran=10290  threat_obs_computed=9486  threat_obs_nonzero=9486  priority_block_prior:demoted=8921  resisted_target=1002  learned_preview=994
[guards @ 42750 decisions] guards_ran=10340  threat_obs_computed=9532  threat_obs_nonzero=9532  priority_block_prior:demoted=8975  resisted_target=1007  learned_preview=998
[guards @ 42800 decisions] guards_ran=10390  threat_obs_computed=9581  threat_obs_nonzero=9581  priority_block_prior:demoted=8993  resisted_target=1013  resisted_target:promoted:demoted=1003
block hidden=True a_first=False: A 194.0/500; running A 43.4% [41.2, 45.5]
{
  "games": 2000,
  "a_wins": 867.0,
  "ties": 0,
  "a_win_rate": 0.4335,
  "wilson_95": [
    0.4119291547417647,
    0.45532582189910353
  ],
  "guard_changed_actions_per_game": 0.0,
  "verdict": "guard loses close games",
  "complete": true
}
[10-03 19:42:42] END rc=0
[10-03 19:42:42] START .venv/bin/python evaluation/run_guard_ab.py --candidate results_deployed/champion_mc_T6tac.zip --candidate-plans data/opening_plans_t6e.json --label t6e_unpractised --without-arm results_guard_ab_threat_first2
[10-03 20:24:36] END rc=0
[10-03 20:24:36] START .venv/bin/python evaluation/review1003_gate.py team results_brain_ab_t6e_unpractised results_mirror_t6e_unpractised
results_brain_ab_t6e_unpractised: pooled +0.50pp [-0.52, +1.52], worst population -1.2pp
results_mirror_t6e_unpractised: 43.4% [41.2, 45.5] over 2000 games
HOLD: head-to-head lost: upper bound 45.5% < 50%
[10-03 20:24:36] END rc=3
[10-03 20:24:36] T6E_HOLD
[10-03 20:24:36] START .venv/bin/python evaluation/run_guard_ab.py --sheet-preview --without-arm results_guard_ab_threat_first2 --output results_guard_ab_sheet_preview
[10-03 21:10:13] END rc=0
[10-03 21:10:13] START .venv/bin/python evaluation/review1003_gate.py sheet results_guard_ab_sheet_preview
results_guard_ab_sheet_preview: pooled -0.52pp [-1.32, +0.27], worst population -1.4pp
sheet_preview errors: 0 in 6204 games {}
PASS
[10-03 21:10:13] END rc=0
[10-03 21:10:13] SHEET_PASS
[10-03 21:10:15] REVIEW1003_COMPLETE
