[10-03 21:11:12] RARE_TRIO_START
[10-03 21:11:14] START .venv/bin/python evaluation/mirror_guard_ab.py --guard wasted_fake_out,throat_chop_main_threat,hp_move_after_spread --games 2000 --output results_mirror_rare_trio
/Users/phillipmantatsky/Desktop/pokemon showdown bot/vgc-bench/.venv/lib/python3.13/site-packages/torch/nn/functional.py:2452: UserWarning: The operator 'aten::embedding_renorm_' is not currently supported on the MPS backend and will fall back to run on the CPU. This may have performance implications. (Triggered internally at /Users/runner/work/pytorch/pytorch/aten/src/ATen/mps/MPSFallback.mm:34.)
  torch.embedding_renorm_(weight.detach(), input, max_norm, norm_type)
[guards @ 50 decisions] zero_damage:demoted=208  priority_block:demoted=56  guards_ran=50  threat_obs_computed=42  threat_obs_nonzero=42  learned_preview=16
[guards @ 100 decisions] zero_damage:demoted=208  guards_ran=100  threat_obs_computed=91  threat_obs_nonzero=91  priority_block:demoted=56  learned_preview=16
[guards @ 150 decisions] zero_damage:demoted=208  guards_ran=150  threat_obs_computed=141  threat_obs_nonzero=141  priority_block:demoted=56  resisted_target=18
[guards @ 200 decisions] zero_damage:demoted=312  guards_ran=200  threat_obs_computed=187  threat_obs_nonzero=187  priority_block:demoted=84  learned_preview=24
[guards @ 250 decisions] zero_damage:demoted=378  guards_ran=250  threat_obs_computed=234  threat_obs_nonzero=234  priority_block:demoted=105  learned_preview=30
[guards @ 300 decisions] zero_damage:demoted=442  guards_ran=300  threat_obs_computed=280  threat_obs_nonzero=280  priority_block:demoted=119  learned_preview=36
[guards @ 350 decisions] zero_damage:demoted=520  guards_ran=350  threat_obs_computed=327  threat_obs_nonzero=327  priority_block:demoted=140  learned_preview=40
[guards @ 400 decisions] zero_damage:demoted=572  guards_ran=400  threat_obs_computed=374  threat_obs_nonzero=374  priority_block:demoted=154  dominated_spread=45
[guards @ 450 decisions] zero_damage:demoted=650  guards_ran=450  threat_obs_computed=420  threat_obs_nonzero=420  priority_block:demoted=175  dominated_spread=51
[guards @ 500 decisions] zero_damage:demoted=728  guards_ran=500  threat_obs_computed=467  threat_obs_nonzero=467  priority_block:demoted=196  dominated_spread=57
[guards @ 550 decisions] zero_damage:demoted=794  guards_ran=550  threat_obs_computed=515  threat_obs_nonzero=515  priority_block:demoted=217  dominated_spread=65
[guards @ 600 decisions] zero_damage:demoted=860  guards_ran=600  threat_obs_computed=563  threat_obs_nonzero=563  priority_block:demoted=238  dominated_spread=75
[guards @ 650 decisions] zero_damage:demoted=926  guards_ran=650  threat_obs_computed=609  threat_obs_nonzero=609  priority_block:demoted=259  dominated_spread=78
[guards @ 700 decisions] zero_damage:demoted=990  guards_ran=700  threat_obs_computed=656  threat_obs_nonzero=656  priority_block:demoted=273  dominated_spread=81
[guards @ 750 decisions] zero_damage:demoted=1068  guards_ran=750  threat_obs_computed=702  threat_obs_nonzero=702  priority_block:demoted=294  dominated_spread=89
[guards @ 800 decisions] zero_damage:demoted=1120  guards_ran=800  threat_obs_computed=748  threat_obs_nonzero=748  priority_block:demoted=308  dominated_spread=91
[guards @ 850 decisions] zero_damage:demoted=1172  guards_ran=850  threat_obs_computed=795  threat_obs_nonzero=795  priority_block:demoted=322  dominated_spread=98
[guards @ 900 decisions] zero_damage:demoted=1250  guards_ran=900  threat_obs_computed=841  threat_obs_nonzero=841  priority_block:demoted=343  dominated_spread=103
[guards @ 950 decisions] zero_damage:demoted=1302  guards_ran=950  threat_obs_computed=887  threat_obs_nonzero=887  priority_block:demoted=357  dominated_spread=110
[guards @ 1000 decisions] zero_damage:demoted=1354  guards_ran=1000  threat_obs_computed=934  threat_obs_nonzero=934  priority_block:demoted=371  dominated_spread=118
[guards @ 1050 decisions] zero_damage:demoted=1432  guards_ran=1050  threat_obs_computed=979  threat_obs_nonzero=979  priority_block:demoted=392  dominated_spread=123
[guards @ 1100 decisions] zero_damage:demoted=1484  guards_ran=1100  threat_obs_computed=1024  threat_obs_nonzero=1024  priority_block:demoted=406  dominated_spread=128
[guards @ 1150 decisions] zero_damage:demoted=1536  guards_ran=1150  threat_obs_computed=1072  threat_obs_nonzero=1072  priority_block:demoted=420  dominated_spread=134
[guards @ 1200 decisions] zero_damage:demoted=1588  guards_ran=1200  threat_obs_computed=1120  threat_obs_nonzero=1120  priority_block:demoted=434  dominated_spread=139
[guards @ 1250 decisions] zero_damage:demoted=1666  guards_ran=1250  threat_obs_computed=1166  threat_obs_nonzero=1166  priority_block:demoted=455  dominated_spread=145
[guards @ 1300 decisions] zero_damage:demoted=1744  guards_ran=1300  threat_obs_computed=1212  threat_obs_nonzero=1212  priority_block:demoted=476  dominated_spread=146
[guards @ 1350 decisions] zero_damage:demoted=1822  guards_ran=1350  threat_obs_computed=1257  threat_obs_nonzero=1257  priority_block:demoted=497  dominated_spread=156
[guards @ 1400 decisions] zero_damage:demoted=1874  guards_ran=1400  threat_obs_computed=1303  threat_obs_nonzero=1303  priority_block:demoted=511  dominated_spread=162
[guards @ 1450 decisions] zero_damage:demoted=1952  guards_ran=1450  threat_obs_computed=1347  threat_obs_nonzero=1347  priority_block:demoted=532  dominated_spread=168
[guards @ 1500 decisions] zero_damage:demoted=2056  guards_ran=1500  threat_obs_computed=1392  threat_obs_nonzero=1392  priority_block:demoted=560  dominated_spread=179
[guards @ 1550 decisions] zero_damage:demoted=2108  guards_ran=1550  threat_obs_computed=1439  threat_obs_nonzero=1439  priority_block:demoted=574  dominated_spread=184
[guards @ 1600 decisions] zero_damage:demoted=2186  guards_ran=1600  threat_obs_computed=1486  threat_obs_nonzero=1486  priority_block:demoted=595  dominated_spread=194
[guards @ 1650 decisions] zero_damage:demoted=2238  guards_ran=1650  threat_obs_computed=1532  threat_obs_nonzero=1532  priority_block:demoted=609  dominated_spread=203
[guards @ 1700 decisions] zero_damage:demoted=2316  guards_ran=1700  threat_obs_computed=1577  threat_obs_nonzero=1577  priority_block:demoted=630  dominated_spread=207
[guards @ 1750 decisions] zero_damage:demoted=2368  guards_ran=1750  threat_obs_computed=1623  threat_obs_nonzero=1623  priority_block:demoted=644  dominated_spread=213
[guards @ 1800 decisions] zero_damage:demoted=2446  guards_ran=1800  threat_obs_computed=1670  threat_obs_nonzero=1670  priority_block:demoted=665  dominated_spread=219
[guards @ 1850 decisions] zero_damage:demoted=2524  guards_ran=1850  threat_obs_computed=1716  threat_obs_nonzero=1716  priority_block:demoted=686  dominated_spread=226
[guards @ 1900 decisions] zero_damage:demoted=2602  guards_ran=1900  threat_obs_computed=1761  threat_obs_nonzero=1761  priority_block:demoted=707  dominated_spread=234
[guards @ 1950 decisions] zero_damage:demoted=2682  guards_ran=1950  threat_obs_computed=1809  threat_obs_nonzero=1809  priority_block:demoted=735  dominated_spread=244
[guards @ 2000 decisions] zero_damage:demoted=2760  guards_ran=2000  threat_obs_computed=1855  threat_obs_nonzero=1855  priority_block:demoted=756  dominated_spread=247
[guards @ 2050 decisions] zero_damage:demoted=2812  guards_ran=2050  threat_obs_computed=1902  threat_obs_nonzero=1902  priority_block:demoted=770  dominated_spread=253
[guards @ 2100 decisions] zero_damage:demoted=2864  guards_ran=2100  threat_obs_computed=1948  threat_obs_nonzero=1948  priority_block:demoted=784  dominated_spread=259
[guards @ 2150 decisions] zero_damage:demoted=2942  guards_ran=2150  threat_obs_computed=1991  threat_obs_nonzero=1991  priority_block:demoted=805  dominated_spread=264
[guards @ 2200 decisions] zero_damage:demoted=3020  guards_ran=2200  threat_obs_computed=2038  threat_obs_nonzero=2038  priority_block:demoted=826  dominated_spread=270
[guards @ 2250 decisions] zero_damage:demoted=3098  guards_ran=2250  threat_obs_computed=2084  threat_obs_nonzero=2084  priority_block:demoted=847  dominated_spread=277
[guards @ 2300 decisions] zero_damage:demoted=3150  guards_ran=2300  threat_obs_computed=2132  threat_obs_nonzero=2132  priority_block:demoted=861  dominated_spread=284
[guards @ 2350 decisions] zero_damage:demoted=3202  guards_ran=2350  threat_obs_computed=2180  threat_obs_nonzero=2180  priority_block:demoted=875  dominated_spread=293
[guards @ 2400 decisions] zero_damage:demoted=3280  guards_ran=2400  threat_obs_computed=2226  threat_obs_nonzero=2226  priority_block:demoted=896  dominated_spread=297
[guards @ 2450 decisions] zero_damage:demoted=3358  guards_ran=2450  threat_obs_computed=2270  threat_obs_nonzero=2270  priority_block:demoted=917  dominated_spread=303
[guards @ 2500 decisions] zero_damage:demoted=3410  guards_ran=2500  threat_obs_computed=2315  threat_obs_nonzero=2315  priority_block:demoted=931  dominated_spread=305
[guards @ 2550 decisions] zero_damage:demoted=3488  guards_ran=2550  threat_obs_computed=2362  threat_obs_nonzero=2362  priority_block:demoted=952  dominated_spread=311
[guards @ 2600 decisions] zero_damage:demoted=3566  guards_ran=2600  threat_obs_computed=2408  threat_obs_nonzero=2408  priority_block:demoted=973  dominated_spread=315
[guards @ 2650 decisions] zero_damage:demoted=3618  guards_ran=2650  threat_obs_computed=2456  threat_obs_nonzero=2456  priority_block:demoted=987  dominated_spread=319
[guards @ 2700 decisions] zero_damage:demoted=3710  guards_ran=2700  threat_obs_computed=2502  threat_obs_nonzero=2502  priority_block:demoted=1015  dominated_spread=327
[guards @ 2750 decisions] zero_damage:demoted=3774  guards_ran=2750  threat_obs_computed=2546  threat_obs_nonzero=2546  priority_block:demoted=1029  dominated_spread=334
[guards @ 2800 decisions] zero_damage:demoted=3826  guards_ran=2800  threat_obs_computed=2592  threat_obs_nonzero=2592  priority_block:demoted=1043  dominated_spread=341
[guards @ 2850 decisions] zero_damage:demoted=3904  guards_ran=2850  threat_obs_computed=2638  threat_obs_nonzero=2638  priority_block:demoted=1064  dominated_spread=346
[guards @ 2900 decisions] zero_damage:demoted=3956  guards_ran=2900  threat_obs_computed=2685  threat_obs_nonzero=2685  priority_block:demoted=1078  dominated_spread=354
[guards @ 2950 decisions] zero_damage:demoted=4034  guards_ran=2950  threat_obs_computed=2729  threat_obs_nonzero=2729  priority_block:demoted=1099  dominated_spread=360
[guards @ 3000 decisions] zero_damage:demoted=4086  guards_ran=3000  threat_obs_computed=2777  threat_obs_nonzero=2777  priority_block:demoted=1113  dominated_spread=363
[guards @ 3050 decisions] zero_damage:demoted=4138  guards_ran=3050  threat_obs_computed=2824  threat_obs_nonzero=2824  priority_block:demoted=1127  dominated_spread=365
[guards @ 3100 decisions] zero_damage:demoted=4190  guards_ran=3100  threat_obs_computed=2872  threat_obs_nonzero=2872  priority_block:demoted=1141  dominated_spread=369
[guards @ 3150 decisions] zero_damage:demoted=4268  guards_ran=3150  threat_obs_computed=2918  threat_obs_nonzero=2918  priority_block:demoted=1162  dominated_spread=375
[guards @ 3200 decisions] zero_damage:demoted=4346  guards_ran=3200  threat_obs_computed=2963  threat_obs_nonzero=2963  priority_block:demoted=1183  dominated_spread=384
[guards @ 3250 decisions] zero_damage:demoted=4424  guards_ran=3250  threat_obs_computed=3008  threat_obs_nonzero=3008  priority_block:demoted=1204  dominated_spread=389
[guards @ 3300 decisions] zero_damage:demoted=4476  guards_ran=3300  threat_obs_computed=3056  threat_obs_nonzero=3056  priority_block:demoted=1218  dominated_spread=397
[guards @ 3350 decisions] zero_damage:demoted=4554  guards_ran=3350  threat_obs_computed=3102  threat_obs_nonzero=3102  priority_block:demoted=1239  dominated_spread=402
[guards @ 3400 decisions] zero_damage:demoted=4606  guards_ran=3400  threat_obs_computed=3147  threat_obs_nonzero=3147  priority_block:demoted=1253  dominated_spread=406
[guards @ 3450 decisions] zero_damage:demoted=4684  guards_ran=3450  threat_obs_computed=3192  threat_obs_nonzero=3192  priority_block:demoted=1274  dominated_spread=414
[guards @ 3500 decisions] zero_damage:demoted=4750  guards_ran=3500  threat_obs_computed=3240  threat_obs_nonzero=3240  priority_block:demoted=1295  dominated_spread=420
[guards @ 3550 decisions] zero_damage:demoted=4814  guards_ran=3550  threat_obs_computed=3286  threat_obs_nonzero=3286  priority_block:demoted=1309  dominated_spread=423
[guards @ 3600 decisions] zero_damage:demoted=4866  guards_ran=3600  threat_obs_computed=3333  threat_obs_nonzero=3333  priority_block:demoted=1323  dominated_spread=431
[guards @ 3650 decisions] zero_damage:demoted=4918  guards_ran=3650  threat_obs_computed=3380  threat_obs_nonzero=3380  priority_block:demoted=1337  dominated_spread=436
[guards @ 3700 decisions] zero_damage:demoted=4970  guards_ran=3700  threat_obs_computed=3427  threat_obs_nonzero=3427  priority_block:demoted=1351  dominated_spread=444
[guards @ 3750 decisions] zero_damage:demoted=5048  guards_ran=3750  threat_obs_computed=3469  threat_obs_nonzero=3469  priority_block:demoted=1372  dominated_spread=448
[guards @ 3800 decisions] zero_damage:demoted=5100  guards_ran=3800  threat_obs_computed=3517  threat_obs_nonzero=3517  priority_block:demoted=1386  dominated_spread=454
[guards @ 3850 decisions] zero_damage:demoted=5178  guards_ran=3850  threat_obs_computed=3563  threat_obs_nonzero=3563  priority_block:demoted=1407  dominated_spread=467
[guards @ 3900 decisions] zero_damage:demoted=5230  guards_ran=3900  threat_obs_computed=3609  threat_obs_nonzero=3609  priority_block:demoted=1421  dominated_spread=473
[guards @ 3950 decisions] zero_damage:demoted=5282  guards_ran=3950  threat_obs_computed=3655  threat_obs_nonzero=3655  priority_block:demoted=1435  dominated_spread=476
[guards @ 4000 decisions] zero_damage:demoted=5334  guards_ran=4000  threat_obs_computed=3703  threat_obs_nonzero=3703  priority_block:demoted=1449  dominated_spread=480
[guards @ 4050 decisions] zero_damage:demoted=5412  guards_ran=4050  threat_obs_computed=3749  threat_obs_nonzero=3749  priority_block:demoted=1470  dominated_spread=489
[guards @ 4100 decisions] zero_damage:demoted=5464  guards_ran=4100  threat_obs_computed=3796  threat_obs_nonzero=3796  priority_block:demoted=1484  dominated_spread=499
[guards @ 4150 decisions] zero_damage:demoted=5542  guards_ran=4150  threat_obs_computed=3841  threat_obs_nonzero=3841  priority_block:demoted=1505  dominated_spread=507
[guards @ 4200 decisions] zero_damage:demoted=5620  guards_ran=4200  threat_obs_computed=3886  threat_obs_nonzero=3886  priority_block:demoted=1526  dominated_spread=513
[guards @ 4250 decisions] zero_damage:demoted=5698  guards_ran=4250  threat_obs_computed=3930  threat_obs_nonzero=3930  priority_block:demoted=1547  dominated_spread=522
[guards @ 4300 decisions] zero_damage:demoted=5776  guards_ran=4300  threat_obs_computed=3975  threat_obs_nonzero=3975  priority_block:demoted=1568  dominated_spread=526
[guards @ 4350 decisions] zero_damage:demoted=5828  guards_ran=4350  threat_obs_computed=4022  threat_obs_nonzero=4022  priority_block:demoted=1582  dominated_spread=531
[guards @ 4400 decisions] zero_damage:demoted=5906  guards_ran=4400  threat_obs_computed=4068  threat_obs_nonzero=4068  priority_block:demoted=1603  dominated_spread=538
[guards @ 4450 decisions] zero_damage:demoted=5958  guards_ran=4450  threat_obs_computed=4114  threat_obs_nonzero=4114  priority_block:demoted=1617  dominated_spread=542
[guards @ 4500 decisions] zero_damage:demoted=6010  guards_ran=4500  threat_obs_computed=4160  threat_obs_nonzero=4160  priority_block:demoted=1631  dominated_spread=545
[guards @ 4550 decisions] zero_damage:demoted=6088  guards_ran=4550  threat_obs_computed=4207  threat_obs_nonzero=4207  priority_block:demoted=1652  dominated_spread=554
[guards @ 4600 decisions] zero_damage:demoted=6140  guards_ran=4600  threat_obs_computed=4254  threat_obs_nonzero=4254  priority_block:demoted=1666  dominated_spread=561
[guards @ 4650 decisions] zero_damage:demoted=6218  guards_ran=4650  threat_obs_computed=4297  threat_obs_nonzero=4297  priority_block:demoted=1687  dominated_spread=566
[guards @ 4700 decisions] zero_damage:demoted=6296  guards_ran=4700  threat_obs_computed=4342  threat_obs_nonzero=4342  priority_block:demoted=1708  dominated_spread=572
[guards @ 4750 decisions] zero_damage:demoted=6374  guards_ran=4750  threat_obs_computed=4388  threat_obs_nonzero=4388  priority_block:demoted=1729  dominated_spread=580
[guards @ 4800 decisions] zero_damage:demoted=6426  guards_ran=4800  threat_obs_computed=4435  threat_obs_nonzero=4435  priority_block:demoted=1743  dominated_spread=585
[guards @ 4850 decisions] zero_damage:demoted=6504  guards_ran=4850  threat_obs_computed=4481  threat_obs_nonzero=4481  priority_block:demoted=1764  dominated_spread=591
[guards @ 4900 decisions] zero_damage:demoted=6608  guards_ran=4900  threat_obs_computed=4524  threat_obs_nonzero=4524  priority_block:demoted=1792  dominated_spread=598
[guards @ 4950 decisions] zero_damage:demoted=6660  guards_ran=4950  threat_obs_computed=4572  threat_obs_nonzero=4572  priority_block:demoted=1806  dominated_spread=605
[guards @ 5000 decisions] zero_damage:demoted=6738  guards_ran=5000  threat_obs_computed=4618  threat_obs_nonzero=4618  priority_block:demoted=1827  dominated_spread=613
[guards @ 5050 decisions] zero_damage:demoted=6790  guards_ran=5050  threat_obs_computed=4665  threat_obs_nonzero=4665  priority_block:demoted=1841  dominated_spread=622
[guards @ 5100 decisions] zero_damage:demoted=6868  guards_ran=5100  threat_obs_computed=4710  threat_obs_nonzero=4710  priority_block:demoted=1862  dominated_spread=628
[guards @ 5150 decisions] zero_damage:demoted=6946  guards_ran=5150  threat_obs_computed=4757  threat_obs_nonzero=4757  priority_block:demoted=1883  dominated_spread=635
[guards @ 5200 decisions] zero_damage:demoted=7024  guards_ran=5200  threat_obs_computed=4800  threat_obs_nonzero=4800  priority_block:demoted=1904  dominated_spread=640
[guards @ 5250 decisions] zero_damage:demoted=7102  guards_ran=5250  threat_obs_computed=4842  threat_obs_nonzero=4842  priority_block:demoted=1925  dominated_spread=647
[guards @ 5300 decisions] zero_damage:demoted=7156  guards_ran=5300  threat_obs_computed=4891  threat_obs_nonzero=4891  priority_block:demoted=1946  dominated_spread=652
[guards @ 5350 decisions] zero_damage:demoted=7208  guards_ran=5350  threat_obs_computed=4937  threat_obs_nonzero=4937  priority_block:demoted=1960  dominated_spread=659
[guards @ 5400 decisions] zero_damage:demoted=7286  guards_ran=5400  threat_obs_computed=4982  threat_obs_nonzero=4982  priority_block:demoted=1981  dominated_spread=665
[guards @ 5450 decisions] zero_damage:demoted=7338  guards_ran=5450  threat_obs_computed=5028  threat_obs_nonzero=5028  priority_block:demoted=1995  dominated_spread=676
[guards @ 5500 decisions] zero_damage:demoted=7416  guards_ran=5500  threat_obs_computed=5072  threat_obs_nonzero=5072  priority_block:demoted=2016  dominated_spread=680
[guards @ 5550 decisions] zero_damage:demoted=7482  guards_ran=5550  threat_obs_computed=5118  threat_obs_nonzero=5118  priority_block:demoted=2037  dominated_spread=687
[guards @ 5600 decisions] zero_damage:demoted=7546  guards_ran=5600  threat_obs_computed=5162  threat_obs_nonzero=5162  priority_block:demoted=2051  dominated_spread=690
[guards @ 5650 decisions] zero_damage:demoted=7624  guards_ran=5650  threat_obs_computed=5207  threat_obs_nonzero=5207  priority_block:demoted=2072  dominated_spread=694
[guards @ 5700 decisions] zero_damage:demoted=7690  guards_ran=5700  threat_obs_computed=5251  threat_obs_nonzero=5251  priority_block:demoted=2093  dominated_spread=700
[guards @ 5750 decisions] zero_damage:demoted=7728  guards_ran=5750  threat_obs_computed=5297  threat_obs_nonzero=5297  priority_block:demoted=2100  dominated_spread=710
[guards @ 5800 decisions] zero_damage:demoted=7832  guards_ran=5800  threat_obs_computed=5343  threat_obs_nonzero=5343  priority_block:demoted=2128  dominated_spread=716
[guards @ 5850 decisions] zero_damage:demoted=7884  guards_ran=5850  threat_obs_computed=5389  threat_obs_nonzero=5389  priority_block:demoted=2142  dominated_spread=722
[guards @ 5900 decisions] zero_damage:demoted=7962  guards_ran=5900  threat_obs_computed=5434  threat_obs_nonzero=5434  priority_block:demoted=2163  dominated_spread=728
[guards @ 5950 decisions] zero_damage:demoted=8014  guards_ran=5950  threat_obs_computed=5479  threat_obs_nonzero=5479  priority_block:demoted=2177  dominated_spread=732
[guards @ 6000 decisions] zero_damage:demoted=8066  guards_ran=6000  threat_obs_computed=5524  threat_obs_nonzero=5524  priority_block:demoted=2191  dominated_spread=740
[guards @ 6050 decisions] zero_damage:demoted=8118  guards_ran=6050  threat_obs_computed=5571  threat_obs_nonzero=5571  priority_block:demoted=2205  dominated_spread=743
[guards @ 6100 decisions] zero_damage:demoted=8196  guards_ran=6100  threat_obs_computed=5616  threat_obs_nonzero=5616  priority_block:demoted=2226  dominated_spread=749
[guards @ 6150 decisions] zero_damage:demoted=8248  guards_ran=6150  threat_obs_computed=5663  threat_obs_nonzero=5663  priority_block:demoted=2240  dominated_spread=753
[guards @ 6200 decisions] zero_damage:demoted=8352  guards_ran=6200  threat_obs_computed=5708  threat_obs_nonzero=5708  priority_block:demoted=2268  dominated_spread=760
[guards @ 6250 decisions] zero_damage:demoted=8392  guards_ran=6250  threat_obs_computed=5757  threat_obs_nonzero=5757  priority_block:demoted=2282  dominated_spread=767
[guards @ 6300 decisions] zero_damage:demoted=8456  guards_ran=6300  threat_obs_computed=5801  threat_obs_nonzero=5801  priority_block:demoted=2296  dominated_spread=772
[guards @ 6350 decisions] zero_damage:demoted=8508  guards_ran=6350  threat_obs_computed=5849  threat_obs_nonzero=5849  priority_block:demoted=2310  dominated_spread=776
[guards @ 6400 decisions] zero_damage:demoted=8586  guards_ran=6400  threat_obs_computed=5894  threat_obs_nonzero=5894  priority_block:demoted=2331  dominated_spread=782
[guards @ 6450 decisions] zero_damage:demoted=8652  guards_ran=6450  threat_obs_computed=5939  threat_obs_nonzero=5939  priority_block:demoted=2352  dominated_spread=787
[guards @ 6500 decisions] zero_damage:demoted=8716  guards_ran=6500  threat_obs_computed=5986  threat_obs_nonzero=5986  priority_block:demoted=2366  dominated_spread=791
[guards @ 6550 decisions] zero_damage:demoted=8794  guards_ran=6550  threat_obs_computed=6032  threat_obs_nonzero=6032  priority_block:demoted=2387  dominated_spread=797
[guards @ 6600 decisions] zero_damage:demoted=8878  guards_ran=6600  threat_obs_computed=6078  threat_obs_nonzero=6078  priority_block:demoted=2414  dominated_spread=801
[guards @ 6650 decisions] zero_damage:demoted=8956  guards_ran=6650  threat_obs_computed=6125  threat_obs_nonzero=6125  priority_block:demoted=2435  dominated_spread=808
[guards @ 6700 decisions] zero_damage:demoted=9034  guards_ran=6700  threat_obs_computed=6171  threat_obs_nonzero=6171  priority_block:demoted=2456  dominated_spread=813
[guards @ 6750 decisions] zero_damage:demoted=9112  guards_ran=6750  threat_obs_computed=6217  threat_obs_nonzero=6217  priority_block:demoted=2477  dominated_spread=819
[guards @ 6800 decisions] zero_damage:demoted=9190  guards_ran=6800  threat_obs_computed=6264  threat_obs_nonzero=6264  priority_block:demoted=2498  dominated_spread=827
[guards @ 6850 decisions] zero_damage:demoted=9242  guards_ran=6850  threat_obs_computed=6312  threat_obs_nonzero=6312  priority_block:demoted=2512  dominated_spread=834
[guards @ 6900 decisions] zero_damage:demoted=9294  guards_ran=6900  threat_obs_computed=6358  threat_obs_nonzero=6358  priority_block:demoted=2526  dominated_spread=837
[guards @ 6950 decisions] zero_damage:demoted=9378  guards_ran=6950  threat_obs_computed=6403  threat_obs_nonzero=6403  priority_block:demoted=2553  dominated_spread=843
[guards @ 7000 decisions] zero_damage:demoted=9444  guards_ran=7000  threat_obs_computed=6450  threat_obs_nonzero=6450  priority_block:demoted=2574  dominated_spread=847
[guards @ 7050 decisions] zero_damage:demoted=9508  guards_ran=7050  threat_obs_computed=6497  threat_obs_nonzero=6497  priority_block:demoted=2588  dominated_spread=854
[guards @ 7100 decisions] zero_damage:demoted=9586  guards_ran=7100  threat_obs_computed=6543  threat_obs_nonzero=6543  priority_block:demoted=2609  dominated_spread=864
[guards @ 7150 decisions] zero_damage:demoted=9652  guards_ran=7150  threat_obs_computed=6590  threat_obs_nonzero=6590  priority_block:demoted=2630  dominated_spread=872
[guards @ 7200 decisions] zero_damage:demoted=9716  guards_ran=7200  threat_obs_computed=6634  threat_obs_nonzero=6634  priority_block:demoted=2644  dominated_spread=877
[guards @ 7250 decisions] zero_damage:demoted=9768  guards_ran=7250  threat_obs_computed=6679  threat_obs_nonzero=6679  priority_block:demoted=2658  dominated_spread=885
[guards @ 7300 decisions] zero_damage:demoted=9872  guards_ran=7300  threat_obs_computed=6725  threat_obs_nonzero=6725  priority_block:demoted=2686  dominated_spread=890
[guards @ 7350 decisions] zero_damage:demoted=9938  guards_ran=7350  threat_obs_computed=6771  threat_obs_nonzero=6771  priority_block:demoted=2707  dominated_spread=898
[guards @ 7400 decisions] zero_damage:demoted=10002  guards_ran=7400  threat_obs_computed=6816  threat_obs_nonzero=6816  priority_block:demoted=2721  dominated_spread=904
[guards @ 7450 decisions] zero_damage:demoted=10054  guards_ran=7450  threat_obs_computed=6863  threat_obs_nonzero=6863  priority_block:demoted=2735  dominated_spread=912
[guards @ 7500 decisions] zero_damage:demoted=10132  guards_ran=7500  threat_obs_computed=6910  threat_obs_nonzero=6910  priority_block:demoted=2756  dominated_spread=915
[guards @ 7550 decisions] zero_damage:demoted=10210  guards_ran=7550  threat_obs_computed=6955  threat_obs_nonzero=6955  priority_block:demoted=2777  dominated_spread=921
[guards @ 7600 decisions] zero_damage:demoted=10262  guards_ran=7600  threat_obs_computed=7000  threat_obs_nonzero=7000  priority_block:demoted=2791  dominated_spread=927
[guards @ 7650 decisions] zero_damage:demoted=10314  guards_ran=7650  threat_obs_computed=7046  threat_obs_nonzero=7046  priority_block:demoted=2805  dominated_spread=932
[guards @ 7700 decisions] zero_damage:demoted=10392  guards_ran=7700  threat_obs_computed=7093  threat_obs_nonzero=7093  priority_block:demoted=2826  dominated_spread=937
[guards @ 7750 decisions] zero_damage:demoted=10444  guards_ran=7750  threat_obs_computed=7140  threat_obs_nonzero=7140  priority_block:demoted=2840  dominated_spread=945
[guards @ 7800 decisions] zero_damage:demoted=10522  guards_ran=7800  threat_obs_computed=7187  threat_obs_nonzero=7187  priority_block:demoted=2861  dominated_spread=950
[guards @ 7850 decisions] zero_damage:demoted=10588  guards_ran=7850  threat_obs_computed=7233  threat_obs_nonzero=7233  priority_block:demoted=2882  dominated_spread=952
[guards @ 7900 decisions] zero_damage:demoted=10678  guards_ran=7900  threat_obs_computed=7279  threat_obs_nonzero=7279  priority_block:demoted=2903  dominated_spread=962
[guards @ 7950 decisions] zero_damage:demoted=10756  guards_ran=7950  threat_obs_computed=7326  threat_obs_nonzero=7326  priority_block:demoted=2924  dominated_spread=967
[guards @ 8000 decisions] zero_damage:demoted=10834  guards_ran=8000  threat_obs_computed=7372  threat_obs_nonzero=7372  priority_block:demoted=2945  dominated_spread=974
[guards @ 8050 decisions] zero_damage:demoted=10912  guards_ran=8050  threat_obs_computed=7419  threat_obs_nonzero=7419  priority_block:demoted=2966  dominated_spread=981
[guards @ 8100 decisions] zero_damage:demoted=10966  guards_ran=8100  threat_obs_computed=7468  threat_obs_nonzero=7468  priority_block:demoted=2987  dominated_spread=987
[guards @ 8150 decisions] zero_damage:demoted=10992  guards_ran=8150  threat_obs_computed=7516  threat_obs_nonzero=7516  priority_block:demoted=2994  dominated_spread=996
[guards @ 8200 decisions] zero_damage:demoted=11070  guards_ran=8200  threat_obs_computed=7561  threat_obs_nonzero=7561  priority_block:demoted=3015  dominated_spread=1000
[guards @ 8250 decisions] zero_damage:demoted=11122  guards_ran=8250  threat_obs_computed=7609  threat_obs_nonzero=7609  priority_block:demoted=3029  dominated_spread=1006
[guards @ 8300 decisions] zero_damage:demoted=11200  guards_ran=8300  threat_obs_computed=7655  threat_obs_nonzero=7655  priority_block:demoted=3050  dominated_spread=1012
[guards @ 8350 decisions] zero_damage:demoted=11252  guards_ran=8350  threat_obs_computed=7703  threat_obs_nonzero=7703  priority_block:demoted=3064  dominated_spread=1014
[guards @ 8400 decisions] zero_damage:demoted=11304  guards_ran=8400  threat_obs_computed=7751  threat_obs_nonzero=7751  priority_block:demoted=3078  dominated_spread=1019
[guards @ 8450 decisions] zero_damage:demoted=11356  guards_ran=8450  threat_obs_computed=7799  threat_obs_nonzero=7799  priority_block:demoted=3092  dominated_spread=1026
[guards @ 8500 decisions] zero_damage:demoted=11422  guards_ran=8500  threat_obs_computed=7845  threat_obs_nonzero=7845  priority_block:demoted=3113  dominated_spread=1030
[guards @ 8550 decisions] zero_damage:demoted=11486  guards_ran=8550  threat_obs_computed=7892  threat_obs_nonzero=7892  priority_block:demoted=3127  dominated_spread=1038
[guards @ 8600 decisions] zero_damage:demoted=11538  guards_ran=8600  threat_obs_computed=7939  threat_obs_nonzero=7939  priority_block:demoted=3141  dominated_spread=1045
[guards @ 8650 decisions] zero_damage:demoted=11590  guards_ran=8650  threat_obs_computed=7987  threat_obs_nonzero=7987  priority_block:demoted=3155  dominated_spread=1046
[guards @ 8700 decisions] zero_damage:demoted=11668  guards_ran=8700  threat_obs_computed=8033  threat_obs_nonzero=8033  priority_block:demoted=3176  dominated_spread=1051
[guards @ 8750 decisions] zero_damage:demoted=11746  guards_ran=8750  threat_obs_computed=8080  threat_obs_nonzero=8080  priority_block:demoted=3197  dominated_spread=1057
[guards @ 8800 decisions] zero_damage:demoted=11824  guards_ran=8800  threat_obs_computed=8126  threat_obs_nonzero=8126  priority_block:demoted=3218  dominated_spread=1065
[guards @ 8850 decisions] zero_damage:demoted=11902  guards_ran=8850  threat_obs_computed=8171  threat_obs_nonzero=8171  priority_block:demoted=3239  dominated_spread=1073
[guards @ 8900 decisions] zero_damage:demoted=11968  guards_ran=8900  threat_obs_computed=8219  threat_obs_nonzero=8219  priority_block:demoted=3260  dominated_spread=1082
[guards @ 8950 decisions] zero_damage:demoted=12032  guards_ran=8950  threat_obs_computed=8266  threat_obs_nonzero=8266  priority_block:demoted=3274  dominated_spread=1088
[guards @ 9000 decisions] zero_damage:demoted=12098  guards_ran=9000  threat_obs_computed=8314  threat_obs_nonzero=8314  priority_block:demoted=3295  dominated_spread=1099
[guards @ 9050 decisions] zero_damage:demoted=12176  guards_ran=9050  threat_obs_computed=8358  threat_obs_nonzero=8358  priority_block:demoted=3316  dominated_spread=1109
[guards @ 9100 decisions] zero_damage:demoted=12240  guards_ran=9100  threat_obs_computed=8405  threat_obs_nonzero=8405  priority_block:demoted=3330  dominated_spread=1116
[guards @ 9150 decisions] zero_damage:demoted=12292  guards_ran=9150  threat_obs_computed=8452  threat_obs_nonzero=8452  priority_block:demoted=3344  dominated_spread=1121
[guards @ 9200 decisions] zero_damage:demoted=12344  guards_ran=9200  threat_obs_computed=8500  threat_obs_nonzero=8500  priority_block:demoted=3358  dominated_spread=1124
[guards @ 9250 decisions] zero_damage:demoted=12396  guards_ran=9250  threat_obs_computed=8546  threat_obs_nonzero=8546  priority_block:demoted=3372  dominated_spread=1130
[guards @ 9300 decisions] zero_damage:demoted=12448  guards_ran=9300  threat_obs_computed=8594  threat_obs_nonzero=8594  priority_block:demoted=3386  dominated_spread=1134
[guards @ 9350 decisions] zero_damage:demoted=12526  guards_ran=9350  threat_obs_computed=8638  threat_obs_nonzero=8638  priority_block:demoted=3407  dominated_spread=1141
[guards @ 9400 decisions] zero_damage:demoted=12578  guards_ran=9400  threat_obs_computed=8685  threat_obs_nonzero=8685  priority_block:demoted=3421  dominated_spread=1148
[guards @ 9450 decisions] zero_damage:demoted=12656  guards_ran=9450  threat_obs_computed=8729  threat_obs_nonzero=8729  priority_block:demoted=3442  dominated_spread=1154
[guards @ 9500 decisions] zero_damage:demoted=12762  guards_ran=9500  threat_obs_computed=8774  threat_obs_nonzero=8774  priority_block:demoted=3477  dominated_spread=1160
[guards @ 9550 decisions] zero_damage:demoted=12814  guards_ran=9550  threat_obs_computed=8821  threat_obs_nonzero=8821  priority_block:demoted=3491  dominated_spread=1165
[guards @ 9600 decisions] zero_damage:demoted=12892  guards_ran=9600  threat_obs_computed=8866  threat_obs_nonzero=8866  priority_block:demoted=3512  dominated_spread=1172
[guards @ 9650 decisions] zero_damage:demoted=12970  guards_ran=9650  threat_obs_computed=8912  threat_obs_nonzero=8912  priority_block:demoted=3533  dominated_spread=1179
[guards @ 9700 decisions] zero_damage:demoted=13022  guards_ran=9700  threat_obs_computed=8960  threat_obs_nonzero=8960  priority_block:demoted=3547  dominated_spread=1186
block hidden=False a_first=True: A 249.0/500; running A 49.8% [45.4, 54.2]
[guards @ 9750 decisions] zero_damage:demoted=104  guards_ran=31  priority_block:demoted=28  threat_obs_computed=26  threat_obs_nonzero=26  learned_preview=8
[guards @ 9800 decisions] zero_damage:demoted=156  guards_ran=81  threat_obs_computed=71  threat_obs_nonzero=71  priority_block:demoted=42  learned_preview=12
[guards @ 9850 decisions] zero_damage:demoted=208  guards_ran=131  threat_obs_computed=119  threat_obs_nonzero=119  priority_block:demoted=56  learned_preview=16
[guards @ 9900 decisions] zero_damage:demoted=300  guards_ran=181  threat_obs_computed=165  threat_obs_nonzero=165  priority_block:demoted=84  learned_preview=24
[guards @ 9950 decisions] zero_damage:demoted=364  guards_ran=231  threat_obs_computed=211  threat_obs_nonzero=211  priority_block:demoted=98  learned_preview=28
[guards @ 10000 decisions] zero_damage:demoted=416  guards_ran=281  threat_obs_computed=259  threat_obs_nonzero=259  priority_block:demoted=112  learned_preview=34
[guards @ 10050 decisions] zero_damage:demoted=494  guards_ran=331  threat_obs_computed=305  threat_obs_nonzero=305  priority_block:demoted=133  dominated_spread=39
[guards @ 10100 decisions] zero_damage:demoted=560  guards_ran=381  threat_obs_computed=351  threat_obs_nonzero=351  priority_block:demoted=154  dominated_spread=50
[guards @ 10150 decisions] zero_damage:demoted=638  guards_ran=431  threat_obs_computed=398  threat_obs_nonzero=398  priority_block:demoted=175  dominated_spread=55
[guards @ 10200 decisions] zero_damage:demoted=728  guards_ran=481  threat_obs_computed=440  threat_obs_nonzero=440  priority_block:demoted=196  dominated_spread=60
[guards @ 10250 decisions] zero_damage:demoted=780  guards_ran=531  threat_obs_computed=488  threat_obs_nonzero=488  priority_block:demoted=210  dominated_spread=65
[guards @ 10300 decisions] zero_damage:demoted=832  guards_ran=581  threat_obs_computed=532  threat_obs_nonzero=532  priority_block:demoted=224  dominated_spread=71
[guards @ 10350 decisions] zero_damage:demoted=910  guards_ran=631  threat_obs_computed=577  threat_obs_nonzero=577  priority_block:demoted=245  dominated_spread=78
[guards @ 10400 decisions] zero_damage:demoted=962  guards_ran=681  threat_obs_computed=625  threat_obs_nonzero=625  priority_block:demoted=259  dominated_spread=81
[guards @ 10450 decisions] zero_damage:demoted=1040  guards_ran=731  threat_obs_computed=671  threat_obs_nonzero=671  priority_block:demoted=280  dominated_spread=88
[guards @ 10500 decisions] zero_damage:demoted=1092  guards_ran=781  threat_obs_computed=716  threat_obs_nonzero=716  priority_block:demoted=294  dominated_spread=94
[guards @ 10550 decisions] zero_damage:demoted=1170  guards_ran=831  threat_obs_computed=763  threat_obs_nonzero=763  priority_block:demoted=315  dominated_spread=100
[guards @ 10600 decisions] zero_damage:demoted=1222  guards_ran=881  threat_obs_computed=811  threat_obs_nonzero=811  priority_block:demoted=329  dominated_spread=109
[guards @ 10650 decisions] zero_damage:demoted=1274  guards_ran=931  threat_obs_computed=857  threat_obs_nonzero=857  priority_block:demoted=343  dominated_spread=113
[guards @ 10700 decisions] zero_damage:demoted=1352  guards_ran=981  threat_obs_computed=903  threat_obs_nonzero=903  priority_block:demoted=364  dominated_spread=119
[guards @ 10750 decisions] zero_damage:demoted=1430  guards_ran=1031  threat_obs_computed=949  threat_obs_nonzero=949  priority_block:demoted=385  dominated_spread=125
[guards @ 10800 decisions] zero_damage:demoted=1482  guards_ran=1081  threat_obs_computed=996  threat_obs_nonzero=996  priority_block:demoted=399  dominated_spread=133
[guards @ 10850 decisions] zero_damage:demoted=1560  guards_ran=1131  threat_obs_computed=1041  threat_obs_nonzero=1041  priority_block:demoted=420  dominated_spread=138
[guards @ 10900 decisions] zero_damage:demoted=1652  guards_ran=1181  threat_obs_computed=1087  threat_obs_nonzero=1087  priority_block:demoted=448  dominated_spread=148
[guards @ 10950 decisions] zero_damage:demoted=1716  guards_ran=1231  threat_obs_computed=1132  threat_obs_nonzero=1132  priority_block:demoted=462  dominated_spread=154
[guards @ 11000 decisions] zero_damage:demoted=1768  guards_ran=1281  threat_obs_computed=1179  threat_obs_nonzero=1179  priority_block:demoted=476  dominated_spread=157
[guards @ 11050 decisions] zero_damage:demoted=1834  guards_ran=1331  threat_obs_computed=1226  threat_obs_nonzero=1226  priority_block:demoted=497  dominated_spread=162
[guards @ 11100 decisions] zero_damage:demoted=1898  guards_ran=1381  threat_obs_computed=1272  threat_obs_nonzero=1272  priority_block:demoted=511  dominated_spread=171
[guards @ 11150 decisions] zero_damage:demoted=1976  guards_ran=1431  threat_obs_computed=1319  threat_obs_nonzero=1319  priority_block:demoted=532  dominated_spread=177
[guards @ 11200 decisions] zero_damage:demoted=2054  guards_ran=1481  threat_obs_computed=1366  threat_obs_nonzero=1366  priority_block:demoted=553  dominated_spread=181
[guards @ 11250 decisions] zero_damage:demoted=2113  guards_ran=1531  threat_obs_computed=1414  threat_obs_nonzero=1414  priority_block:demoted=574  dominated_spread=188
[guards @ 11300 decisions] zero_damage:demoted=2191  guards_ran=1581  threat_obs_computed=1461  threat_obs_nonzero=1461  priority_block:demoted=595  dominated_spread=195
[guards @ 11350 decisions] zero_damage:demoted=2257  guards_ran=1631  threat_obs_computed=1506  threat_obs_nonzero=1506  priority_block:demoted=616  dominated_spread=201
[guards @ 11400 decisions] zero_damage:demoted=2309  guards_ran=1681  threat_obs_computed=1553  threat_obs_nonzero=1553  priority_block:demoted=630  dominated_spread=210
[guards @ 11450 decisions] zero_damage:demoted=2399  guards_ran=1731  threat_obs_computed=1596  threat_obs_nonzero=1596  priority_block:demoted=651  dominated_spread=214
[guards @ 11500 decisions] zero_damage:demoted=2477  guards_ran=1781  threat_obs_computed=1642  threat_obs_nonzero=1642  priority_block:demoted=672  dominated_spread=221
[guards @ 11550 decisions] zero_damage:demoted=2543  guards_ran=1831  threat_obs_computed=1686  threat_obs_nonzero=1686  priority_block:demoted=693  dominated_spread=223
[guards @ 11600 decisions] zero_damage:demoted=2607  guards_ran=1881  threat_obs_computed=1732  threat_obs_nonzero=1732  priority_block:demoted=707  dominated_spread=232
[guards @ 11650 decisions] zero_damage:demoted=2659  guards_ran=1931  threat_obs_computed=1780  threat_obs_nonzero=1780  priority_block:demoted=721  dominated_spread=237
[guards @ 11700 decisions] zero_damage:demoted=2737  guards_ran=1981  threat_obs_computed=1824  threat_obs_nonzero=1824  priority_block:demoted=742  dominated_spread=241
[guards @ 11750 decisions] zero_damage:demoted=2789  guards_ran=2031  threat_obs_computed=1872  threat_obs_nonzero=1872  priority_block:demoted=756  dominated_spread=247
[guards @ 11800 decisions] zero_damage:demoted=2867  guards_ran=2081  threat_obs_computed=1919  threat_obs_nonzero=1919  priority_block:demoted=777  dominated_spread=252
[guards @ 11850 decisions] zero_damage:demoted=2945  guards_ran=2131  threat_obs_computed=1963  threat_obs_nonzero=1963  priority_block:demoted=798  dominated_spread=265
[guards @ 11900 decisions] zero_damage:demoted=3011  guards_ran=2181  threat_obs_computed=2010  threat_obs_nonzero=2010  priority_block:demoted=819  dominated_spread=270
[guards @ 11950 decisions] zero_damage:demoted=3075  guards_ran=2231  threat_obs_computed=2056  threat_obs_nonzero=2056  priority_block:demoted=833  dominated_spread=279
[guards @ 12000 decisions] zero_damage:demoted=3127  guards_ran=2281  threat_obs_computed=2104  threat_obs_nonzero=2104  priority_block:demoted=847  dominated_spread=283
[guards @ 12050 decisions] zero_damage:demoted=3179  guards_ran=2331  threat_obs_computed=2151  threat_obs_nonzero=2151  priority_block:demoted=861  dominated_spread=289
[guards @ 12100 decisions] zero_damage:demoted=3257  guards_ran=2381  threat_obs_computed=2198  threat_obs_nonzero=2198  priority_block:demoted=882  dominated_spread=298
[guards @ 12150 decisions] zero_damage:demoted=3323  guards_ran=2431  threat_obs_computed=2246  threat_obs_nonzero=2246  priority_block:demoted=903  dominated_spread=304
[guards @ 12200 decisions] zero_damage:demoted=3401  guards_ran=2481  threat_obs_computed=2293  threat_obs_nonzero=2293  priority_block:demoted=924  dominated_spread=309
[guards @ 12250 decisions] zero_damage:demoted=3465  guards_ran=2531  threat_obs_computed=2337  threat_obs_nonzero=2337  priority_block:demoted=938  dominated_spread=314
[guards @ 12300 decisions] zero_damage:demoted=3517  guards_ran=2581  threat_obs_computed=2384  threat_obs_nonzero=2384  priority_block:demoted=952  dominated_spread=317
[guards @ 12350 decisions] zero_damage:demoted=3569  guards_ran=2631  threat_obs_computed=2429  threat_obs_nonzero=2429  priority_block:demoted=966  dominated_spread=323
[guards @ 12400 decisions] zero_damage:demoted=3647  guards_ran=2681  threat_obs_computed=2476  threat_obs_nonzero=2476  priority_block:demoted=987  dominated_spread=329
[guards @ 12450 decisions] zero_damage:demoted=3725  guards_ran=2731  threat_obs_computed=2522  threat_obs_nonzero=2522  priority_block:demoted=1008  dominated_spread=334
[guards @ 12500 decisions] zero_damage:demoted=3809  guards_ran=2781  threat_obs_computed=2568  threat_obs_nonzero=2568  priority_block:demoted=1035  dominated_spread=340
[guards @ 12550 decisions] zero_damage:demoted=3887  guards_ran=2831  threat_obs_computed=2614  threat_obs_nonzero=2614  priority_block:demoted=1056  dominated_spread=346
[guards @ 12600 decisions] zero_damage:demoted=3939  guards_ran=2881  threat_obs_computed=2660  threat_obs_nonzero=2660  priority_block:demoted=1070  dominated_spread=349
[guards @ 12650 decisions] zero_damage:demoted=3991  guards_ran=2931  threat_obs_computed=2708  threat_obs_nonzero=2708  priority_block:demoted=1084  dominated_spread=360
[guards @ 12700 decisions] zero_damage:demoted=4069  guards_ran=2981  threat_obs_computed=2755  threat_obs_nonzero=2755  priority_block:demoted=1105  dominated_spread=370
[guards @ 12750 decisions] zero_damage:demoted=4173  guards_ran=3031  threat_obs_computed=2801  threat_obs_nonzero=2801  priority_block:demoted=1133  dominated_spread=378
[guards @ 12800 decisions] zero_damage:demoted=4253  guards_ran=3081  threat_obs_computed=2848  threat_obs_nonzero=2848  priority_block:demoted=1161  dominated_spread=384
[guards @ 12850 decisions] zero_damage:demoted=4305  guards_ran=3131  threat_obs_computed=2895  threat_obs_nonzero=2895  priority_block:demoted=1175  dominated_spread=389
[guards @ 12900 decisions] zero_damage:demoted=4357  guards_ran=3181  threat_obs_computed=2942  threat_obs_nonzero=2942  priority_block:demoted=1189  dominated_spread=392
[guards @ 12950 decisions] zero_damage:demoted=4435  guards_ran=3231  threat_obs_computed=2988  threat_obs_nonzero=2988  priority_block:demoted=1210  dominated_spread=402
[guards @ 13000 decisions] zero_damage:demoted=4513  guards_ran=3281  threat_obs_computed=3035  threat_obs_nonzero=3035  priority_block:demoted=1231  dominated_spread=408
[guards @ 13050 decisions] zero_damage:demoted=4565  guards_ran=3331  threat_obs_computed=3082  threat_obs_nonzero=3082  priority_block:demoted=1245  dominated_spread=419
[guards @ 13100 decisions] zero_damage:demoted=4631  guards_ran=3381  threat_obs_computed=3128  threat_obs_nonzero=3128  priority_block:demoted=1266  dominated_spread=424
[guards @ 13150 decisions] zero_damage:demoted=4695  guards_ran=3431  threat_obs_computed=3172  threat_obs_nonzero=3172  priority_block:demoted=1280  dominated_spread=431
[guards @ 13200 decisions] zero_damage:demoted=4773  guards_ran=3481  threat_obs_computed=3219  threat_obs_nonzero=3219  priority_block:demoted=1301  dominated_spread=435
[guards @ 13250 decisions] zero_damage:demoted=4825  guards_ran=3531  threat_obs_computed=3265  threat_obs_nonzero=3265  priority_block:demoted=1315  dominated_spread=445
[guards @ 13300 decisions] zero_damage:demoted=4903  guards_ran=3581  threat_obs_computed=3311  threat_obs_nonzero=3311  priority_block:demoted=1336  dominated_spread=449
[guards @ 13350 decisions] zero_damage:demoted=4969  guards_ran=3631  threat_obs_computed=3359  threat_obs_nonzero=3359  priority_block:demoted=1357  dominated_spread=462
[guards @ 13400 decisions] zero_damage:demoted=5047  guards_ran=3681  threat_obs_computed=3404  threat_obs_nonzero=3404  priority_block:demoted=1378  dominated_spread=467
[guards @ 13450 decisions] zero_damage:demoted=5099  guards_ran=3731  threat_obs_computed=3452  threat_obs_nonzero=3452  priority_block:demoted=1392  dominated_spread=471
[guards @ 13500 decisions] zero_damage:demoted=5163  guards_ran=3781  threat_obs_computed=3497  threat_obs_nonzero=3497  priority_block:demoted=1406  dominated_spread=477
[guards @ 13550 decisions] zero_damage:demoted=5241  guards_ran=3831  threat_obs_computed=3543  threat_obs_nonzero=3543  priority_block:demoted=1427  dominated_spread=486
[guards @ 13600 decisions] zero_damage:demoted=5293  guards_ran=3881  threat_obs_computed=3590  threat_obs_nonzero=3590  priority_block:demoted=1441  dominated_spread=495
[guards @ 13650 decisions] zero_damage:demoted=5371  guards_ran=3931  threat_obs_computed=3637  threat_obs_nonzero=3637  priority_block:demoted=1462  dominated_spread=501
[guards @ 13700 decisions] zero_damage:demoted=5449  guards_ran=3981  threat_obs_computed=3681  threat_obs_nonzero=3681  priority_block:demoted=1483  dominated_spread=508
[guards @ 13750 decisions] zero_damage:demoted=5515  guards_ran=4031  threat_obs_computed=3729  threat_obs_nonzero=3729  priority_block:demoted=1504  dominated_spread=515
[guards @ 13800 decisions] zero_damage:demoted=5579  guards_ran=4081  threat_obs_computed=3775  threat_obs_nonzero=3775  priority_block:demoted=1518  dominated_spread=521
[guards @ 13850 decisions] zero_damage:demoted=5645  guards_ran=4131  threat_obs_computed=3822  threat_obs_nonzero=3822  priority_block:demoted=1539  dominated_spread=528
[guards @ 13900 decisions] zero_damage:demoted=5709  guards_ran=4181  threat_obs_computed=3868  threat_obs_nonzero=3868  priority_block:demoted=1553  dominated_spread=536
[guards @ 13950 decisions] zero_damage:demoted=5787  guards_ran=4231  threat_obs_computed=3915  threat_obs_nonzero=3915  priority_block:demoted=1574  dominated_spread=542
[guards @ 14000 decisions] zero_damage:demoted=5839  guards_ran=4281  threat_obs_computed=3961  threat_obs_nonzero=3961  priority_block:demoted=1588  dominated_spread=545
[guards @ 14050 decisions] zero_damage:demoted=5891  guards_ran=4331  threat_obs_computed=4007  threat_obs_nonzero=4007  priority_block:demoted=1602  dominated_spread=551
[guards @ 14100 decisions] zero_damage:demoted=5969  guards_ran=4381  threat_obs_computed=4054  threat_obs_nonzero=4054  priority_block:demoted=1623  dominated_spread=558
[guards @ 14150 decisions] zero_damage:demoted=6047  guards_ran=4431  threat_obs_computed=4099  threat_obs_nonzero=4099  priority_block:demoted=1644  dominated_spread=564
[guards @ 14200 decisions] zero_damage:demoted=6127  guards_ran=4481  threat_obs_computed=4146  threat_obs_nonzero=4146  priority_block:demoted=1672  dominated_spread=568
[guards @ 14250 decisions] zero_damage:demoted=6179  guards_ran=4531  threat_obs_computed=4193  threat_obs_nonzero=4193  priority_block:demoted=1686  dominated_spread=577
[guards @ 14300 decisions] zero_damage:demoted=6231  guards_ran=4581  threat_obs_computed=4241  threat_obs_nonzero=4241  priority_block:demoted=1700  dominated_spread=585
[guards @ 14350 decisions] zero_damage:demoted=6309  guards_ran=4631  threat_obs_computed=4285  threat_obs_nonzero=4285  priority_block:demoted=1721  dominated_spread=593
[guards @ 14400 decisions] zero_damage:demoted=6361  guards_ran=4681  threat_obs_computed=4332  threat_obs_nonzero=4332  priority_block:demoted=1735  dominated_spread=599
[guards @ 14450 decisions] zero_damage:demoted=6439  guards_ran=4731  threat_obs_computed=4378  threat_obs_nonzero=4378  priority_block:demoted=1756  dominated_spread=605
[guards @ 14500 decisions] zero_damage:demoted=6517  guards_ran=4781  threat_obs_computed=4425  threat_obs_nonzero=4425  priority_block:demoted=1777  dominated_spread=609
[guards @ 14550 decisions] zero_damage:demoted=6569  guards_ran=4831  threat_obs_computed=4473  threat_obs_nonzero=4473  priority_block:demoted=1791  dominated_spread=623
[guards @ 14600 decisions] zero_damage:demoted=6621  guards_ran=4881  threat_obs_computed=4518  threat_obs_nonzero=4518  priority_block:demoted=1805  dominated_spread=627
[guards @ 14650 decisions] zero_damage:demoted=6673  guards_ran=4931  threat_obs_computed=4565  threat_obs_nonzero=4565  priority_block:demoted=1819  dominated_spread=634
[guards @ 14700 decisions] zero_damage:demoted=6725  guards_ran=4981  threat_obs_computed=4611  threat_obs_nonzero=4611  priority_block:demoted=1833  dominated_spread=637
[guards @ 14750 decisions] zero_damage:demoted=6779  guards_ran=5031  threat_obs_computed=4660  threat_obs_nonzero=4660  priority_block:demoted=1854  dominated_spread=646
[guards @ 14800 decisions] zero_damage:demoted=6857  guards_ran=5081  threat_obs_computed=4706  threat_obs_nonzero=4706  priority_block:demoted=1875  dominated_spread=655
[guards @ 14850 decisions] zero_damage:demoted=6935  guards_ran=5131  threat_obs_computed=4752  threat_obs_nonzero=4752  priority_block:demoted=1896  dominated_spread=663
[guards @ 14900 decisions] zero_damage:demoted=6975  guards_ran=5181  threat_obs_computed=4800  threat_obs_nonzero=4800  priority_block:demoted=1910  dominated_spread=670
[guards @ 14950 decisions] zero_damage:demoted=7065  guards_ran=5231  threat_obs_computed=4842  threat_obs_nonzero=4842  priority_block:demoted=1931  dominated_spread=674
[guards @ 15000 decisions] zero_damage:demoted=7117  guards_ran=5281  threat_obs_computed=4889  threat_obs_nonzero=4889  priority_block:demoted=1945  dominated_spread=679
[guards @ 15050 decisions] zero_damage:demoted=7169  guards_ran=5331  threat_obs_computed=4935  threat_obs_nonzero=4935  priority_block:demoted=1959  dominated_spread=683
[guards @ 15100 decisions] zero_damage:demoted=7235  guards_ran=5381  threat_obs_computed=4982  threat_obs_nonzero=4982  priority_block:demoted=1980  dominated_spread=689
[guards @ 15150 decisions] zero_damage:demoted=7299  guards_ran=5431  threat_obs_computed=5029  threat_obs_nonzero=5029  priority_block:demoted=1994  dominated_spread=696
[guards @ 15200 decisions] zero_damage:demoted=7365  guards_ran=5481  threat_obs_computed=5076  threat_obs_nonzero=5076  priority_block:demoted=2015  dominated_spread=704
[guards @ 15250 decisions] zero_damage:demoted=7429  guards_ran=5531  threat_obs_computed=5120  threat_obs_nonzero=5120  priority_block:demoted=2029  dominated_spread=711
[guards @ 15300 decisions] zero_damage:demoted=7481  guards_ran=5581  threat_obs_computed=5165  threat_obs_nonzero=5165  priority_block:demoted=2043  dominated_spread=714
[guards @ 15350 decisions] zero_damage:demoted=7559  guards_ran=5631  threat_obs_computed=5212  threat_obs_nonzero=5212  priority_block:demoted=2064  dominated_spread=723
[guards @ 15400 decisions] zero_damage:demoted=7625  guards_ran=5681  threat_obs_computed=5260  threat_obs_nonzero=5260  priority_block:demoted=2085  dominated_spread=732
[guards @ 15450 decisions] zero_damage:demoted=7689  guards_ran=5731  threat_obs_computed=5304  threat_obs_nonzero=5304  priority_block:demoted=2099  dominated_spread=740
[guards @ 15500 decisions] zero_damage:demoted=7767  guards_ran=5781  threat_obs_computed=5350  threat_obs_nonzero=5350  priority_block:demoted=2120  dominated_spread=745
[guards @ 15550 decisions] zero_damage:demoted=7819  guards_ran=5831  threat_obs_computed=5397  threat_obs_nonzero=5397  priority_block:demoted=2134  dominated_spread=756
[guards @ 15600 decisions] zero_damage:demoted=7897  guards_ran=5881  threat_obs_computed=5444  threat_obs_nonzero=5444  priority_block:demoted=2155  dominated_spread=760
[guards @ 15650 decisions] zero_damage:demoted=7975  guards_ran=5931  threat_obs_computed=5490  threat_obs_nonzero=5490  priority_block:demoted=2176  dominated_spread=766
[guards @ 15700 decisions] zero_damage:demoted=8027  guards_ran=5981  threat_obs_computed=5538  threat_obs_nonzero=5538  priority_block:demoted=2190  dominated_spread=775
[guards @ 15750 decisions] zero_damage:demoted=8105  guards_ran=6031  threat_obs_computed=5585  threat_obs_nonzero=5585  priority_block:demoted=2211  dominated_spread=782
[guards @ 15800 decisions] zero_damage:demoted=8183  guards_ran=6081  threat_obs_computed=5630  threat_obs_nonzero=5630  priority_block:demoted=2232  dominated_spread=785
[guards @ 15850 decisions] zero_damage:demoted=8237  guards_ran=6131  threat_obs_computed=5678  threat_obs_nonzero=5678  priority_block:demoted=2253  dominated_spread=790
[guards @ 15900 decisions] zero_damage:demoted=8289  guards_ran=6181  threat_obs_computed=5726  threat_obs_nonzero=5726  priority_block:demoted=2267  dominated_spread=793
[guards @ 15950 decisions] zero_damage:demoted=8367  guards_ran=6231  threat_obs_computed=5771  threat_obs_nonzero=5771  priority_block:demoted=2288  dominated_spread=801
[guards @ 16000 decisions] zero_damage:demoted=8419  guards_ran=6281  threat_obs_computed=5819  threat_obs_nonzero=5819  priority_block:demoted=2302  dominated_spread=807
[guards @ 16050 decisions] zero_damage:demoted=8485  guards_ran=6331  threat_obs_computed=5867  threat_obs_nonzero=5867  priority_block:demoted=2323  dominated_spread=822
[guards @ 16100 decisions] zero_damage:demoted=8563  guards_ran=6381  threat_obs_computed=5911  threat_obs_nonzero=5911  priority_block:demoted=2344  dominated_spread=829
[guards @ 16150 decisions] zero_damage:demoted=8641  guards_ran=6431  threat_obs_computed=5958  threat_obs_nonzero=5958  priority_block:demoted=2365  dominated_spread=833
[guards @ 16200 decisions] zero_damage:demoted=8705  guards_ran=6481  threat_obs_computed=6002  threat_obs_nonzero=6002  priority_block:demoted=2379  dominated_spread=838
[guards @ 16250 decisions] zero_damage:demoted=8757  guards_ran=6531  threat_obs_computed=6049  threat_obs_nonzero=6049  priority_block:demoted=2393  dominated_spread=846
[guards @ 16300 decisions] zero_damage:demoted=8849  guards_ran=6581  threat_obs_computed=6093  threat_obs_nonzero=6093  priority_block:demoted=2421  dominated_spread=851
[guards @ 16350 decisions] zero_damage:demoted=8913  guards_ran=6631  threat_obs_computed=6140  threat_obs_nonzero=6140  priority_block:demoted=2435  dominated_spread=859
[guards @ 16400 decisions] zero_damage:demoted=8965  guards_ran=6681  threat_obs_computed=6187  threat_obs_nonzero=6187  priority_block:demoted=2449  dominated_spread=863
[guards @ 16450 decisions] zero_damage:demoted=9017  guards_ran=6731  threat_obs_computed=6235  threat_obs_nonzero=6235  priority_block:demoted=2463  dominated_spread=866
[guards @ 16500 decisions] zero_damage:demoted=9095  guards_ran=6781  threat_obs_computed=6281  threat_obs_nonzero=6281  priority_block:demoted=2484  dominated_spread=870
[guards @ 16550 decisions] zero_damage:demoted=9147  guards_ran=6831  threat_obs_computed=6327  threat_obs_nonzero=6327  priority_block:demoted=2498  dominated_spread=875
[guards @ 16600 decisions] zero_damage:demoted=9225  guards_ran=6881  threat_obs_computed=6373  threat_obs_nonzero=6373  priority_block:demoted=2519  dominated_spread=881
[guards @ 16650 decisions] zero_damage:demoted=9303  guards_ran=6931  threat_obs_computed=6417  threat_obs_nonzero=6417  priority_block:demoted=2540  dominated_spread=885
[guards @ 16700 decisions] zero_damage:demoted=9383  guards_ran=6981  threat_obs_computed=6463  threat_obs_nonzero=6463  priority_block:demoted=2568  dominated_spread=890
[guards @ 16750 decisions] zero_damage:demoted=9461  guards_ran=7031  threat_obs_computed=6509  threat_obs_nonzero=6509  priority_block:demoted=2589  dominated_spread=896
[guards @ 16800 decisions] zero_damage:demoted=9513  guards_ran=7081  threat_obs_computed=6555  threat_obs_nonzero=6555  priority_block:demoted=2603  dominated_spread=902
[guards @ 16850 decisions] zero_damage:demoted=9579  guards_ran=7131  threat_obs_computed=6603  threat_obs_nonzero=6603  priority_block:demoted=2624  dominated_spread=906
[guards @ 16900 decisions] zero_damage:demoted=9657  guards_ran=7181  threat_obs_computed=6648  threat_obs_nonzero=6648  priority_block:demoted=2645  dominated_spread=911
[guards @ 16950 decisions] zero_damage:demoted=9721  guards_ran=7231  threat_obs_computed=6694  threat_obs_nonzero=6694  priority_block:demoted=2659  dominated_spread=917
[guards @ 17000 decisions] zero_damage:demoted=9787  guards_ran=7281  threat_obs_computed=6742  threat_obs_nonzero=6742  priority_block:demoted=2680  dominated_spread=922
[guards @ 17050 decisions] zero_damage:demoted=9857  guards_ran=7331  threat_obs_computed=6786  threat_obs_nonzero=6786  priority_block:demoted=2700  dominated_spread=927
[guards @ 17100 decisions] zero_damage:demoted=9883  guards_ran=7381  threat_obs_computed=6833  threat_obs_nonzero=6833  priority_block:demoted=2707  dominated_spread=931
[guards @ 17150 decisions] zero_damage:demoted=9987  guards_ran=7431  threat_obs_computed=6876  threat_obs_nonzero=6876  priority_block:demoted=2735  dominated_spread=935
[guards @ 17200 decisions] zero_damage:demoted=10039  guards_ran=7481  threat_obs_computed=6923  threat_obs_nonzero=6923  priority_block:demoted=2749  dominated_spread=938
[guards @ 17250 decisions] zero_damage:demoted=10117  guards_ran=7531  threat_obs_computed=6967  threat_obs_nonzero=6967  priority_block:demoted=2770  dominated_spread=944
[guards @ 17300 decisions] zero_damage:demoted=10169  guards_ran=7581  threat_obs_computed=7014  threat_obs_nonzero=7014  priority_block:demoted=2784  dominated_spread=948
[guards @ 17350 decisions] zero_damage:demoted=10247  guards_ran=7631  threat_obs_computed=7059  threat_obs_nonzero=7059  priority_block:demoted=2805  dominated_spread=954
[guards @ 17400 decisions] zero_damage:demoted=10287  guards_ran=7681  threat_obs_computed=7106  threat_obs_nonzero=7106  priority_block:demoted=2819  dominated_spread=958
[guards @ 17450 decisions] zero_damage:demoted=10351  guards_ran=7731  threat_obs_computed=7152  threat_obs_nonzero=7152  priority_block:demoted=2833  dominated_spread=963
[guards @ 17500 decisions] zero_damage:demoted=10403  guards_ran=7781  threat_obs_computed=7200  threat_obs_nonzero=7200  priority_block:demoted=2847  dominated_spread=965
[guards @ 17550 decisions] zero_damage:demoted=10483  guards_ran=7831  threat_obs_computed=7244  threat_obs_nonzero=7244  priority_block:demoted=2875  dominated_spread=970
[guards @ 17600 decisions] zero_damage:demoted=10535  guards_ran=7881  threat_obs_computed=7291  threat_obs_nonzero=7291  priority_block:demoted=2889  dominated_spread=977
[guards @ 17650 decisions] zero_damage:demoted=10601  guards_ran=7931  threat_obs_computed=7339  threat_obs_nonzero=7339  priority_block:demoted=2910  dominated_spread=984
[guards @ 17700 decisions] zero_damage:demoted=10665  guards_ran=7981  threat_obs_computed=7384  threat_obs_nonzero=7384  priority_block:demoted=2924  dominated_spread=993
[guards @ 17750 decisions] zero_damage:demoted=10743  guards_ran=8031  threat_obs_computed=7431  threat_obs_nonzero=7431  priority_block:demoted=2945  dominated_spread=1000
[guards @ 17800 decisions] zero_damage:demoted=10821  guards_ran=8081  threat_obs_computed=7478  threat_obs_nonzero=7478  priority_block:demoted=2966  dominated_spread=1005
[guards @ 17850 decisions] zero_damage:demoted=10887  guards_ran=8131  threat_obs_computed=7522  threat_obs_nonzero=7522  priority_block:demoted=2987  dominated_spread=1010
[guards @ 17900 decisions] zero_damage:demoted=10951  guards_ran=8181  threat_obs_computed=7566  threat_obs_nonzero=7566  priority_block:demoted=3001  dominated_spread=1018
[guards @ 17950 decisions] zero_damage:demoted=11003  guards_ran=8231  threat_obs_computed=7614  threat_obs_nonzero=7614  priority_block:demoted=3015  dominated_spread=1024
[guards @ 18000 decisions] zero_damage:demoted=11081  guards_ran=8281  threat_obs_computed=7660  threat_obs_nonzero=7660  priority_block:demoted=3036  dominated_spread=1029
[guards @ 18050 decisions] zero_damage:demoted=11159  guards_ran=8331  threat_obs_computed=7706  threat_obs_nonzero=7706  priority_block:demoted=3057  dominated_spread=1035
[guards @ 18100 decisions] zero_damage:demoted=11211  guards_ran=8381  threat_obs_computed=7753  threat_obs_nonzero=7753  priority_block:demoted=3071  dominated_spread=1040
[guards @ 18150 decisions] zero_damage:demoted=11289  guards_ran=8431  threat_obs_computed=7797  threat_obs_nonzero=7797  priority_block:demoted=3092  dominated_spread=1044
[guards @ 18200 decisions] zero_damage:demoted=11355  guards_ran=8481  threat_obs_computed=7845  threat_obs_nonzero=7845  priority_block:demoted=3113  dominated_spread=1048
[guards @ 18250 decisions] zero_damage:demoted=11419  guards_ran=8531  threat_obs_computed=7892  threat_obs_nonzero=7892  priority_block:demoted=3127  dominated_spread=1053
[guards @ 18300 decisions] zero_damage:demoted=11471  guards_ran=8581  threat_obs_computed=7940  threat_obs_nonzero=7940  priority_block:demoted=3141  dominated_spread=1062
[guards @ 18350 decisions] zero_damage:demoted=11577  guards_ran=8631  threat_obs_computed=7986  threat_obs_nonzero=7986  priority_block:demoted=3176  dominated_spread=1069
[guards @ 18400 decisions] zero_damage:demoted=11617  guards_ran=8681  threat_obs_computed=8032  threat_obs_nonzero=8032  priority_block:demoted=3190  dominated_spread=1076
[guards @ 18450 decisions] zero_damage:demoted=11681  guards_ran=8731  threat_obs_computed=8077  threat_obs_nonzero=8077  priority_block:demoted=3204  dominated_spread=1082
[guards @ 18500 decisions] zero_damage:demoted=11733  guards_ran=8781  threat_obs_computed=8123  threat_obs_nonzero=8123  priority_block:demoted=3218  dominated_spread=1090
[guards @ 18550 decisions] zero_damage:demoted=11811  guards_ran=8831  threat_obs_computed=8168  threat_obs_nonzero=8168  priority_block:demoted=3239  dominated_spread=1096
[guards @ 18600 decisions] zero_damage:demoted=11889  guards_ran=8881  threat_obs_computed=8215  threat_obs_nonzero=8215  priority_block:demoted=3260  dominated_spread=1104
[guards @ 18650 decisions] zero_damage:demoted=11941  guards_ran=8931  threat_obs_computed=8261  threat_obs_nonzero=8261  priority_block:demoted=3274  dominated_spread=1109
[guards @ 18700 decisions] zero_damage:demoted=12033  guards_ran=8981  threat_obs_computed=8305  threat_obs_nonzero=8305  priority_block:demoted=3302  dominated_spread=1114
[guards @ 18750 decisions] zero_damage:demoted=12085  guards_ran=9031  threat_obs_computed=8352  threat_obs_nonzero=8352  priority_block:demoted=3316  dominated_spread=1119
[guards @ 18800 decisions] zero_damage:demoted=12175  guards_ran=9081  threat_obs_computed=8397  threat_obs_nonzero=8397  priority_block:demoted=3337  dominated_spread=1124
[guards @ 18850 decisions] zero_damage:demoted=12227  guards_ran=9131  threat_obs_computed=8444  threat_obs_nonzero=8444  priority_block:demoted=3351  dominated_spread=1131
[guards @ 18900 decisions] zero_damage:demoted=12305  guards_ran=9181  threat_obs_computed=8490  threat_obs_nonzero=8490  priority_block:demoted=3372  dominated_spread=1138
[guards @ 18950 decisions] zero_damage:demoted=12357  guards_ran=9231  threat_obs_computed=8538  threat_obs_nonzero=8538  priority_block:demoted=3386  dominated_spread=1144
[guards @ 19000 decisions] zero_damage:demoted=12409  guards_ran=9281  threat_obs_computed=8586  threat_obs_nonzero=8586  priority_block:demoted=3400  dominated_spread=1153
[guards @ 19050 decisions] zero_damage:demoted=12487  guards_ran=9331  threat_obs_computed=8629  threat_obs_nonzero=8629  priority_block:demoted=3421  dominated_spread=1158
[guards @ 19100 decisions] zero_damage:demoted=12565  guards_ran=9381  threat_obs_computed=8675  threat_obs_nonzero=8675  priority_block:demoted=3442  dominated_spread=1163
[guards @ 19150 decisions] zero_damage:demoted=12643  guards_ran=9431  threat_obs_computed=8720  threat_obs_nonzero=8720  priority_block:demoted=3463  dominated_spread=1177
[guards @ 19200 decisions] zero_damage:demoted=12723  guards_ran=9481  threat_obs_computed=8765  threat_obs_nonzero=8765  priority_block:demoted=3491  dominated_spread=1183
[guards @ 19250 decisions] zero_damage:demoted=12775  guards_ran=9531  threat_obs_computed=8812  threat_obs_nonzero=8812  priority_block:demoted=3505  dominated_spread=1187
[guards @ 19300 decisions] zero_damage:demoted=12853  guards_ran=9581  threat_obs_computed=8858  threat_obs_nonzero=8858  priority_block:demoted=3526  dominated_spread=1193
[guards @ 19350 decisions] zero_damage:demoted=12919  guards_ran=9631  threat_obs_computed=8902  threat_obs_nonzero=8902  priority_block:demoted=3547  dominated_spread=1198
[guards @ 19400 decisions] zero_damage:demoted=12971  guards_ran=9681  threat_obs_computed=8947  threat_obs_nonzero=8947  priority_block:demoted=3561  dominated_spread=1204
[guards @ 19450 decisions] zero_damage:demoted=13035  guards_ran=9731  threat_obs_computed=8994  threat_obs_nonzero=8994  priority_block:demoted=3575  dominated_spread=1212
block hidden=False a_first=False: A 242.0/500; running A 49.1% [46.0, 52.2]
[guards @ 19500 decisions] priority_block_prior:demoted=72  guards_ran=28  threat_obs_computed=24  threat_obs_nonzero=24  learned_preview=8  dominated_spread=3
[guards @ 19550 decisions] priority_block_prior:demoted=126  guards_ran=78  threat_obs_computed=71  threat_obs_nonzero=71  learned_preview=14  dominated_spread=9
[guards @ 19600 decisions] priority_block_prior:demoted=162  guards_ran=128  threat_obs_computed=115  threat_obs_nonzero=115  learned_preview=18  dominated_spread=13
[guards @ 19650 decisions] priority_block_prior:demoted=198  guards_ran=178  threat_obs_computed=162  threat_obs_nonzero=162  learned_preview=22  dominated_attack=16
[guards @ 19700 decisions] priority_block_prior:demoted=234  guards_ran=228  threat_obs_computed=209  threat_obs_nonzero=209  learned_preview=26  dominated_attack=19
[guards @ 19750 decisions] guards_ran=278  priority_block_prior:demoted=270  threat_obs_computed=256  threat_obs_nonzero=256  learned_preview=32  dominated_attack=25
[guards @ 19800 decisions] guards_ran=328  priority_block_prior:demoted=324  threat_obs_computed=301  threat_obs_nonzero=301  learned_preview=36  dominated_spread=26
[guards @ 19850 decisions] guards_ran=378  priority_block_prior:demoted=360  threat_obs_computed=349  threat_obs_nonzero=349  learned_preview=40  dominated_attack=32
[guards @ 19900 decisions] guards_ran=428  priority_block_prior:demoted=408  threat_obs_computed=397  threat_obs_nonzero=397  learned_preview=46  resisted_target=36
[guards @ 19950 decisions] guards_ran=478  priority_block_prior:demoted=450  threat_obs_computed=441  threat_obs_nonzero=441  learned_preview=50  dominated_attack=39
[guards @ 20000 decisions] guards_ran=528  threat_obs_computed=489  threat_obs_nonzero=489  priority_block_prior:demoted=486  learned_preview=54  resisted_target=43
[guards @ 20050 decisions] guards_ran=578  priority_block_prior:demoted=540  threat_obs_computed=535  threat_obs_nonzero=535  learned_preview=60  resisted_target=47
[guards @ 20100 decisions] guards_ran=628  threat_obs_computed=581  threat_obs_nonzero=581  priority_block_prior:demoted=576  learned_preview=64  resisted_target=52
[guards @ 20150 decisions] guards_ran=678  priority_block_prior:demoted=630  threat_obs_computed=626  threat_obs_nonzero=626  learned_preview=70  resisted_target=59
[guards @ 20200 decisions] guards_ran=728  threat_obs_computed=674  threat_obs_nonzero=674  priority_block_prior:demoted=666  learned_preview=74  resisted_target=61
[guards @ 20250 decisions] guards_ran=778  threat_obs_computed=721  threat_obs_nonzero=721  priority_block_prior:demoted=702  learned_preview=80  resisted_target=68
[guards @ 20300 decisions] guards_ran=828  threat_obs_computed=766  threat_obs_nonzero=766  priority_block_prior:demoted=756  learned_preview=84  resisted_target=68
[guards @ 20350 decisions] guards_ran=878  threat_obs_computed=814  threat_obs_nonzero=814  priority_block_prior:demoted=792  learned_preview=88  resisted_target=72
[guards @ 20400 decisions] guards_ran=928  threat_obs_computed=861  threat_obs_nonzero=861  priority_block_prior:demoted=828  learned_preview=94  resisted_target=77
[guards @ 20450 decisions] guards_ran=978  threat_obs_computed=907  threat_obs_nonzero=907  priority_block_prior:demoted=882  learned_preview=98  dominated_attack=84
[guards @ 20500 decisions] guards_ran=1028  threat_obs_computed=954  threat_obs_nonzero=954  priority_block_prior:demoted=918  learned_preview=104  dominated_attack=91
[guards @ 20550 decisions] guards_ran=1078  threat_obs_computed=1000  threat_obs_nonzero=1000  priority_block_prior:demoted=972  learned_preview=108  dominated_attack=96
[guards @ 20600 decisions] guards_ran=1128  threat_obs_computed=1048  threat_obs_nonzero=1048  priority_block_prior:demoted=1008  learned_preview=112  dominated_attack=100
[guards @ 20650 decisions] guards_ran=1178  threat_obs_computed=1094  threat_obs_nonzero=1094  priority_block_prior:demoted=1056  learned_preview=118  dominated_attack=104
[guards @ 20700 decisions] guards_ran=1228  threat_obs_computed=1139  threat_obs_nonzero=1139  priority_block_prior:demoted=1098  learned_preview=124  dominated_attack=110
[guards @ 20750 decisions] guards_ran=1278  threat_obs_computed=1185  threat_obs_nonzero=1185  priority_block_prior:demoted=1152  learned_preview=128  dominated_attack=121
[guards @ 20800 decisions] guards_ran=1328  threat_obs_computed=1232  threat_obs_nonzero=1232  priority_block_prior:demoted=1188  learned_preview=132  dominated_attack=125
[guards @ 20850 decisions] guards_ran=1378  threat_obs_computed=1278  threat_obs_nonzero=1278  priority_block_prior:demoted=1242  learned_preview=138  dominated_attack=130
[guards @ 20900 decisions] guards_ran=1428  threat_obs_computed=1325  threat_obs_nonzero=1325  priority_block_prior:demoted=1278  learned_preview=142  dominated_attack=137
[guards @ 20950 decisions] guards_ran=1478  threat_obs_computed=1369  threat_obs_nonzero=1369  priority_block_prior:demoted=1314  learned_preview=148  dominated_attack=139
[guards @ 21000 decisions] guards_ran=1528  threat_obs_computed=1416  threat_obs_nonzero=1416  priority_block_prior:demoted=1362  learned_preview=152  dominated_attack=140
[guards @ 21050 decisions] guards_ran=1578  threat_obs_computed=1463  threat_obs_nonzero=1463  priority_block_prior:demoted=1404  learned_preview=156  dominated_attack=147
[guards @ 21100 decisions] guards_ran=1628  threat_obs_computed=1509  threat_obs_nonzero=1509  priority_block_prior:demoted=1440  learned_preview=162  dominated_attack=154
[guards @ 21150 decisions] guards_ran=1678  threat_obs_computed=1554  threat_obs_nonzero=1554  priority_block_prior:demoted=1476  learned_preview=166  dominated_attack=159
[guards @ 21200 decisions] guards_ran=1728  threat_obs_computed=1600  threat_obs_nonzero=1600  priority_block_prior:demoted=1530  learned_preview=170  dominated_attack=164
[guards @ 21250 decisions] guards_ran=1778  threat_obs_computed=1647  threat_obs_nonzero=1647  priority_block_prior:demoted=1566  learned_preview=174  dominated_attack=169
[guards @ 21300 decisions] guards_ran=1828  threat_obs_computed=1695  threat_obs_nonzero=1695  priority_block_prior:demoted=1602  learned_preview=178  dominated_attack=175
[guards @ 21350 decisions] guards_ran=1878  threat_obs_computed=1742  threat_obs_nonzero=1742  priority_block_prior:demoted=1638  learned_preview=184  dominated_attack=183
[guards @ 21400 decisions] guards_ran=1928  threat_obs_computed=1787  threat_obs_nonzero=1787  priority_block_prior:demoted=1692  dominated_attack=189  dominated_attack:promoted:demoted=189
[guards @ 21450 decisions] guards_ran=1978  threat_obs_computed=1833  threat_obs_nonzero=1833  priority_block_prior:demoted=1728  dominated_attack=196  dominated_attack:promoted:demoted=196
[guards @ 21500 decisions] guards_ran=2028  threat_obs_computed=1878  threat_obs_nonzero=1878  priority_block_prior:demoted=1764  dominated_attack=200  dominated_attack:promoted:demoted=200
[guards @ 21550 decisions] guards_ran=2078  threat_obs_computed=1925  threat_obs_nonzero=1925  priority_block_prior:demoted=1818  dominated_attack=205  dominated_attack:promoted:demoted=205
[guards @ 21600 decisions] guards_ran=2128  threat_obs_computed=1972  threat_obs_nonzero=1972  priority_block_prior:demoted=1848  dominated_attack=210  dominated_attack:promoted:demoted=210
[guards @ 21650 decisions] guards_ran=2178  threat_obs_computed=2018  threat_obs_nonzero=2018  priority_block_prior:demoted=1890  dominated_attack=215  dominated_attack:promoted:demoted=215
[guards @ 21700 decisions] guards_ran=2228  threat_obs_computed=2066  threat_obs_nonzero=2066  priority_block_prior:demoted=1926  dominated_attack=226  dominated_attack:promoted:demoted=226
[guards @ 21750 decisions] guards_ran=2278  threat_obs_computed=2112  threat_obs_nonzero=2112  priority_block_prior:demoted=1962  dominated_attack=230  dominated_attack:promoted:demoted=230
[guards @ 21800 decisions] guards_ran=2328  threat_obs_computed=2158  threat_obs_nonzero=2158  priority_block_prior:demoted=2016  dominated_attack=234  dominated_attack:promoted:demoted=234
[guards @ 21850 decisions] guards_ran=2378  threat_obs_computed=2203  threat_obs_nonzero=2203  priority_block_prior:demoted=2052  dominated_attack=236  dominated_attack:promoted:demoted=236
[guards @ 21900 decisions] guards_ran=2428  threat_obs_computed=2250  threat_obs_nonzero=2250  priority_block_prior:demoted=2088  dominated_attack=238  dominated_attack:promoted:demoted=238
[guards @ 21950 decisions] guards_ran=2478  threat_obs_computed=2296  threat_obs_nonzero=2296  priority_block_prior:demoted=2136  dominated_attack=242  dominated_attack:promoted:demoted=242
[guards @ 22000 decisions] guards_ran=2528  threat_obs_computed=2341  threat_obs_nonzero=2341  priority_block_prior:demoted=2178  dominated_attack=245  dominated_attack:promoted:demoted=245
[guards @ 22050 decisions] guards_ran=2578  threat_obs_computed=2386  threat_obs_nonzero=2386  priority_block_prior:demoted=2232  dominated_attack=249  dominated_attack:promoted:demoted=249
[guards @ 22100 decisions] guards_ran=2628  threat_obs_computed=2432  threat_obs_nonzero=2432  priority_block_prior:demoted=2268  dominated_attack=257  dominated_attack:promoted:demoted=257
[guards @ 22150 decisions] guards_ran=2678  threat_obs_computed=2479  threat_obs_nonzero=2479  priority_block_prior:demoted=2316  dominated_attack=267  dominated_attack:promoted:demoted=267
[guards @ 22200 decisions] guards_ran=2728  threat_obs_computed=2523  threat_obs_nonzero=2523  priority_block_prior:demoted=2358  dominated_attack=271  dominated_attack:promoted:demoted=271
[guards @ 22250 decisions] guards_ran=2778  threat_obs_computed=2570  threat_obs_nonzero=2570  priority_block_prior:demoted=2394  dominated_attack=277  dominated_attack:promoted:demoted=277
[guards @ 22300 decisions] guards_ran=2828  threat_obs_computed=2616  threat_obs_nonzero=2616  priority_block_prior:demoted=2442  dominated_attack=285  dominated_attack:promoted:demoted=285
[guards @ 22350 decisions] guards_ran=2878  threat_obs_computed=2663  threat_obs_nonzero=2663  priority_block_prior:demoted=2484  dominated_attack=288  dominated_attack:promoted:demoted=288
[guards @ 22400 decisions] guards_ran=2928  threat_obs_computed=2710  threat_obs_nonzero=2710  priority_block_prior:demoted=2520  dominated_attack=296  dominated_attack:promoted:demoted=296
[guards @ 22450 decisions] guards_ran=2978  threat_obs_computed=2757  threat_obs_nonzero=2757  priority_block_prior:demoted=2556  dominated_attack=296  dominated_attack:promoted:demoted=296
[guards @ 22500 decisions] guards_ran=3028  threat_obs_computed=2805  threat_obs_nonzero=2805  priority_block_prior:demoted=2592  dominated_attack=301  dominated_attack:promoted:demoted=301
[guards @ 22550 decisions] guards_ran=3078  threat_obs_computed=2851  threat_obs_nonzero=2851  priority_block_prior:demoted=2640  dominated_attack=304  dominated_attack:promoted:demoted=304
[guards @ 22600 decisions] guards_ran=3128  threat_obs_computed=2897  threat_obs_nonzero=2897  priority_block_prior:demoted=2682  dominated_attack=305  dominated_attack:promoted:demoted=305
[guards @ 22650 decisions] guards_ran=3178  threat_obs_computed=2941  threat_obs_nonzero=2941  priority_block_prior:demoted=2736  dominated_attack=308  dominated_attack:promoted:demoted=308
[guards @ 22700 decisions] guards_ran=3228  threat_obs_computed=2987  threat_obs_nonzero=2987  priority_block_prior:demoted=2772  dominated_attack=314  dominated_attack:promoted:demoted=314
[guards @ 22750 decisions] guards_ran=3278  threat_obs_computed=3034  threat_obs_nonzero=3034  priority_block_prior:demoted=2808  dominated_attack=318  dominated_attack:promoted:demoted=318
[guards @ 22800 decisions] guards_ran=3328  threat_obs_computed=3078  threat_obs_nonzero=3078  priority_block_prior:demoted=2862  dominated_attack=321  dominated_attack:promoted:demoted=321
[guards @ 22850 decisions] guards_ran=3378  threat_obs_computed=3124  threat_obs_nonzero=3124  priority_block_prior:demoted=2898  dominated_attack=327  dominated_attack:promoted:demoted=327
[guards @ 22900 decisions] guards_ran=3428  threat_obs_computed=3169  threat_obs_nonzero=3169  priority_block_prior:demoted=2962  dominated_attack=331  dominated_attack:promoted:demoted=331
[guards @ 22950 decisions] guards_ran=3478  threat_obs_computed=3217  threat_obs_nonzero=3217  priority_block_prior:demoted=2998  learned_preview=334  dominated_attack=333
[guards @ 23000 decisions] guards_ran=3528  threat_obs_computed=3263  threat_obs_nonzero=3263  priority_block_prior:demoted=3042  learned_preview=338  dominated_attack=335
[guards @ 23050 decisions] guards_ran=3578  threat_obs_computed=3308  threat_obs_nonzero=3308  priority_block_prior:demoted=3096  learned_preview=342  dominated_attack=340
[guards @ 23100 decisions] guards_ran=3628  threat_obs_computed=3355  threat_obs_nonzero=3355  priority_block_prior:demoted=3140  learned_preview=348  dominated_attack=345
[guards @ 23150 decisions] guards_ran=3678  threat_obs_computed=3402  threat_obs_nonzero=3402  priority_block_prior:demoted=3176  learned_preview=352  dominated_attack=352
[guards @ 23200 decisions] guards_ran=3728  threat_obs_computed=3448  threat_obs_nonzero=3448  priority_block_prior:demoted=3212  learned_preview=356  dominated_attack=356
[guards @ 23250 decisions] guards_ran=3778  threat_obs_computed=3491  threat_obs_nonzero=3491  priority_block_prior:demoted=3266  learned_preview=360  dominated_attack=358
[guards @ 23300 decisions] guards_ran=3828  threat_obs_computed=3538  threat_obs_nonzero=3538  priority_block_prior:demoted=3302  learned_preview=366  dominated_attack=364
[guards @ 23350 decisions] guards_ran=3878  threat_obs_computed=3583  threat_obs_nonzero=3583  priority_block_prior:demoted=3356  learned_preview=370  dominated_attack=367
[guards @ 23400 decisions] guards_ran=3928  threat_obs_computed=3629  threat_obs_nonzero=3629  priority_block_prior:demoted=3392  learned_preview=376  dominated_attack=368
[guards @ 23450 decisions] guards_ran=3978  threat_obs_computed=3676  threat_obs_nonzero=3676  priority_block_prior:demoted=3446  learned_preview=380  dominated_attack=370
[guards @ 23500 decisions] guards_ran=4028  threat_obs_computed=3722  threat_obs_nonzero=3722  priority_block_prior:demoted=3482  learned_preview=384  dominated_attack=376
[guards @ 23550 decisions] guards_ran=4078  threat_obs_computed=3770  threat_obs_nonzero=3770  priority_block_prior:demoted=3530  learned_preview=390  dominated_attack=382
[guards @ 23600 decisions] guards_ran=4128  threat_obs_computed=3816  threat_obs_nonzero=3816  priority_block_prior:demoted=3572  learned_preview=394  dominated_attack=393
[guards @ 23650 decisions] guards_ran=4178  threat_obs_computed=3863  threat_obs_nonzero=3863  priority_block_prior:demoted=3608  learned_preview=398  dominated_attack=396
[guards @ 23700 decisions] guards_ran=4228  threat_obs_computed=3910  threat_obs_nonzero=3910  priority_block_prior:demoted=3662  learned_preview=404  dominated_attack=403
[guards @ 23750 decisions] guards_ran=4278  threat_obs_computed=3956  threat_obs_nonzero=3956  priority_block_prior:demoted=3710  learned_preview=410  dominated_attack=410
[guards @ 23800 decisions] guards_ran=4328  threat_obs_computed=4002  threat_obs_nonzero=4002  priority_block_prior:demoted=3752  learned_preview=414  dominated_attack=414
[guards @ 23850 decisions] guards_ran=4378  threat_obs_computed=4049  threat_obs_nonzero=4049  priority_block_prior:demoted=3806  learned_preview=420  dominated_attack=417
[guards @ 23900 decisions] guards_ran=4428  threat_obs_computed=4095  threat_obs_nonzero=4095  priority_block_prior:demoted=3842  learned_preview=424  dominated_attack=419
[guards @ 23950 decisions] guards_ran=4478  threat_obs_computed=4142  threat_obs_nonzero=4142  priority_block_prior:demoted=3878  learned_preview=428  dominated_attack=424
[guards @ 24000 decisions] guards_ran=4528  threat_obs_computed=4189  threat_obs_nonzero=4189  priority_block_prior:demoted=3926  dominated_attack=435  dominated_attack:promoted:demoted=435
[guards @ 24050 decisions] guards_ran=4578  threat_obs_computed=4235  threat_obs_nonzero=4235  priority_block_prior:demoted=3968  dominated_attack=439  dominated_attack:promoted:demoted=439
[guards @ 24100 decisions] guards_ran=4628  threat_obs_computed=4277  threat_obs_nonzero=4277  priority_block_prior:demoted=4004  learned_preview=442  dominated_attack=441
[guards @ 24150 decisions] guards_ran=4678  threat_obs_computed=4324  threat_obs_nonzero=4324  priority_block_prior:demoted=4058  learned_preview=448  dominated_attack=445
[guards @ 24200 decisions] guards_ran=4728  threat_obs_computed=4372  threat_obs_nonzero=4372  priority_block_prior:demoted=4094  dominated_attack=453  dominated_attack:promoted:demoted=453
[guards @ 24250 decisions] guards_ran=4778  threat_obs_computed=4420  threat_obs_nonzero=4420  priority_block_prior:demoted=4112  learned_preview=456  dominated_attack=454
[guards @ 24300 decisions] guards_ran=4828  threat_obs_computed=4467  threat_obs_nonzero=4467  priority_block_prior:demoted=4166  dominated_attack=461  dominated_attack:promoted:demoted=461
[guards @ 24350 decisions] guards_ran=4878  threat_obs_computed=4516  threat_obs_nonzero=4516  priority_block_prior:demoted=4196  dominated_attack=469  dominated_attack:promoted:demoted=469
[guards @ 24400 decisions] guards_ran=4928  threat_obs_computed=4562  threat_obs_nonzero=4562  priority_block_prior:demoted=4220  dominated_attack=475  dominated_attack:promoted:demoted=475
[guards @ 24450 decisions] guards_ran=4978  threat_obs_computed=4607  threat_obs_nonzero=4607  priority_block_prior:demoted=4274  dominated_attack=479  dominated_attack:promoted:demoted=479
[guards @ 24500 decisions] guards_ran=5028  threat_obs_computed=4653  threat_obs_nonzero=4653  priority_block_prior:demoted=4310  dominated_attack=484  dominated_attack:promoted:demoted=484
[guards @ 24550 decisions] guards_ran=5078  threat_obs_computed=4700  threat_obs_nonzero=4700  priority_block_prior:demoted=4364  dominated_attack=488  dominated_attack:promoted:demoted=488
[guards @ 24600 decisions] guards_ran=5128  threat_obs_computed=4746  threat_obs_nonzero=4746  priority_block_prior:demoted=4400  dominated_attack=489  dominated_attack:promoted:demoted=489
[guards @ 24650 decisions] guards_ran=5178  threat_obs_computed=4793  threat_obs_nonzero=4793  priority_block_prior:demoted=4436  dominated_attack=494  dominated_attack:promoted:demoted=494
[guards @ 24700 decisions] guards_ran=5228  threat_obs_computed=4840  threat_obs_nonzero=4840  priority_block_prior:demoted=4490  dominated_attack=499  dominated_attack:promoted:demoted=499
[guards @ 24750 decisions] guards_ran=5278  threat_obs_computed=4887  threat_obs_nonzero=4887  priority_block_prior:demoted=4532  dominated_attack=504  dominated_attack:promoted:demoted=504
[guards @ 24800 decisions] guards_ran=5328  threat_obs_computed=4932  threat_obs_nonzero=4932  priority_block_prior:demoted=4586  learned_preview=506  dominated_attack=506
[guards @ 24850 decisions] guards_ran=5378  threat_obs_computed=4978  threat_obs_nonzero=4978  priority_block_prior:demoted=4634  learned_preview=512  dominated_attack=510
[guards @ 24900 decisions] guards_ran=5428  threat_obs_computed=5022  threat_obs_nonzero=5022  priority_block_prior:demoted=4676  learned_preview=516  dominated_attack=513
[guards @ 24950 decisions] guards_ran=5478  threat_obs_computed=5070  threat_obs_nonzero=5070  priority_block_prior:demoted=4712  learned_preview=522  dominated_attack=518
[guards @ 25000 decisions] guards_ran=5528  threat_obs_computed=5118  threat_obs_nonzero=5118  priority_block_prior:demoted=4748  learned_preview=526  dominated_attack=520
[guards @ 25050 decisions] guards_ran=5578  threat_obs_computed=5165  threat_obs_nonzero=5165  priority_block_prior:demoted=4802  learned_preview=530  dominated_attack=525
[guards @ 25100 decisions] guards_ran=5628  threat_obs_computed=5212  threat_obs_nonzero=5212  priority_block_prior:demoted=4838  learned_preview=534  dominated_attack=534
[guards @ 25150 decisions] guards_ran=5678  threat_obs_computed=5259  threat_obs_nonzero=5259  priority_block_prior:demoted=4874  learned_preview=538  dominated_attack=537
[guards @ 25200 decisions] guards_ran=5728  threat_obs_computed=5307  threat_obs_nonzero=5307  priority_block_prior:demoted=4910  learned_preview=544  dominated_attack=542
[guards @ 25250 decisions] guards_ran=5778  threat_obs_computed=5353  threat_obs_nonzero=5353  priority_block_prior:demoted=4964  learned_preview=548  dominated_attack=548
[guards @ 25300 decisions] guards_ran=5828  threat_obs_computed=5399  threat_obs_nonzero=5399  priority_block_prior:demoted=5000  learned_preview=552  dominated_attack=550
[guards @ 25350 decisions] guards_ran=5878  threat_obs_computed=5444  threat_obs_nonzero=5444  priority_block_prior:demoted=5048  learned_preview=558  dominated_attack=551
[guards @ 25400 decisions] guards_ran=5928  threat_obs_computed=5491  threat_obs_nonzero=5491  priority_block_prior:demoted=5090  learned_preview=562  dominated_attack=554
[guards @ 25450 decisions] guards_ran=5978  threat_obs_computed=5537  threat_obs_nonzero=5537  priority_block_prior:demoted=5144  learned_preview=568  dominated_attack=556
[guards @ 25500 decisions] guards_ran=6028  threat_obs_computed=5583  threat_obs_nonzero=5583  priority_block_prior:demoted=5180  learned_preview=572  dominated_attack=560
[guards @ 25550 decisions] guards_ran=6078  threat_obs_computed=5630  threat_obs_nonzero=5630  priority_block_prior:demoted=5216  learned_preview=576  dominated_attack=566
[guards @ 25600 decisions] guards_ran=6128  threat_obs_computed=5676  threat_obs_nonzero=5676  priority_block_prior:demoted=5252  learned_preview=582  dominated_attack=573
[guards @ 25650 decisions] guards_ran=6178  threat_obs_computed=5722  threat_obs_nonzero=5722  priority_block_prior:demoted=5300  learned_preview=586  dominated_attack=581
[guards @ 25700 decisions] guards_ran=6228  threat_obs_computed=5767  threat_obs_nonzero=5767  priority_block_prior:demoted=5342  learned_preview=590  dominated_attack=587
[guards @ 25750 decisions] guards_ran=6278  threat_obs_computed=5812  threat_obs_nonzero=5812  priority_block_prior:demoted=5390  learned_preview=596  dominated_attack=587
[guards @ 25800 decisions] guards_ran=6328  threat_obs_computed=5860  threat_obs_nonzero=5860  priority_block_prior:demoted=5426  learned_preview=600  dominated_attack=595
[guards @ 25850 decisions] guards_ran=6378  threat_obs_computed=5906  threat_obs_nonzero=5906  priority_block_prior:demoted=5468  learned_preview=604  dominated_attack=604
[guards @ 25900 decisions] guards_ran=6428  threat_obs_computed=5952  threat_obs_nonzero=5952  priority_block_prior:demoted=5504  learned_preview=610  dominated_attack=608
[guards @ 25950 decisions] guards_ran=6478  threat_obs_computed=5997  threat_obs_nonzero=5997  priority_block_prior:demoted=5558  learned_preview=614  dominated_attack=609
[guards @ 26000 decisions] guards_ran=6528  threat_obs_computed=6045  threat_obs_nonzero=6045  priority_block_prior:demoted=5594  learned_preview=618  dominated_attack=613
[guards @ 26050 decisions] guards_ran=6578  threat_obs_computed=6093  threat_obs_nonzero=6093  priority_block_prior:demoted=5630  learned_preview=622  dominated_attack=615
[guards @ 26100 decisions] guards_ran=6628  threat_obs_computed=6138  threat_obs_nonzero=6138  priority_block_prior:demoted=5684  learned_preview=628  dominated_attack=618
[guards @ 26150 decisions] guards_ran=6678  threat_obs_computed=6185  threat_obs_nonzero=6185  priority_block_prior:demoted=5720  learned_preview=632  dominated_attack=623
[guards @ 26200 decisions] guards_ran=6728  threat_obs_computed=6231  threat_obs_nonzero=6231  priority_block_prior:demoted=5756  learned_preview=638  dominated_attack=629
[guards @ 26250 decisions] guards_ran=6778  threat_obs_computed=6277  threat_obs_nonzero=6277  priority_block_prior:demoted=5792  learned_preview=640  dominated_attack=636
[guards @ 26300 decisions] guards_ran=6828  threat_obs_computed=6323  threat_obs_nonzero=6323  priority_block_prior:demoted=5854  learned_preview=648  dominated_attack=639
[guards @ 26350 decisions] guards_ran=6878  threat_obs_computed=6370  threat_obs_nonzero=6370  priority_block_prior:demoted=5902  learned_preview=652  dominated_attack=642
[guards @ 26400 decisions] guards_ran=6928  threat_obs_computed=6415  threat_obs_nonzero=6415  priority_block_prior:demoted=5926  learned_preview=656  dominated_attack=645
[guards @ 26450 decisions] guards_ran=6978  threat_obs_computed=6462  threat_obs_nonzero=6462  priority_block_prior:demoted=5980  learned_preview=662  dominated_attack=647
[guards @ 26500 decisions] guards_ran=7028  threat_obs_computed=6507  threat_obs_nonzero=6507  priority_block_prior:demoted=6034  learned_preview=666  dominated_attack=649
[guards @ 26550 decisions] guards_ran=7078  threat_obs_computed=6552  threat_obs_nonzero=6552  priority_block_prior:demoted=6088  learned_preview=672  dominated_attack=654
[guards @ 26600 decisions] guards_ran=7128  threat_obs_computed=6599  threat_obs_nonzero=6599  priority_block_prior:demoted=6124  learned_preview=676  dominated_attack=659
[guards @ 26650 decisions] guards_ran=7178  threat_obs_computed=6645  threat_obs_nonzero=6645  priority_block_prior:demoted=6178  learned_preview=682  dominated_attack=664
[guards @ 26700 decisions] guards_ran=7228  threat_obs_computed=6691  threat_obs_nonzero=6691  priority_block_prior:demoted=6214  learned_preview=686  dominated_attack=667
[guards @ 26750 decisions] guards_ran=7278  threat_obs_computed=6739  threat_obs_nonzero=6739  priority_block_prior:demoted=6250  learned_preview=690  dominated_attack=669
[guards @ 26800 decisions] guards_ran=7328  threat_obs_computed=6785  threat_obs_nonzero=6785  priority_block_prior:demoted=6304  learned_preview=696  dominated_attack=671
[guards @ 26850 decisions] guards_ran=7378  threat_obs_computed=6833  threat_obs_nonzero=6833  priority_block_prior:demoted=6334  learned_preview=700  dominated_attack=678
[guards @ 26900 decisions] guards_ran=7428  threat_obs_computed=6880  threat_obs_nonzero=6880  priority_block_prior:demoted=6376  learned_preview=704  dominated_attack=680
[guards @ 26950 decisions] guards_ran=7478  threat_obs_computed=6927  threat_obs_nonzero=6927  priority_block_prior:demoted=6424  learned_preview=710  dominated_attack=684
[guards @ 27000 decisions] guards_ran=7528  threat_obs_computed=6975  threat_obs_nonzero=6975  priority_block_prior:demoted=6448  learned_preview=714  dominated_attack=687
[guards @ 27050 decisions] guards_ran=7578  threat_obs_computed=7022  threat_obs_nonzero=7022  priority_block_prior:demoted=6502  learned_preview=718  dominated_attack=692
[guards @ 27100 decisions] guards_ran=7628  threat_obs_computed=7066  threat_obs_nonzero=7066  priority_block_prior:demoted=6556  learned_preview=724  dominated_attack=702
[guards @ 27150 decisions] guards_ran=7678  threat_obs_computed=7113  threat_obs_nonzero=7113  priority_block_prior:demoted=6592  learned_preview=728  dominated_attack=705
[guards @ 27200 decisions] guards_ran=7728  threat_obs_computed=7160  threat_obs_nonzero=7160  priority_block_prior:demoted=6628  learned_preview=734  dominated_attack=709
[guards @ 27250 decisions] guards_ran=7778  threat_obs_computed=7208  threat_obs_nonzero=7208  priority_block_prior:demoted=6682  learned_preview=738  dominated_attack=712
[guards @ 27300 decisions] guards_ran=7828  threat_obs_computed=7254  threat_obs_nonzero=7254  priority_block_prior:demoted=6724  learned_preview=742  dominated_attack=720
[guards @ 27350 decisions] guards_ran=7878  threat_obs_computed=7302  threat_obs_nonzero=7302  priority_block_prior:demoted=6742  learned_preview=746  dominated_attack=723
[guards @ 27400 decisions] guards_ran=7928  threat_obs_computed=7348  threat_obs_nonzero=7348  priority_block_prior:demoted=6796  learned_preview=750  dominated_attack=724
[guards @ 27450 decisions] guards_ran=7978  threat_obs_computed=7395  threat_obs_nonzero=7395  priority_block_prior:demoted=6832  learned_preview=754  dominated_attack=731
[guards @ 27500 decisions] guards_ran=8028  threat_obs_computed=7442  threat_obs_nonzero=7442  priority_block_prior:demoted=6868  learned_preview=758  dominated_attack=735
[guards @ 27550 decisions] guards_ran=8078  threat_obs_computed=7490  threat_obs_nonzero=7490  priority_block_prior:demoted=6904  learned_preview=762  dominated_attack=739
[guards @ 27600 decisions] guards_ran=8128  threat_obs_computed=7537  threat_obs_nonzero=7537  priority_block_prior:demoted=6952  learned_preview=768  dominated_attack=746
[guards @ 27650 decisions] guards_ran=8178  threat_obs_computed=7583  threat_obs_nonzero=7583  priority_block_prior:demoted=6994  learned_preview=772  dominated_attack=754
[guards @ 27700 decisions] guards_ran=8228  threat_obs_computed=7631  threat_obs_nonzero=7631  priority_block_prior:demoted=7030  learned_preview=776  dominated_attack=758
[guards @ 27750 decisions] guards_ran=8278  threat_obs_computed=7677  threat_obs_nonzero=7677  priority_block_prior:demoted=7066  learned_preview=782  dominated_attack=764
[guards @ 27800 decisions] guards_ran=8328  threat_obs_computed=7723  threat_obs_nonzero=7723  priority_block_prior:demoted=7120  learned_preview=786  dominated_attack=771
[guards @ 27850 decisions] guards_ran=8378  threat_obs_computed=7767  threat_obs_nonzero=7767  priority_block_prior:demoted=7174  learned_preview=792  dominated_attack=771
[guards @ 27900 decisions] guards_ran=8428  threat_obs_computed=7814  threat_obs_nonzero=7814  priority_block_prior:demoted=7210  learned_preview=796  dominated_attack=777
[guards @ 27950 decisions] guards_ran=8478  threat_obs_computed=7861  threat_obs_nonzero=7861  priority_block_prior:demoted=7258  learned_preview=802  dominated_attack=781
[guards @ 28000 decisions] guards_ran=8528  threat_obs_computed=7907  threat_obs_nonzero=7907  priority_block_prior:demoted=7300  learned_preview=806  dominated_attack=788
[guards @ 28050 decisions] guards_ran=8578  threat_obs_computed=7954  threat_obs_nonzero=7954  priority_block_prior:demoted=7336  learned_preview=810  dominated_attack=798
[guards @ 28100 decisions] guards_ran=8628  threat_obs_computed=8000  threat_obs_nonzero=8000  priority_block_prior:demoted=7372  learned_preview=816  dominated_attack=806
[guards @ 28150 decisions] guards_ran=8678  threat_obs_computed=8047  threat_obs_nonzero=8047  priority_block_prior:demoted=7426  learned_preview=820  dominated_attack=815
[guards @ 28200 decisions] guards_ran=8728  threat_obs_computed=8093  threat_obs_nonzero=8093  priority_block_prior:demoted=7462  learned_preview=824  dominated_attack=817
[guards @ 28250 decisions] guards_ran=8778  threat_obs_computed=8139  threat_obs_nonzero=8139  priority_block_prior:demoted=7516  learned_preview=830  dominated_attack=827
[guards @ 28300 decisions] guards_ran=8828  threat_obs_computed=8185  threat_obs_nonzero=8185  priority_block_prior:demoted=7552  dominated_attack=837  dominated_attack:promoted:demoted=837
[guards @ 28350 decisions] guards_ran=8878  threat_obs_computed=8232  threat_obs_nonzero=8232  priority_block_prior:demoted=7594  dominated_attack=841  dominated_attack:promoted:demoted=841
[guards @ 28400 decisions] guards_ran=8928  threat_obs_computed=8278  threat_obs_nonzero=8278  priority_block_prior:demoted=7630  dominated_attack=851  dominated_attack:promoted:demoted=851
[guards @ 28450 decisions] guards_ran=8978  threat_obs_computed=8325  threat_obs_nonzero=8325  priority_block_prior:demoted=7666  dominated_attack=855  dominated_attack:promoted:demoted=855
[guards @ 28500 decisions] guards_ran=9028  threat_obs_computed=8371  threat_obs_nonzero=8371  priority_block_prior:demoted=7720  dominated_attack=857  dominated_attack:promoted:demoted=857
[guards @ 28550 decisions] guards_ran=9078  threat_obs_computed=8417  threat_obs_nonzero=8417  priority_block_prior:demoted=7768  dominated_attack=864  dominated_attack:promoted:demoted=864
[guards @ 28600 decisions] guards_ran=9128  threat_obs_computed=8462  threat_obs_nonzero=8462  priority_block_prior:demoted=7810  dominated_attack=869  dominated_attack:promoted:demoted=869
[guards @ 28650 decisions] guards_ran=9178  threat_obs_computed=8510  threat_obs_nonzero=8510  priority_block_prior:demoted=7858  dominated_attack=876  dominated_attack:promoted:demoted=876
[guards @ 28700 decisions] guards_ran=9228  threat_obs_computed=8555  threat_obs_nonzero=8555  priority_block_prior:demoted=7882  dominated_attack=880  dominated_attack:promoted:demoted=880
[guards @ 28750 decisions] guards_ran=9278  threat_obs_computed=8602  threat_obs_nonzero=8602  priority_block_prior:demoted=7936  dominated_attack=885  dominated_attack:promoted:demoted=885
[guards @ 28800 decisions] guards_ran=9328  threat_obs_computed=8649  threat_obs_nonzero=8649  priority_block_prior:demoted=7972  dominated_attack=890  dominated_attack:promoted:demoted=890
[guards @ 28850 decisions] guards_ran=9378  threat_obs_computed=8698  threat_obs_nonzero=8698  priority_block_prior:demoted=8002  dominated_attack=891  dominated_attack:promoted:demoted=891
[guards @ 28900 decisions] guards_ran=9428  threat_obs_computed=8744  threat_obs_nonzero=8744  priority_block_prior:demoted=8026  dominated_attack=894  dominated_attack:promoted:demoted=894
[guards @ 28950 decisions] guards_ran=9478  threat_obs_computed=8789  threat_obs_nonzero=8789  priority_block_prior:demoted=8098  dominated_attack=897  dominated_attack:promoted:demoted=897
[guards @ 29000 decisions] guards_ran=9528  threat_obs_computed=8836  threat_obs_nonzero=8836  priority_block_prior:demoted=8134  dominated_attack=903  dominated_attack:promoted:demoted=903
[guards @ 29050 decisions] guards_ran=9578  threat_obs_computed=8884  threat_obs_nonzero=8884  priority_block_prior:demoted=8182  dominated_attack=907  dominated_attack:promoted:demoted=907
[guards @ 29100 decisions] guards_ran=9628  threat_obs_computed=8931  threat_obs_nonzero=8931  priority_block_prior:demoted=8224  dominated_attack=914  dominated_attack:promoted:demoted=914
[guards @ 29150 decisions] guards_ran=9678  threat_obs_computed=8979  threat_obs_nonzero=8979  priority_block_prior:demoted=8260  dominated_attack=917  dominated_attack:promoted:demoted=917
[guards @ 29200 decisions] guards_ran=9728  threat_obs_computed=9026  threat_obs_nonzero=9026  priority_block_prior:demoted=8314  dominated_attack=921  dominated_attack:promoted:demoted=921
[guards @ 29250 decisions] guards_ran=9778  threat_obs_computed=9072  threat_obs_nonzero=9072  priority_block_prior:demoted=8350  dominated_attack=924  dominated_attack:promoted:demoted=924
[guards @ 29300 decisions] guards_ran=9828  threat_obs_computed=9120  threat_obs_nonzero=9120  priority_block_prior:demoted=8386  dominated_attack=927  dominated_attack:promoted:demoted=927
[guards @ 29350 decisions] guards_ran=9878  threat_obs_computed=9167  threat_obs_nonzero=9167  priority_block_prior:demoted=8422  learned_preview=930  dominated_attack=929
[guards @ 29400 decisions] guards_ran=9928  threat_obs_computed=9214  threat_obs_nonzero=9214  priority_block_prior:demoted=8470  learned_preview=936  dominated_attack=934
[guards @ 29450 decisions] guards_ran=9978  threat_obs_computed=9261  threat_obs_nonzero=9261  priority_block_prior:demoted=8512  learned_preview=940  dominated_attack=938
[guards @ 29500 decisions] guards_ran=10028  threat_obs_computed=9308  threat_obs_nonzero=9308  priority_block_prior:demoted=8548  learned_preview=944  dominated_attack=944
[guards @ 29550 decisions] guards_ran=10078  threat_obs_computed=9354  threat_obs_nonzero=9354  priority_block_prior:demoted=8584  learned_preview=948  dominated_attack=946
[guards @ 29600 decisions] guards_ran=10128  threat_obs_computed=9400  threat_obs_nonzero=9400  priority_block_prior:demoted=8638  learned_preview=954  dominated_attack=952
[guards @ 29650 decisions] guards_ran=10178  threat_obs_computed=9446  threat_obs_nonzero=9446  priority_block_prior:demoted=8674  learned_preview=958  dominated_attack=958
[guards @ 29700 decisions] guards_ran=10228  threat_obs_computed=9492  threat_obs_nonzero=9492  priority_block_prior:demoted=8728  learned_preview=964  dominated_attack=962
[guards @ 29750 decisions] guards_ran=10278  threat_obs_computed=9540  threat_obs_nonzero=9540  priority_block_prior:demoted=8758  learned_preview=968  dominated_attack=967
[guards @ 29800 decisions] guards_ran=10328  threat_obs_computed=9587  threat_obs_nonzero=9587  priority_block_prior:demoted=8794  learned_preview=972  dominated_attack=969
[guards @ 29850 decisions] guards_ran=10378  threat_obs_computed=9635  threat_obs_nonzero=9635  priority_block_prior:demoted=8818  learned_preview=976  dominated_attack=972
[guards @ 29900 decisions] guards_ran=10428  threat_obs_computed=9681  threat_obs_nonzero=9681  priority_block_prior:demoted=8872  learned_preview=980  dominated_attack=978
[guards @ 29950 decisions] guards_ran=10478  threat_obs_computed=9729  threat_obs_nonzero=9729  priority_block_prior:demoted=8908  learned_preview=986  dominated_attack=986
[guards @ 30000 decisions] guards_ran=10528  threat_obs_computed=9776  threat_obs_nonzero=9776  priority_block_prior:demoted=8962  dominated_attack=993  dominated_attack:promoted:demoted=993
[guards @ 30050 decisions] guards_ran=10578  threat_obs_computed=9822  threat_obs_nonzero=9822  priority_block_prior:demoted=8998  dominated_attack=997  dominated_attack:promoted:demoted=997
[guards @ 30100 decisions] guards_ran=10628  threat_obs_computed=9868  threat_obs_nonzero=9868  priority_block_prior:demoted=9046  dominated_attack=1006  dominated_attack:promoted:demoted=1006
[guards @ 30150 decisions] guards_ran=10678  threat_obs_computed=9915  threat_obs_nonzero=9915  priority_block_prior:demoted=9052  dominated_attack=1010  dominated_attack:promoted:demoted=1010
block hidden=True a_first=True: A 248.0/500; running A 49.3% [46.7, 51.8]
[guards @ 30200 decisions] priority_block_prior:demoted=72  guards_ran=40  threat_obs_computed=34  threat_obs_nonzero=34  learned_preview=10  resisted_target=3
[guards @ 30250 decisions] priority_block_prior:demoted=108  guards_ran=90  threat_obs_computed=80  threat_obs_nonzero=80  learned_preview=14  protect_spam:demoted=6
[guards @ 30300 decisions] priority_block_prior:demoted=162  guards_ran=140  threat_obs_computed=127  threat_obs_nonzero=127  learned_preview=18  dominated_attack=9
[guards @ 30350 decisions] priority_block_prior:demoted=198  guards_ran=190  threat_obs_computed=174  threat_obs_nonzero=174  learned_preview=24  dominated_attack=13
[guards @ 30400 decisions] priority_block_prior:demoted=252  guards_ran=240  threat_obs_computed=219  threat_obs_nonzero=219  learned_preview=28  dominated_attack=21
[guards @ 30450 decisions] guards_ran=290  priority_block_prior:demoted=288  threat_obs_computed=267  threat_obs_nonzero=267  learned_preview=34  dominated_attack=31
[guards @ 30500 decisions] guards_ran=340  priority_block_prior:demoted=324  threat_obs_computed=312  threat_obs_nonzero=312  dominated_attack=39  dominated_attack:promoted:demoted=39
[guards @ 30550 decisions] guards_ran=390  priority_block_prior:demoted=378  threat_obs_computed=359  threat_obs_nonzero=359  dominated_attack=46  dominated_attack:promoted:demoted=46
[guards @ 30600 decisions] guards_ran=440  priority_block_prior:demoted=432  threat_obs_computed=405  threat_obs_nonzero=405  dominated_attack=50  dominated_attack:promoted:demoted=50
[guards @ 30650 decisions] guards_ran=490  priority_block_prior:demoted=486  threat_obs_computed=451  threat_obs_nonzero=451  learned_preview=54  dominated_attack=51
[guards @ 30700 decisions] guards_ran=540  priority_block_prior:demoted=522  threat_obs_computed=498  threat_obs_nonzero=498  dominated_attack=61  dominated_attack:promoted:demoted=61
[guards @ 30750 decisions] guards_ran=590  priority_block_prior:demoted=570  threat_obs_computed=545  threat_obs_nonzero=545  dominated_attack=65  dominated_attack:promoted:demoted=65
[guards @ 30800 decisions] guards_ran=640  priority_block_prior:demoted=612  threat_obs_computed=591  threat_obs_nonzero=591  learned_preview=68  dominated_attack=67
[guards @ 30850 decisions] guards_ran=690  priority_block_prior:demoted=672  threat_obs_computed=638  threat_obs_nonzero=638  learned_preview=74  dominated_attack=72
[guards @ 30900 decisions] guards_ran=740  priority_block_prior:demoted=702  threat_obs_computed=685  threat_obs_nonzero=685  dominated_attack=83  dominated_attack:promoted:demoted=83
[guards @ 30950 decisions] guards_ran=790  priority_block_prior:demoted=738  threat_obs_computed=731  threat_obs_nonzero=731  dominated_attack=86  dominated_attack:promoted:demoted=86
[guards @ 31000 decisions] guards_ran=840  priority_block_prior:demoted=780  threat_obs_computed=776  threat_obs_nonzero=776  dominated_attack=91  dominated_attack:promoted:demoted=91
[guards @ 31050 decisions] guards_ran=890  threat_obs_computed=824  threat_obs_nonzero=824  priority_block_prior:demoted=816  dominated_attack=95  dominated_attack:promoted:demoted=95
[guards @ 31100 decisions] guards_ran=940  threat_obs_computed=870  threat_obs_nonzero=870  priority_block_prior:demoted=852  dominated_attack=101  dominated_attack:promoted:demoted=101
[guards @ 31150 decisions] guards_ran=990  threat_obs_computed=916  threat_obs_nonzero=916  priority_block_prior:demoted=906  dominated_attack=105  dominated_attack:promoted:demoted=105
[guards @ 31200 decisions] guards_ran=1040  threat_obs_computed=964  threat_obs_nonzero=964  priority_block_prior:demoted=942  dominated_attack=116  dominated_attack:promoted:demoted=116
[guards @ 31250 decisions] guards_ran=1090  threat_obs_computed=1010  threat_obs_nonzero=1010  priority_block_prior:demoted=978  dominated_attack=125  dominated_attack:promoted:demoted=125
[guards @ 31300 decisions] guards_ran=1140  threat_obs_computed=1055  threat_obs_nonzero=1055  priority_block_prior:demoted=1032  dominated_attack=131  dominated_attack:promoted:demoted=131
[guards @ 31350 decisions] guards_ran=1190  threat_obs_computed=1103  threat_obs_nonzero=1103  priority_block_prior:demoted=1068  dominated_attack=135  dominated_attack:promoted:demoted=135
[guards @ 31400 decisions] guards_ran=1240  threat_obs_computed=1151  threat_obs_nonzero=1151  priority_block_prior:demoted=1104  dominated_attack=142  dominated_attack:promoted:demoted=142
[guards @ 31450 decisions] guards_ran=1290  threat_obs_computed=1196  threat_obs_nonzero=1196  priority_block_prior:demoted=1158  dominated_attack=150  dominated_attack:promoted:demoted=150
[guards @ 31500 decisions] guards_ran=1340  threat_obs_computed=1243  threat_obs_nonzero=1243  priority_block_prior:demoted=1200  dominated_attack=157  dominated_attack:promoted:demoted=157
[guards @ 31550 decisions] guards_ran=1390  threat_obs_computed=1290  threat_obs_nonzero=1290  priority_block_prior:demoted=1236  dominated_attack=160  dominated_attack:promoted:demoted=160
[guards @ 31600 decisions] guards_ran=1440  threat_obs_computed=1338  threat_obs_nonzero=1338  priority_block_prior:demoted=1272  dominated_attack=166  dominated_attack:promoted:demoted=166
[guards @ 31650 decisions] guards_ran=1490  threat_obs_computed=1386  threat_obs_nonzero=1386  priority_block_prior:demoted=1320  dominated_attack=168  dominated_attack:promoted:demoted=168
[guards @ 31700 decisions] guards_ran=1540  threat_obs_computed=1433  threat_obs_nonzero=1433  priority_block_prior:demoted=1362  dominated_attack=175  dominated_attack:promoted:demoted=175
[guards @ 31750 decisions] guards_ran=1590  threat_obs_computed=1479  threat_obs_nonzero=1479  priority_block_prior:demoted=1410  dominated_attack=176  dominated_attack:promoted:demoted=176
[guards @ 31800 decisions] guards_ran=1640  threat_obs_computed=1525  threat_obs_nonzero=1525  priority_block_prior:demoted=1452  dominated_attack=178  dominated_attack:promoted:demoted=178
[guards @ 31850 decisions] guards_ran=1690  threat_obs_computed=1573  threat_obs_nonzero=1573  priority_block_prior:demoted=1488  dominated_attack=183  dominated_attack:promoted:demoted=183
[guards @ 31900 decisions] guards_ran=1740  threat_obs_computed=1620  threat_obs_nonzero=1620  priority_block_prior:demoted=1536  dominated_attack=193  dominated_attack:promoted:demoted=193
[guards @ 31950 decisions] guards_ran=1790  threat_obs_computed=1667  threat_obs_nonzero=1667  priority_block_prior:demoted=1584  dominated_attack=198  dominated_attack:promoted:demoted=198
[guards @ 32000 decisions] guards_ran=1840  threat_obs_computed=1715  threat_obs_nonzero=1715  priority_block_prior:demoted=1620  dominated_attack=201  dominated_attack:promoted:demoted=201
[guards @ 32050 decisions] guards_ran=1890  threat_obs_computed=1763  threat_obs_nonzero=1763  priority_block_prior:demoted=1656  dominated_attack=212  dominated_attack:promoted:demoted=212
[guards @ 32100 decisions] guards_ran=1940  threat_obs_computed=1811  threat_obs_nonzero=1811  priority_block_prior:demoted=1692  dominated_attack=214  dominated_attack:promoted:demoted=214
[guards @ 32150 decisions] guards_ran=1990  threat_obs_computed=1857  threat_obs_nonzero=1857  priority_block_prior:demoted=1746  dominated_attack=225  dominated_attack:promoted:demoted=225
[guards @ 32200 decisions] guards_ran=2040  threat_obs_computed=1905  threat_obs_nonzero=1905  priority_block_prior:demoted=1782  dominated_attack=233  dominated_attack:promoted:demoted=233
[guards @ 32250 decisions] guards_ran=2090  threat_obs_computed=1951  threat_obs_nonzero=1951  priority_block_prior:demoted=1812  dominated_attack=241  dominated_attack:promoted:demoted=241
[guards @ 32300 decisions] guards_ran=2140  threat_obs_computed=1997  threat_obs_nonzero=1997  priority_block_prior:demoted=1854  dominated_attack=243  dominated_attack:promoted:demoted=243
[guards @ 32350 decisions] guards_ran=2190  threat_obs_computed=2042  threat_obs_nonzero=2042  priority_block_prior:demoted=1908  dominated_attack=251  dominated_attack:promoted:demoted=251
[guards @ 32400 decisions] guards_ran=2240  threat_obs_computed=2089  threat_obs_nonzero=2089  priority_block_prior:demoted=1956  dominated_attack=257  dominated_attack:promoted:demoted=257
[guards @ 32450 decisions] guards_ran=2290  threat_obs_computed=2135  threat_obs_nonzero=2135  priority_block_prior:demoted=2006  dominated_attack=260  dominated_attack:promoted:demoted=260
[guards @ 32500 decisions] guards_ran=2340  threat_obs_computed=2182  threat_obs_nonzero=2182  priority_block_prior:demoted=2042  dominated_attack=266  dominated_attack:promoted:demoted=266
[guards @ 32550 decisions] guards_ran=2390  threat_obs_computed=2227  threat_obs_nonzero=2227  priority_block_prior:demoted=2096  dominated_attack=269  dominated_attack:promoted:demoted=269
[guards @ 32600 decisions] guards_ran=2440  threat_obs_computed=2274  threat_obs_nonzero=2274  priority_block_prior:demoted=2132  dominated_attack=271  dominated_attack:promoted:demoted=271
[guards @ 32650 decisions] guards_ran=2490  threat_obs_computed=2321  threat_obs_nonzero=2321  priority_block_prior:demoted=2168  dominated_attack=274  dominated_attack:promoted:demoted=274
[guards @ 32700 decisions] guards_ran=2540  threat_obs_computed=2367  threat_obs_nonzero=2367  priority_block_prior:demoted=2222  dominated_attack=276  dominated_attack:promoted:demoted=276
[guards @ 32750 decisions] guards_ran=2590  threat_obs_computed=2411  threat_obs_nonzero=2411  priority_block_prior:demoted=2258  dominated_attack=278  dominated_attack:promoted:demoted=278
[guards @ 32800 decisions] guards_ran=2640  threat_obs_computed=2459  threat_obs_nonzero=2459  priority_block_prior:demoted=2294  dominated_attack=285  dominated_attack:promoted:demoted=285
[guards @ 32850 decisions] guards_ran=2690  threat_obs_computed=2505  threat_obs_nonzero=2505  priority_block_prior:demoted=2330  dominated_attack=288  dominated_attack:promoted:demoted=288
[guards @ 32900 decisions] guards_ran=2740  threat_obs_computed=2552  threat_obs_nonzero=2552  priority_block_prior:demoted=2366  dominated_attack=294  dominated_attack:promoted:demoted=294
[guards @ 32950 decisions] guards_ran=2790  threat_obs_computed=2596  threat_obs_nonzero=2596  priority_block_prior:demoted=2420  dominated_attack=301  dominated_attack:promoted:demoted=301
[guards @ 33000 decisions] guards_ran=2840  threat_obs_computed=2642  threat_obs_nonzero=2642  priority_block_prior:demoted=2456  dominated_attack=303  dominated_attack:promoted:demoted=303
[guards @ 33050 decisions] guards_ran=2890  threat_obs_computed=2688  threat_obs_nonzero=2688  priority_block_prior:demoted=2516  dominated_attack=308  dominated_attack:promoted:demoted=308
[guards @ 33100 decisions] guards_ran=2940  threat_obs_computed=2733  threat_obs_nonzero=2733  priority_block_prior:demoted=2570  dominated_attack=310  dominated_attack:promoted:demoted=310
[guards @ 33150 decisions] guards_ran=2990  threat_obs_computed=2779  threat_obs_nonzero=2779  priority_block_prior:demoted=2606  dominated_attack=314  dominated_attack:promoted:demoted=314
[guards @ 33200 decisions] guards_ran=3040  threat_obs_computed=2823  threat_obs_nonzero=2823  priority_block_prior:demoted=2660  dominated_attack=317  dominated_attack:promoted:demoted=317
[guards @ 33250 decisions] guards_ran=3090  threat_obs_computed=2869  threat_obs_nonzero=2869  priority_block_prior:demoted=2708  dominated_attack=320  dominated_attack:promoted:demoted=320
[guards @ 33300 decisions] guards_ran=3140  threat_obs_computed=2915  threat_obs_nonzero=2915  priority_block_prior:demoted=2750  dominated_attack=323  dominated_attack:promoted:demoted=323
[guards @ 33350 decisions] guards_ran=3190  threat_obs_computed=2962  threat_obs_nonzero=2962  priority_block_prior:demoted=2786  dominated_attack=329  dominated_attack:promoted:demoted=329
[guards @ 33400 decisions] guards_ran=3240  threat_obs_computed=3009  threat_obs_nonzero=3009  priority_block_prior:demoted=2834  dominated_attack=332  dominated_attack:promoted:demoted=332
[guards @ 33450 decisions] guards_ran=3290  threat_obs_computed=3057  threat_obs_nonzero=3057  priority_block_prior:demoted=2870  dominated_attack=338  dominated_attack:promoted:demoted=338
[guards @ 33500 decisions] guards_ran=3340  threat_obs_computed=3104  threat_obs_nonzero=3104  priority_block_prior:demoted=2894  dominated_attack=343  dominated_attack:promoted:demoted=343
[guards @ 33550 decisions] guards_ran=3390  threat_obs_computed=3150  threat_obs_nonzero=3150  priority_block_prior:demoted=2948  dominated_attack=350  dominated_attack:promoted:demoted=350
[guards @ 33600 decisions] guards_ran=3440  threat_obs_computed=3197  threat_obs_nonzero=3197  priority_block_prior:demoted=2993  dominated_attack=357  dominated_attack:promoted:demoted=357
[guards @ 33650 decisions] guards_ran=3490  threat_obs_computed=3246  threat_obs_nonzero=3246  priority_block_prior:demoted=3023  dominated_attack=364  dominated_attack:promoted:demoted=364
[guards @ 33700 decisions] guards_ran=3540  threat_obs_computed=3293  threat_obs_nonzero=3293  priority_block_prior:demoted=3065  dominated_attack=369  dominated_attack:promoted:demoted=369
[guards @ 33750 decisions] guards_ran=3590  threat_obs_computed=3339  threat_obs_nonzero=3339  priority_block_prior:demoted=3101  dominated_attack=378  dominated_attack:promoted:demoted=378
[guards @ 33800 decisions] guards_ran=3640  threat_obs_computed=3384  threat_obs_nonzero=3384  priority_block_prior:demoted=3137  dominated_attack=382  dominated_attack:promoted:demoted=382
[guards @ 33850 decisions] guards_ran=3690  threat_obs_computed=3430  threat_obs_nonzero=3430  priority_block_prior:demoted=3191  dominated_attack=383  dominated_attack:promoted:demoted=383
[guards @ 33900 decisions] guards_ran=3740  threat_obs_computed=3476  threat_obs_nonzero=3476  priority_block_prior:demoted=3245  dominated_attack=385  dominated_attack:promoted:demoted=385
[guards @ 33950 decisions] guards_ran=3790  threat_obs_computed=3523  threat_obs_nonzero=3523  priority_block_prior:demoted=3281  dominated_attack=392  dominated_attack:promoted:demoted=392
[guards @ 34000 decisions] guards_ran=3840  threat_obs_computed=3570  threat_obs_nonzero=3570  priority_block_prior:demoted=3317  dominated_attack=397  dominated_attack:promoted:demoted=397
[guards @ 34050 decisions] guards_ran=3890  threat_obs_computed=3618  threat_obs_nonzero=3618  priority_block_prior:demoted=3365  dominated_attack=402  dominated_attack:promoted:demoted=402
[guards @ 34100 decisions] guards_ran=3940  threat_obs_computed=3665  threat_obs_nonzero=3665  priority_block_prior:demoted=3401  dominated_attack=410  dominated_attack:promoted:demoted=410
[guards @ 34150 decisions] guards_ran=3990  threat_obs_computed=3709  threat_obs_nonzero=3709  priority_block_prior:demoted=3443  dominated_attack=415  dominated_attack:promoted:demoted=415
[guards @ 34200 decisions] guards_ran=4040  threat_obs_computed=3754  threat_obs_nonzero=3754  priority_block_prior:demoted=3491  dominated_attack=418  dominated_attack:promoted:demoted=418
[guards @ 34250 decisions] guards_ran=4090  threat_obs_computed=3800  threat_obs_nonzero=3800  priority_block_prior:demoted=3533  dominated_attack=426  dominated_attack:promoted:demoted=426
[guards @ 34300 decisions] guards_ran=4140  threat_obs_computed=3847  threat_obs_nonzero=3847  priority_block_prior:demoted=3569  dominated_attack=428  dominated_attack:promoted:demoted=428
[guards @ 34350 decisions] guards_ran=4190  threat_obs_computed=3895  threat_obs_nonzero=3895  priority_block_prior:demoted=3617  dominated_attack=432  dominated_attack:promoted:demoted=432
[guards @ 34400 decisions] guards_ran=4240  threat_obs_computed=3939  threat_obs_nonzero=3939  priority_block_prior:demoted=3659  dominated_attack=440  dominated_attack:promoted:demoted=440
[guards @ 34450 decisions] guards_ran=4290  threat_obs_computed=3986  threat_obs_nonzero=3986  priority_block_prior:demoted=3695  dominated_attack=446  dominated_attack:promoted:demoted=446
[guards @ 34500 decisions] guards_ran=4340  threat_obs_computed=4032  threat_obs_nonzero=4032  priority_block_prior:demoted=3749  dominated_attack=449  dominated_attack:promoted:demoted=449
[guards @ 34550 decisions] guards_ran=4390  threat_obs_computed=4078  threat_obs_nonzero=4078  priority_block_prior:demoted=3803  dominated_attack=453  dominated_attack:promoted:demoted=453
[guards @ 34600 decisions] guards_ran=4440  threat_obs_computed=4126  threat_obs_nonzero=4126  priority_block_prior:demoted=3839  dominated_attack=460  dominated_attack:promoted:demoted=460
[guards @ 34650 decisions] guards_ran=4490  threat_obs_computed=4172  threat_obs_nonzero=4172  priority_block_prior:demoted=3893  dominated_attack=467  dominated_attack:promoted:demoted=467
[guards @ 34700 decisions] guards_ran=4540  threat_obs_computed=4219  threat_obs_nonzero=4219  priority_block_prior:demoted=3929  dominated_attack=470  dominated_attack:promoted:demoted=470
[guards @ 34750 decisions] guards_ran=4590  threat_obs_computed=4265  threat_obs_nonzero=4265  priority_block_prior:demoted=3983  dominated_attack=475  dominated_attack:promoted:demoted=475
[guards @ 34800 decisions] guards_ran=4640  threat_obs_computed=4312  threat_obs_nonzero=4312  priority_block_prior:demoted=4013  dominated_attack=476  dominated_attack:promoted:demoted=476
[guards @ 34850 decisions] guards_ran=4690  threat_obs_computed=4358  threat_obs_nonzero=4358  priority_block_prior:demoted=4055  dominated_attack=479  dominated_attack:promoted:demoted=479
[guards @ 34900 decisions] guards_ran=4740  threat_obs_computed=4403  threat_obs_nonzero=4403  priority_block_prior:demoted=4109  dominated_attack=483  dominated_attack:promoted:demoted=483
[guards @ 34950 decisions] guards_ran=4790  threat_obs_computed=4450  threat_obs_nonzero=4450  priority_block_prior:demoted=4153  dominated_attack=486  dominated_attack:promoted:demoted=486
[guards @ 35000 decisions] guards_ran=4840  threat_obs_computed=4497  threat_obs_nonzero=4497  priority_block_prior:demoted=4189  dominated_attack=491  dominated_attack:promoted:demoted=491
[guards @ 35050 decisions] guards_ran=4890  threat_obs_computed=4541  threat_obs_nonzero=4541  priority_block_prior:demoted=4243  dominated_attack=496  dominated_attack:promoted:demoted=496
[guards @ 35100 decisions] guards_ran=4940  threat_obs_computed=4588  threat_obs_nonzero=4588  priority_block_prior:demoted=4279  dominated_attack=503  dominated_attack:promoted:demoted=503
[guards @ 35150 decisions] guards_ran=4990  threat_obs_computed=4634  threat_obs_nonzero=4634  priority_block_prior:demoted=4333  dominated_attack=507  dominated_attack:promoted:demoted=507
[guards @ 35200 decisions] guards_ran=5040  threat_obs_computed=4682  threat_obs_nonzero=4682  priority_block_prior:demoted=4369  dominated_attack=514  dominated_attack:promoted:demoted=514
[guards @ 35250 decisions] guards_ran=5090  threat_obs_computed=4730  threat_obs_nonzero=4730  priority_block_prior:demoted=4405  dominated_attack=517  dominated_attack:promoted:demoted=517
[guards @ 35300 decisions] guards_ran=5140  threat_obs_computed=4778  threat_obs_nonzero=4778  priority_block_prior:demoted=4441  dominated_attack=526  dominated_attack:promoted:demoted=526
[guards @ 35350 decisions] guards_ran=5190  threat_obs_computed=4824  threat_obs_nonzero=4824  priority_block_prior:demoted=4495  dominated_attack=532  dominated_attack:promoted:demoted=532
[guards @ 35400 decisions] guards_ran=5240  threat_obs_computed=4872  threat_obs_nonzero=4872  priority_block_prior:demoted=4543  dominated_attack=536  dominated_attack:promoted:demoted=536
[guards @ 35450 decisions] guards_ran=5290  threat_obs_computed=4917  threat_obs_nonzero=4917  priority_block_prior:demoted=4585  dominated_attack=541  dominated_attack:promoted:demoted=541
[guards @ 35500 decisions] guards_ran=5340  threat_obs_computed=4962  threat_obs_nonzero=4962  priority_block_prior:demoted=4621  dominated_attack=545  dominated_attack:promoted:demoted=545
[guards @ 35550 decisions] guards_ran=5390  threat_obs_computed=5008  threat_obs_nonzero=5008  priority_block_prior:demoted=4675  dominated_attack=551  dominated_attack:promoted:demoted=551
[guards @ 35600 decisions] guards_ran=5440  threat_obs_computed=5055  threat_obs_nonzero=5055  priority_block_prior:demoted=4711  dominated_attack=554  dominated_attack:promoted:demoted=554
[guards @ 35650 decisions] guards_ran=5490  threat_obs_computed=5101  threat_obs_nonzero=5101  priority_block_prior:demoted=4765  dominated_attack=559  dominated_attack:promoted:demoted=559
[guards @ 35700 decisions] guards_ran=5540  threat_obs_computed=5149  threat_obs_nonzero=5149  priority_block_prior:demoted=4813  dominated_attack=569  dominated_attack:promoted:demoted=569
[guards @ 35750 decisions] guards_ran=5590  threat_obs_computed=5197  threat_obs_nonzero=5197  priority_block_prior:demoted=4849  dominated_attack=577  dominated_attack:promoted:demoted=577
[guards @ 35800 decisions] guards_ran=5640  threat_obs_computed=5240  threat_obs_nonzero=5240  priority_block_prior:demoted=4891  dominated_attack=581  dominated_attack:promoted:demoted=581
[guards @ 35850 decisions] guards_ran=5690  threat_obs_computed=5288  threat_obs_nonzero=5288  priority_block_prior:demoted=4927  dominated_attack=589  dominated_attack:promoted:demoted=589
[guards @ 35900 decisions] guards_ran=5740  threat_obs_computed=5335  threat_obs_nonzero=5335  priority_block_prior:demoted=4963  dominated_attack=596  dominated_attack:promoted:demoted=596
[guards @ 35950 decisions] guards_ran=5790  threat_obs_computed=5383  threat_obs_nonzero=5383  priority_block_prior:demoted=4999  dominated_attack=601  dominated_attack:promoted:demoted=601
[guards @ 36000 decisions] guards_ran=5840  threat_obs_computed=5430  threat_obs_nonzero=5430  priority_block_prior:demoted=5035  dominated_attack=606  dominated_attack:promoted:demoted=606
[guards @ 36050 decisions] guards_ran=5890  threat_obs_computed=5477  threat_obs_nonzero=5477  priority_block_prior:demoted=5071  dominated_attack=612  dominated_attack:promoted:demoted=612
[guards @ 36100 decisions] guards_ran=5940  threat_obs_computed=5524  threat_obs_nonzero=5524  priority_block_prior:demoted=5107  dominated_attack=616  dominated_attack:promoted:demoted=616
[guards @ 36150 decisions] guards_ran=5990  threat_obs_computed=5570  threat_obs_nonzero=5570  priority_block_prior:demoted=5161  dominated_attack=622  dominated_attack:promoted:demoted=622
[guards @ 36200 decisions] guards_ran=6040  threat_obs_computed=5617  threat_obs_nonzero=5617  priority_block_prior:demoted=5197  dominated_attack=629  dominated_attack:promoted:demoted=629
[guards @ 36250 decisions] guards_ran=6090  threat_obs_computed=5664  threat_obs_nonzero=5664  priority_block_prior:demoted=5233  dominated_attack=637  dominated_attack:promoted:demoted=637
[guards @ 36300 decisions] guards_ran=6140  threat_obs_computed=5712  threat_obs_nonzero=5712  priority_block_prior:demoted=5269  dominated_attack=645  dominated_attack:promoted:demoted=645
[guards @ 36350 decisions] guards_ran=6190  threat_obs_computed=5757  threat_obs_nonzero=5757  priority_block_prior:demoted=5305  dominated_attack=649  dominated_attack:promoted:demoted=649
[guards @ 36400 decisions] guards_ran=6240  threat_obs_computed=5804  threat_obs_nonzero=5804  priority_block_prior:demoted=5359  dominated_attack=657  dominated_attack:promoted:demoted=657
[guards @ 36450 decisions] guards_ran=6290  threat_obs_computed=5851  threat_obs_nonzero=5851  priority_block_prior:demoted=5389  dominated_attack=662  dominated_attack:promoted:demoted=662
[guards @ 36500 decisions] guards_ran=6340  threat_obs_computed=5898  threat_obs_nonzero=5898  priority_block_prior:demoted=5431  dominated_attack=668  dominated_attack:promoted:demoted=668
[guards @ 36550 decisions] guards_ran=6390  threat_obs_computed=5944  threat_obs_nonzero=5944  priority_block_prior:demoted=5479  dominated_attack=670  dominated_attack:promoted:demoted=670
[guards @ 36600 decisions] guards_ran=6440  threat_obs_computed=5990  threat_obs_nonzero=5990  priority_block_prior:demoted=5521  dominated_attack=672  dominated_attack:promoted:demoted=672
[guards @ 36650 decisions] guards_ran=6490  threat_obs_computed=6037  threat_obs_nonzero=6037  priority_block_prior:demoted=5563  dominated_attack=678  dominated_attack:promoted:demoted=678
[guards @ 36700 decisions] guards_ran=6540  threat_obs_computed=6084  threat_obs_nonzero=6084  priority_block_prior:demoted=5599  dominated_attack=679  dominated_attack:promoted:demoted=679
[guards @ 36750 decisions] guards_ran=6590  threat_obs_computed=6132  threat_obs_nonzero=6132  priority_block_prior:demoted=5647  dominated_attack=682  dominated_attack:promoted:demoted=682
[guards @ 36800 decisions] guards_ran=6640  threat_obs_computed=6179  threat_obs_nonzero=6179  priority_block_prior:demoted=5683  dominated_attack=684  dominated_attack:promoted:demoted=684
[guards @ 36850 decisions] guards_ran=6690  threat_obs_computed=6225  threat_obs_nonzero=6225  priority_block_prior:demoted=5719  dominated_attack=688  dominated_attack:promoted:demoted=688
[guards @ 36900 decisions] guards_ran=6740  threat_obs_computed=6270  threat_obs_nonzero=6270  priority_block_prior:demoted=5761  dominated_attack=692  dominated_attack:promoted:demoted=692
[guards @ 36950 decisions] guards_ran=6790  threat_obs_computed=6316  threat_obs_nonzero=6316  priority_block_prior:demoted=5797  dominated_attack=695  dominated_attack:promoted:demoted=695
[guards @ 37000 decisions] guards_ran=6840  threat_obs_computed=6362  threat_obs_nonzero=6362  priority_block_prior:demoted=5851  dominated_attack=696  dominated_attack:promoted:demoted=696
[guards @ 37050 decisions] guards_ran=6890  threat_obs_computed=6410  threat_obs_nonzero=6410  priority_block_prior:demoted=5887  dominated_attack=700  dominated_attack:promoted:demoted=700
[guards @ 37100 decisions] guards_ran=6940  threat_obs_computed=6456  threat_obs_nonzero=6456  priority_block_prior:demoted=5923  dominated_attack=705  dominated_attack:promoted:demoted=705
[guards @ 37150 decisions] guards_ran=6990  threat_obs_computed=6501  threat_obs_nonzero=6501  priority_block_prior:demoted=5977  dominated_attack=708  dominated_attack:promoted:demoted=708
[guards @ 37200 decisions] guards_ran=7040  threat_obs_computed=6548  threat_obs_nonzero=6548  priority_block_prior:demoted=6013  dominated_attack=715  dominated_attack:promoted:demoted=715
[guards @ 37250 decisions] guards_ran=7090  threat_obs_computed=6595  threat_obs_nonzero=6595  priority_block_prior:demoted=6049  dominated_attack=718  dominated_attack:promoted:demoted=718
[guards @ 37300 decisions] guards_ran=7140  threat_obs_computed=6642  threat_obs_nonzero=6642  priority_block_prior:demoted=6085  dominated_attack=723  dominated_attack:promoted:demoted=723
[guards @ 37350 decisions] guards_ran=7190  threat_obs_computed=6686  threat_obs_nonzero=6686  priority_block_prior:demoted=6121  dominated_attack=726  dominated_attack:promoted:demoted=726
[guards @ 37400 decisions] guards_ran=7240  threat_obs_computed=6732  threat_obs_nonzero=6732  priority_block_prior:demoted=6175  dominated_attack=730  dominated_attack:promoted:demoted=730
[guards @ 37450 decisions] guards_ran=7290  threat_obs_computed=6780  threat_obs_nonzero=6780  priority_block_prior:demoted=6211  dominated_attack=733  dominated_attack:promoted:demoted=733
[guards @ 37500 decisions] guards_ran=7340  threat_obs_computed=6826  threat_obs_nonzero=6826  priority_block_prior:demoted=6259  dominated_attack=735  dominated_attack:promoted:demoted=735
[guards @ 37550 decisions] guards_ran=7390  threat_obs_computed=6872  threat_obs_nonzero=6872  priority_block_prior:demoted=6301  dominated_attack=738  dominated_attack:promoted:demoted=738
[guards @ 37600 decisions] guards_ran=7440  threat_obs_computed=6920  threat_obs_nonzero=6920  priority_block_prior:demoted=6337  dominated_attack=744  dominated_attack:promoted:demoted=744
[guards @ 37650 decisions] guards_ran=7490  threat_obs_computed=6963  threat_obs_nonzero=6963  priority_block_prior:demoted=6391  dominated_attack=751  dominated_attack:promoted:demoted=751
[guards @ 37700 decisions] guards_ran=7540  threat_obs_computed=7011  threat_obs_nonzero=7011  priority_block_prior:demoted=6427  dominated_attack=757  dominated_attack:promoted:demoted=757
[guards @ 37750 decisions] guards_ran=7590  threat_obs_computed=7056  threat_obs_nonzero=7056  priority_block_prior:demoted=6463  dominated_attack=760  dominated_attack:promoted:demoted=760
[guards @ 37800 decisions] guards_ran=7640  threat_obs_computed=7102  threat_obs_nonzero=7102  priority_block_prior:demoted=6499  dominated_attack=764  dominated_attack:promoted:demoted=764
[guards @ 37850 decisions] guards_ran=7690  threat_obs_computed=7149  threat_obs_nonzero=7149  priority_block_prior:demoted=6535  dominated_attack=769  dominated_attack:promoted:demoted=769
[guards @ 37900 decisions] guards_ran=7740  threat_obs_computed=7196  threat_obs_nonzero=7196  priority_block_prior:demoted=6571  dominated_attack=773  dominated_attack:promoted:demoted=773
[guards @ 37950 decisions] guards_ran=7790  threat_obs_computed=7244  threat_obs_nonzero=7244  priority_block_prior:demoted=6607  dominated_attack=781  dominated_attack:promoted:demoted=781
[guards @ 38000 decisions] guards_ran=7840  threat_obs_computed=7290  threat_obs_nonzero=7290  priority_block_prior:demoted=6661  dominated_attack=789  dominated_attack:promoted:demoted=789
[guards @ 38050 decisions] guards_ran=7890  threat_obs_computed=7337  threat_obs_nonzero=7337  priority_block_prior:demoted=6697  dominated_attack=790  dominated_attack:promoted:demoted=790
[guards @ 38100 decisions] guards_ran=7940  threat_obs_computed=7382  threat_obs_nonzero=7382  priority_block_prior:demoted=6733  dominated_attack=793  dominated_attack:promoted:demoted=793
[guards @ 38150 decisions] guards_ran=7990  threat_obs_computed=7427  threat_obs_nonzero=7427  priority_block_prior:demoted=6787  dominated_attack=796  dominated_attack:promoted:demoted=796
[guards @ 38200 decisions] guards_ran=8040  threat_obs_computed=7472  threat_obs_nonzero=7472  priority_block_prior:demoted=6823  dominated_attack=799  dominated_attack:promoted:demoted=799
[guards @ 38250 decisions] guards_ran=8090  threat_obs_computed=7519  threat_obs_nonzero=7519  priority_block_prior:demoted=6859  dominated_attack=803  dominated_attack:promoted:demoted=803
[guards @ 38300 decisions] guards_ran=8140  threat_obs_computed=7565  threat_obs_nonzero=7565  priority_block_prior:demoted=6895  dominated_attack=806  dominated_attack:promoted:demoted=806
[guards @ 38350 decisions] guards_ran=8190  threat_obs_computed=7611  threat_obs_nonzero=7611  priority_block_prior:demoted=6931  dominated_attack=809  dominated_attack:promoted:demoted=809
[guards @ 38400 decisions] guards_ran=8240  threat_obs_computed=7659  threat_obs_nonzero=7659  priority_block_prior:demoted=6967  dominated_attack=817  dominated_attack:promoted:demoted=817
[guards @ 38450 decisions] guards_ran=8290  threat_obs_computed=7705  threat_obs_nonzero=7705  priority_block_prior:demoted=7015  dominated_attack=820  dominated_attack:promoted:demoted=820
[guards @ 38500 decisions] guards_ran=8340  threat_obs_computed=7752  threat_obs_nonzero=7752  priority_block_prior:demoted=7057  dominated_attack=827  dominated_attack:promoted:demoted=827
[guards @ 38550 decisions] guards_ran=8390  threat_obs_computed=7800  threat_obs_nonzero=7800  priority_block_prior:demoted=7093  dominated_attack=833  dominated_attack:promoted:demoted=833
[guards @ 38600 decisions] guards_ran=8440  threat_obs_computed=7844  threat_obs_nonzero=7844  priority_block_prior:demoted=7151  dominated_attack=834  dominated_attack:promoted:demoted=834
[guards @ 38650 decisions] guards_ran=8490  threat_obs_computed=7889  threat_obs_nonzero=7889  priority_block_prior:demoted=7193  dominated_attack=839  dominated_attack:promoted:demoted=839
[guards @ 38700 decisions] guards_ran=8540  threat_obs_computed=7937  threat_obs_nonzero=7937  priority_block_prior:demoted=7229  dominated_attack=846  dominated_attack:promoted:demoted=846
[guards @ 38750 decisions] guards_ran=8590  threat_obs_computed=7983  threat_obs_nonzero=7983  priority_block_prior:demoted=7265  dominated_attack=850  dominated_attack:promoted:demoted=850
[guards @ 38800 decisions] guards_ran=8640  threat_obs_computed=8028  threat_obs_nonzero=8028  priority_block_prior:demoted=7319  dominated_attack=853  dominated_attack:promoted:demoted=853
[guards @ 38850 decisions] guards_ran=8690  threat_obs_computed=8075  threat_obs_nonzero=8075  priority_block_prior:demoted=7355  dominated_attack=858  dominated_attack:promoted:demoted=858
[guards @ 38900 decisions] guards_ran=8740  threat_obs_computed=8119  threat_obs_nonzero=8119  priority_block_prior:demoted=7409  dominated_attack=860  dominated_attack:promoted:demoted=860
[guards @ 38950 decisions] guards_ran=8790  threat_obs_computed=8165  threat_obs_nonzero=8165  priority_block_prior:demoted=7445  dominated_attack=867  dominated_attack:promoted:demoted=867
[guards @ 39000 decisions] guards_ran=8840  threat_obs_computed=8212  threat_obs_nonzero=8212  priority_block_prior:demoted=7481  dominated_attack=871  dominated_attack:promoted:demoted=871
[guards @ 39050 decisions] guards_ran=8890  threat_obs_computed=8259  threat_obs_nonzero=8259  priority_block_prior:demoted=7517  dominated_attack=873  dominated_attack:promoted:demoted=873
[guards @ 39100 decisions] guards_ran=8940  threat_obs_computed=8304  threat_obs_nonzero=8304  priority_block_prior:demoted=7565  dominated_attack=879  dominated_attack:promoted:demoted=879
[guards @ 39150 decisions] guards_ran=8990  threat_obs_computed=8351  threat_obs_nonzero=8351  priority_block_prior:demoted=7607  dominated_attack=883  dominated_attack:promoted:demoted=883
[guards @ 39200 decisions] guards_ran=9040  threat_obs_computed=8399  threat_obs_nonzero=8399  priority_block_prior:demoted=7643  dominated_attack=892  dominated_attack:promoted:demoted=892
[guards @ 39250 decisions] guards_ran=9090  threat_obs_computed=8443  threat_obs_nonzero=8443  priority_block_prior:demoted=7697  dominated_attack=900  dominated_attack:promoted:demoted=900
[guards @ 39300 decisions] guards_ran=9140  threat_obs_computed=8489  threat_obs_nonzero=8489  priority_block_prior:demoted=7733  dominated_attack=903  dominated_attack:promoted:demoted=903
[guards @ 39350 decisions] guards_ran=9190  threat_obs_computed=8536  threat_obs_nonzero=8536  priority_block_prior:demoted=7769  dominated_attack=907  dominated_attack:promoted:demoted=907
[guards @ 39400 decisions] guards_ran=9240  threat_obs_computed=8582  threat_obs_nonzero=8582  priority_block_prior:demoted=7805  dominated_attack=915  dominated_attack:promoted:demoted=915
[guards @ 39450 decisions] guards_ran=9290  threat_obs_computed=8627  threat_obs_nonzero=8627  priority_block_prior:demoted=7859  dominated_attack=922  dominated_attack:promoted:demoted=922
[guards @ 39500 decisions] guards_ran=9340  threat_obs_computed=8674  threat_obs_nonzero=8674  priority_block_prior:demoted=7895  dominated_attack=930  dominated_attack:promoted:demoted=930
[guards @ 39550 decisions] guards_ran=9390  threat_obs_computed=8722  threat_obs_nonzero=8722  priority_block_prior:demoted=7931  dominated_attack=939  dominated_attack:promoted:demoted=939
[guards @ 39600 decisions] guards_ran=9440  threat_obs_computed=8770  threat_obs_nonzero=8770  priority_block_prior:demoted=7967  dominated_attack=946  dominated_attack:promoted:demoted=946
[guards @ 39650 decisions] guards_ran=9490  threat_obs_computed=8817  threat_obs_nonzero=8817  priority_block_prior:demoted=8021  dominated_attack=955  dominated_attack:promoted:demoted=955
[guards @ 39700 decisions] guards_ran=9540  threat_obs_computed=8864  threat_obs_nonzero=8864  priority_block_prior:demoted=8057  dominated_attack=959  dominated_attack:promoted:demoted=959
[guards @ 39750 decisions] guards_ran=9590  threat_obs_computed=8909  threat_obs_nonzero=8909  priority_block_prior:demoted=8111  dominated_attack=959  dominated_attack:promoted:demoted=959
[guards @ 39800 decisions] guards_ran=9640  threat_obs_computed=8955  threat_obs_nonzero=8955  priority_block_prior:demoted=8147  dominated_attack=961  dominated_attack:promoted:demoted=961
[guards @ 39850 decisions] guards_ran=9690  threat_obs_computed=9001  threat_obs_nonzero=9001  priority_block_prior:demoted=8201  dominated_attack=962  dominated_attack:promoted:demoted=962
[guards @ 39900 decisions] guards_ran=9740  threat_obs_computed=9048  threat_obs_nonzero=9048  priority_block_prior:demoted=8237  dominated_attack=967  dominated_attack:promoted:demoted=967
[guards @ 39950 decisions] guards_ran=9790  threat_obs_computed=9095  threat_obs_nonzero=9095  priority_block_prior:demoted=8273  dominated_attack=970  dominated_attack:promoted:demoted=970
[guards @ 40000 decisions] guards_ran=9840  threat_obs_computed=9139  threat_obs_nonzero=9139  priority_block_prior:demoted=8327  dominated_attack=973  dominated_attack:promoted:demoted=973
[guards @ 40050 decisions] guards_ran=9890  threat_obs_computed=9184  threat_obs_nonzero=9184  priority_block_prior:demoted=8363  dominated_attack=978  dominated_attack:promoted:demoted=978
[guards @ 40100 decisions] guards_ran=9940  threat_obs_computed=9229  threat_obs_nonzero=9229  priority_block_prior:demoted=8417  dominated_attack=984  dominated_attack:promoted:demoted=984
[guards @ 40150 decisions] guards_ran=9990  threat_obs_computed=9276  threat_obs_nonzero=9276  priority_block_prior:demoted=8453  dominated_attack=988  dominated_attack:promoted:demoted=988
[guards @ 40200 decisions] guards_ran=10040  threat_obs_computed=9322  threat_obs_nonzero=9322  priority_block_prior:demoted=8507  dominated_attack=995  dominated_attack:promoted:demoted=995
[guards @ 40250 decisions] guards_ran=10090  threat_obs_computed=9369  threat_obs_nonzero=9369  priority_block_prior:demoted=8551  dominated_attack=999  dominated_attack:promoted:demoted=999
[guards @ 40300 decisions] guards_ran=10140  threat_obs_computed=9415  threat_obs_nonzero=9415  priority_block_prior:demoted=8587  dominated_attack=1000  dominated_attack:promoted:demoted=1000
[guards @ 40350 decisions] guards_ran=10190  threat_obs_computed=9462  threat_obs_nonzero=9462  priority_block_prior:demoted=8631  dominated_attack=1007  dominated_attack:promoted:demoted=1007
[guards @ 40400 decisions] guards_ran=10240  threat_obs_computed=9507  threat_obs_nonzero=9507  priority_block_prior:demoted=8667  dominated_attack=1011  dominated_attack:promoted:demoted=1011
[guards @ 40450 decisions] guards_ran=10290  threat_obs_computed=9554  threat_obs_nonzero=9554  priority_block_prior:demoted=8721  dominated_attack=1016  dominated_attack:promoted:demoted=1016
[guards @ 40500 decisions] guards_ran=10340  threat_obs_computed=9601  threat_obs_nonzero=9601  priority_block_prior:demoted=8757  dominated_attack=1022  dominated_attack:promoted:demoted=1022
[guards @ 40550 decisions] guards_ran=10390  threat_obs_computed=9648  threat_obs_nonzero=9648  priority_block_prior:demoted=8793  dominated_attack=1028  dominated_attack:promoted:demoted=1028
[guards @ 40600 decisions] guards_ran=10440  threat_obs_computed=9696  threat_obs_nonzero=9696  priority_block_prior:demoted=8829  dominated_attack=1036  dominated_attack:promoted:demoted=1036
[guards @ 40650 decisions] guards_ran=10490  threat_obs_computed=9741  threat_obs_nonzero=9741  priority_block_prior:demoted=8891  dominated_attack=1044  dominated_attack:promoted:demoted=1044
[guards @ 40700 decisions] guards_ran=10540  threat_obs_computed=9786  threat_obs_nonzero=9786  priority_block_prior:demoted=8927  dominated_attack=1045  dominated_attack:promoted:demoted=1045
[guards @ 40750 decisions] guards_ran=10590  threat_obs_computed=9830  threat_obs_nonzero=9830  priority_block_prior:demoted=8981  dominated_attack=1048  dominated_attack:promoted:demoted=1048
[guards @ 40800 decisions] guards_ran=10640  threat_obs_computed=9878  threat_obs_nonzero=9878  priority_block_prior:demoted=9017  dominated_attack=1055  dominated_attack:promoted:demoted=1055
[guards @ 40850 decisions] guards_ran=10690  threat_obs_computed=9925  threat_obs_nonzero=9925  priority_block_prior:demoted=9065  dominated_attack=1059  dominated_attack:promoted:demoted=1059
[guards @ 40900 decisions] guards_ran=10740  threat_obs_computed=9971  threat_obs_nonzero=9971  priority_block_prior:demoted=9089  dominated_attack=1066  dominated_attack:promoted:demoted=1066
block hidden=True a_first=False: A 234.0/500; running A 48.6% [46.5, 50.8]
{
  "games": 2000,
  "a_wins": 973.0,
  "ties": 0,
  "a_win_rate": 0.4865,
  "wilson_95": [
    0.4646413962804145,
    0.5084103658947994
  ],
  "guard_changed_actions_per_game": 0.786,
  "verdict": "inconclusive",
  "complete": true
}
[10-03 21:40:46] END rc=0
[10-03 21:40:46] START .venv/bin/python evaluation/run_guard_ab.py --guards wasted_fake_out,throat_chop_main_threat,hp_move_after_spread --without-arm results_guard_ab_threat_first2 --output results_guard_ab_rare_trio
[10-03 22:25:10] END rc=0
[10-03 22:25:12] START .venv/bin/python evaluation/review1003_gate.py guards results_guard_ab_rare_trio results_mirror_rare_trio wasted_fake_out,throat_chop_main_threat,hp_move_after_spread
results_guard_ab_rare_trio: pooled -0.55pp [-1.14, +0.06], worst population -1.1pp
results_mirror_rare_trio: 48.6% [46.5, 50.8] over 2000 games
wasted_fake_out errors: 0 in 6204 games {}
throat_chop_main_threat errors: 0 in 6204 games {}
hp_move_after_spread errors: 0 in 6204 games {}
PASS
[10-03 22:25:12] END rc=0
[10-03 22:25:12] RARE_TRIO_PASS
[10-03 22:25:12] RARE_TRIO_COMPLETE
